Street_Name,Crash_UP_ID,FID,FID_Austin,STATEFP,COUNTYFP,TRACTCE,BLKGRPCE,GEOID1,GEOID,NAMELSAD,MTFCC,FUNCSTAT,ALAND,AWATER,INTPTLAT,INTPTLON,CrashID,CrashID1,Latitude,Longitude,Unit_Nbr,Prsn_Nbr,Prsn_Type_ID,Prsn_Occpnt_Pos_ID,Prsn_Injry_Sev_ID,Prsn_Age,Prsn_Ethnicity_ID,Prsn_Gndr_ID,Prsn_Ejct_ID,Prsn_Rest_ID,Prsn_Airbag_ID,Prsn_Helmet_ID,Prsn_Sol_Fl,Prsn_Alc_Spec_Type_ID,Prsn_Alc_Rslt_ID,Prsn_Bac_Test_Rslt,Prsn_Drg_Spec_Type_ID,Prsn_Drg_Rslt_ID,Drvr_Drg_Cat_1_ID,Prsn_Death_Date,Prsn_Death_Time,Incap_Injry_Cnt.x,Nonincap_Injry_Cnt.x,Poss_Injry_Cnt.x,Non_Injry_Cnt.x,Unkn_Injry_Cnt.x,Tot_Injry_Cnt.x,Death_Cnt.x,Crash_Fatal_Fl,Cmv_Involv_Fl,Schl_Bus_Fl,Rr_Relat_Fl,Medical_Advisory_Fl,Amend_Supp_Fl,Active_School_Zone_Fl,Crash_Date,Crash_Time,Rpt_CRIS_Cnty_ID,Rpt_City_ID,Rpt_Outside_City_Limit_Fl,Thousand_Damage_Fl,Rpt_Latitude,Rpt_Longitude,Rpt_Rdwy_Sys_ID,Rpt_Hwy_Num,Rpt_Hwy_Sfx,Rpt_Road_Part_ID,Rpt_Block_Num,Rpt_Street_Pfx,Rpt_Street_Name,Rpt_Street_Sfx,Private_Dr_Fl,Toll_Road_Fl,Crash_Speed_Limit,Road_Constr_Zone_Fl,Road_Constr_Zone_Wrkr_Fl,Rpt_Street_Desc,At_Intrsct_Fl,Rpt_Sec_Rdwy_Sys_ID,Rpt_Sec_Hwy_Num,Rpt_Sec_Hwy_Sfx,Rpt_Sec_Road_Part_ID,Rpt_Sec_Block_Num,Rpt_Sec_Street_Pfx,Rpt_Sec_Street_Name,Rpt_Sec_Street_Sfx,Rpt_Ref_Mark_Offset_Amt,Rpt_Ref_Mark_Dist_Uom,Rpt_Ref_Mark_Dir,Rpt_Ref_Mark_Nbr,Rpt_Sec_Street_Desc,Rpt_CrossingNumber,Wthr_Cond_ID,Light_Cond_ID,Entr_Road_ID,Road_Type_ID,Road_Algn_ID,Surf_Cond_ID,Traffic_Cntl_ID,Investigat_Notify_Time,Investigat_Notify_Meth,Investigat_Arrv_Time,Report_Date,Investigat_Comp_Fl,Investigat_Agency_ID,Investigat_Area_ID,Investigat_District_ID,Investigat_Region_ID,Bridge_Detail_ID,Harm_Evnt_ID,Intrsct_Relat_ID,FHE_Collsn_ID,Obj_Struck_ID,Othr_Factr_ID,Road_Part_Adj_ID,Road_Cls_ID,Road_Relat_ID,Phys_Featr_1_ID,Phys_Featr_2_ID,Cnty_ID,City_ID,Latitude.1,Longitude.1,Hwy_Sys,Hwy_Nbr,Hwy_Sfx,Dfo,Street_Nbr,Control,Section,Milepoint,Ref_Mark_Nbr,Ref_Mark_Displ,Hwy_Sys_2,Hwy_Nbr_2,Hwy_Sfx_2,Street_Name_2,Street_Nbr_2,Control_2,Section_2,Milepoint_2,Txdot_Rptable_Fl,Onsys_Fl,Rural_Fl,Crash_Sev_ID,Pop_Group_ID,Located_Fl,Day_of_Week,Hwy_Dsgn_Lane_ID,Hwy_Dsgn_Hrt_ID,Hp_Shldr_Left,Hp_Shldr_Right,Hp_Median_Width,Base_Type_ID,Nbr_Of_Lane,Row_Width_Usual,Roadbed_Width,Surf_Width,Surf_Type_ID,Curb_Type_Left_ID,Curb_Type_Right_ID,Shldr_Type_Left_ID,Shldr_Width_Left,Shldr_Use_Left_ID,Shldr_Type_Right_ID,Shldr_Width_Right,Shldr_Use_Right_ID,Median_Type_ID,Median_Width,Rural_Urban_Type_ID,Func_Sys_ID,Adt_Curnt_Amt,Adt_Curnt_Year,Adt_Adj_Curnt_Amt,Pct_Single_Trk_Adt,Pct_Combo_Trk_Adt,Trk_Aadt_Pct,Curve_Type_ID,Curve_Lngth,Cd_Degr,Delta_Left_Right_ID,Dd_Degr,Feature_Crossed,Structure_Number,I_R_Min_Vert_Clear,Approach_Width,Bridge_Median_ID,Bridge_Loading_Type_ID,Bridge_Loading_In_1000_Lbs,Bridge_Srvc_Type_On_ID,Bridge_Srvc_Type_Under_ID,Culvert_Type_ID,Roadway_Width,Deck_Width,Bridge_Dir_Of_Traffic_ID,Bridge_Rte_Struct_Func_ID,Bridge_IR_Struct_Func_ID,CrossingNumber,RRCo,Poscrossing_ID,WDCode_ID,Standstop,Yield,Incap_Injry_Cnt.y,Nonincap_Injry_Cnt.y,Poss_Injry_Cnt.y,Non_Injry_Cnt.y,Unkn_Injry_Cnt.y,Tot_Injry_Cnt.y,Death_Cnt.y,MPO_ID,Unit_ID,Unit_Prsn_ID,Count,BikePath
BURNET RD,AUS_1280757321,1218,537,48,453,1818,3,4.85E+11,1500US484530018183,Block Group 3,G5030,S,658157,0,30.3577194,-97.7260027,12807573,AUS_12807573,30.35813,-97.73031,2,1,3,16,2,30,1,1,4,11,1,4,N,4,NA,NA,4,97,97,,,0,1,0,0,0,1,0,N,N,N,N,N,N,N,7/14/2012,8:56 AM,227,22,N,Y,NA,NA,19,NA,,1,7900,,BURNET,RD,N,N,45,N,N,,Y,19,NA,,NA,,,MAHONE,AVE,NA,NA,,,,NA,11,1,2,NA,1,1,1,8:56 AM,DISPATCHED,8:58 AM,7/14/2012,Y,74,NA,NA,66,8,5,3,1,64,14,1,5,1,1,21,227,22,30.35813,-97.73031,,NA,NA,NA,7999,NA,NA,NA,NA,NA,,NA,NA,N/A,NA,NA,NA,NA,Y,N,N,2,9,Y,SAT,NA,NA,NA,NA,NA,NA,NA,NA,NA,NA,NA,NA,NA,NA,NA,NA,NA,NA,NA,NA,NA,NA,NA,NA,NA,NA,NA,NA,NA,NA,NA,NA,NA,NA,NA,NA,NA,NA,NA,NA,NA,NA,NA,NA,NA,NA,NA,NA,NA,NA,NA,NA,NA,NA,NA,0,1,0,2,0,1,0,90,128075732,1280757321,21,Yes
BURNET RD,AUS_1327862221,1214,537,48,453,1818,3,4.85E+11,1500US484530018183,Block Group 3,G5030,S,658157,0,30.3577194,-97.7260027,13278622,AUS_13278622,30.35773452,-97.73040819,2,1,3,16,2,39,1,1,4,11,1,2,N,4,NA,NA,4,97,97,,,0,1,0,0,0,1,0,N,N,N,N,N,N,N,5/7/2013,4:25 PM,227,22,N,N,NA,NA,19,NA,,7,7950,,BURNET,RD,N,N,0,N,N,,N,19,NA,,NA,,W,ANDERSON,LN,NA,NA,,,,NA,11,1,98,NA,1,1,1,4:31 PM,DISPATCH,4:37 PM,5/7/2013,Y,74,NA,46,64,8,5,3,1,64,14,1,3,1,32,21,227,22,30.35773452,-97.73040819,,NA,NA,NA,7952,NA,NA,NA,NA,NA,,NA,NA,N/A,NA,NA,NA,NA,Y,N,N,2,9,Y,TUE,NA,NA,NA,NA,NA,NA,NA,NA,NA,NA,NA,NA,NA,NA,NA,NA,NA,NA,NA,NA,NA,NA,NA,NA,NA,NA,NA,NA,NA,NA,NA,NA,NA,NA,NA,NA,NA,NA,NA,NA,NA,NA,NA,NA,NA,NA,NA,NA,NA,NA,NA,NA,NA,NA,NA,0,1,0,1,0,1,0,90,132786222,1327862221,21,Yes
BURNET RD,AUS_1409812121,1246,279,48,453,1817,1,4.85E+11,1500US484530018171,Block Group 1,G5030,S,393758,0,30.3677025,-97.7294557,14098121,AUS_14098121,30.3632,-97.72899,2,1,3,16,3,21,1,2,4,11,1,4,N,4,NA,NA,4,97,97,,,0,0,1,0,0,1,0,N,N,N,N,N,N,N,10/29/2014,1:20 PM,227,22,N,N,NA,NA,19,NA,,1,8300,,BURNET,RD,N,N,40,N,N,,Y,19,NA,,1,2400,,BUELL,AVE,NA,NA,,,,NA,11,1,0,NA,1,1,20,1:26 PM,DISPATCH,1:26 PM,10/29/2014,Y,74,NA,46,64,8,5,1,2,64,3,1,5,1,21,21,227,22,30.3632,-97.72899,,NA,NA,NA,8301,NA,NA,NA,NA,NA,,NA,NA,BUELL AVE,NA,NA,NA,NA,Y,N,N,3,9,Y,WED,NA,NA,NA,NA,NA,NA,NA,NA,NA,NA,NA,NA,NA,NA,NA,NA,NA,NA,NA,NA,NA,NA,NA,NA,NA,NA,NA,NA,NA,NA,NA,NA,NA,NA,NA,NA,NA,NA,NA,NA,NA,NA,NA,NA,NA,NA,NA,NA,NA,NA,NA,NA,NA,NA,NA,0,0,1,1,0,1,0,90,140981212,1409812121,21,Yes
BURNET RD,AUS_1317340821,1249,279,48,453,1817,1,4.85E+11,1500US484530018171,Block Group 1,G5030,S,393758,0,30.3677025,-97.7294557,13173408,AUS_13173408,30.36491717,-97.72853943,2,1,3,16,2,19,2,1,4,11,1,4,N,4,NA,NA,4,97,97,,,0,1,0,0,0,1,0,N,N,N,N,N,N,N,3/4/2013,7:44 PM,227,22,N,N,NA,NA,19,NA,,1,8500,,BURNET,RD,N,N,0,N,N,,N,19,NA,,NA,,,RESEARCH SVRD SB,,NA,NA,,,,NA,11,4,2,NA,1,1,20,7:45 PM,DISPATCH,7:55 PM,3/4/2013,Y,74,NA,46,64,8,5,3,1,64,14,1,5,1,32,21,227,22,30.36491717,-97.72853943,,NA,NA,NA,8405,NA,NA,NA,NA,NA,,NA,NA,N/A,NA,NA,NA,NA,Y,N,N,2,9,Y,MON,NA,NA,NA,NA,NA,NA,NA,NA,NA,NA,NA,NA,NA,NA,NA,NA,NA,NA,NA,NA,NA,NA,NA,NA,NA,NA,NA,NA,NA,NA,NA,NA,NA,NA,NA,NA,NA,NA,NA,NA,NA,NA,NA,NA,NA,NA,NA,NA,NA,NA,NA,NA,NA,NA,NA,0,1,0,1,0,1,0,90,131734082,1317340821,21,Yes
BURNET RD,AUS_1365248421,1395,389,48,453,1847,2,4.85E+11,1500US484530018472,Block Group 2,G5030,S,2279583,0,30.4292348,-97.6892067,13652484,AUS_13652484,30.44017408,-97.69783037,2,1,3,16,3,35,2,1,4,11,1,97,N,4,NA,NA,4,97,97,,,0,0,1,0,0,1,0,N,N,N,N,N,N,N,10/23/2013,8:52 AM,227,22,N,N,NA,NA,19,NA,,1,13800,,BURNET,RD,N,N,45,N,N,,N,19,NA,,NA,,,WELLS BRANCH,PKWY,NA,NA,,,,NA,11,1,0,NA,1,1,5,8:53 AM,DISPATCH,8:59 AM,10/23/2013,Y,74,NA,46,64,8,5,2,1,64,54,1,2,1,21,21,227,22,30.44017408,-97.69783037,,NA,NA,NA,NA,NA,NA,NA,NA,NA,,NA,NA,WELLS BRANCH PKY W,NA,NA,NA,NA,Y,N,N,3,9,Y,WED,NA,NA,NA,NA,NA,NA,NA,NA,NA,NA,NA,NA,NA,NA,NA,NA,NA,NA,NA,NA,NA,NA,NA,NA,NA,NA,NA,NA,NA,NA,NA,NA,NA,NA,NA,NA,NA,NA,NA,NA,NA,NA,NA,NA,NA,NA,NA,NA,NA,NA,NA,NA,NA,NA,NA,0,0,1,1,0,1,0,90,136524842,1365248421,21,Yes
BURNET RD,AUS_1283498321,1147,33,48,453,206,3,4.85E+11,1500US484530002063,Block Group 3,G5030,S,339642,0,30.3280577,-97.7412586,12834983,AUS_12834983,30.32782,-97.73976,2,1,3,16,2,29,1,2,4,11,1,2,N,4,NA,NA,4,97,97,,,0,1,0,0,0,1,0,N,N,N,N,N,N,N,7/1/2012,9:31 AM,227,22,N,N,NA,NA,19,NA,,1,5400,,BURNET,RD,N,N,45,N,N,,Y,19,NA,,NA,5400,,CLAY,AVE,NA,NA,,,,NA,2,1,0,NA,8,2,8,9:31 AM,DISPATCHED,9:36 AM,7/1/2012,Y,74,NA,201,86,8,5,1,1,64,54,1,5,1,21,21,227,22,30.32782,-97.73976,,NA,NA,NA,5355,NA,NA,NA,NA,NA,,NA,NA,CLAY AVE,NA,NA,NA,NA,Y,N,N,2,9,Y,SUN,NA,NA,NA,NA,NA,NA,NA,NA,NA,NA,NA,NA,NA,NA,NA,NA,NA,NA,NA,NA,NA,NA,NA,NA,NA,NA,NA,NA,NA,NA,NA,NA,NA,NA,NA,NA,NA,NA,NA,NA,NA,NA,NA,NA,NA,NA,NA,NA,NA,NA,NA,NA,NA,NA,NA,0,1,0,3,0,1,0,90,128349832,1283498321,21,Yes
BURNET RD,AUS_1417912321,1112,335,48,453,206,1,4.85E+11,1500US484530002061,Block Group 1,G5030,S,594006,0,30.3202718,-97.7435217,14179123,AUS_14179123,30.32199,-97.73934,2,1,3,16,2,23,1,1,4,11,1,4,N,4,NA,NA,4,97,97,,,0,1,0,0,0,1,0,N,N,N,N,N,N,N,12/16/2014,8:33 PM,227,22,N,N,NA,NA,19,NA,,1,5000,,BURNET,RD,N,N,35,N,N,,Y,19,NA,,1,2100,,HANCOCK,DR,NA,NA,,,,NA,11,4,2,NA,2,1,5,8:34 PM,DISPATCH,8:37 PM,12/16/2014,Y,74,1061,10,14,8,5,1,1,64,54,1,5,1,21,21,227,22,30.32199,-97.73934,,NA,NA,NA,5011,NA,NA,NA,NA,NA,,NA,NA,HANCOCK DR,NA,NA,NA,NA,Y,N,N,2,9,Y,TUE,NA,NA,NA,NA,NA,NA,NA,NA,NA,NA,NA,NA,NA,NA,NA,NA,NA,NA,NA,NA,NA,NA,NA,NA,NA,NA,NA,NA,NA,NA,NA,NA,NA,NA,NA,NA,NA,NA,NA,NA,NA,NA,NA,NA,NA,NA,NA,NA,NA,NA,NA,NA,NA,NA,NA,0,1,0,0,0,1,0,90,141791232,1417912321,21,Yes
BURNET RD,AUS_1211036411,1143,33,48,453,206,3,4.85E+11,1500US484530002063,Block Group 3,G5030,S,339642,0,30.3280577,-97.7412586,12110364,AUS_12110364,30.32757981,-97.73974431,1,1,3,16,2,22,2,1,4,11,1,4,N,4,NA,NA,4,97,97,,,0,1,0,0,0,1,0,N,N,N,N,N,N,N,6/5/2011,6:44 PM,227,22,N,Y,NA,NA,4,1325,,1,5700,,BURNET,RD,N,N,35,N,N,,N,4,2222,,1,2000,W,KOENIG,LN,NA,NA,,,,NA,12,1,0,NA,2,1,20,6:44 PM,DISPATCHED,6:50 PM,6/5/2011,Y,74,NA,NA,NA,8,5,4,1,64,54,1,2,1,21,21,227,22,30.32757981,-97.73974431,,NA,NA,NA,5348,NA,NA,NA,NA,NA,,NA,NA,N/A,NA,NA,NA,NA,Y,N,N,2,9,Y,SUN,NA,NA,NA,NA,NA,NA,NA,NA,NA,NA,NA,NA,NA,NA,NA,NA,NA,NA,NA,NA,NA,NA,NA,NA,NA,NA,NA,NA,NA,NA,NA,NA,NA,NA,NA,NA,NA,NA,NA,NA,NA,NA,NA,NA,NA,NA,NA,NA,NA,NA,NA,NA,NA,NA,NA,0,1,0,2,0,1,0,90,121103641,1211036411,21,Yes
BURNET RD,AUS_1445942221,1230,537,48,453,1818,3,4.85E+11,1500US484530018183,Block Group 3,G5030,S,658157,0,30.3577194,-97.7260027,14459422,AUS_14459422,30.36137936,-97.72945924,2,1,3,16,3,NA,0,2,4,11,1,5,N,4,NA,NA,4,97,97,,,0,0,1,0,0,1,0,N,N,N,N,N,N,N,5/14/2015,9:43 PM,227,22,N,Y,NA,NA,19,NA,,1,8200,,BURNET,RD,N,N,30,N,N,,N,19,NA,,1,,,STECK,AVE,NA,NA,,,,NA,11,4,0,NA,1,1,20,9:43 PM,DISPATCH,9:53 PM,5/14/2015,Y,74,NA,NA,10,8,5,3,3,64,13,1,5,1,32,21,227,22,30.36137936,-97.72945924,,NA,NA,NA,8190,NA,NA,NA,NA,NA,,NA,NA,N/A,NA,NA,NA,NA,Y,N,N,3,9,Y,THU,NA,NA,NA,NA,NA,NA,NA,NA,NA,NA,NA,NA,NA,NA,NA,NA,NA,NA,NA,NA,NA,NA,NA,NA,NA,NA,NA,NA,NA,NA,NA,NA,NA,NA,NA,NA,NA,NA,NA,NA,NA,NA,NA,NA,NA,NA,NA,NA,NA,NA,NA,NA,NA,NA,NA,0,0,1,1,0,1,0,90,NA,NA,21,Yes
BURNET RD,AUS_1214372911,1207,295,48,453,1504,3,4.85E+11,1500US484530015043,Block Group 3,G5030,S,701570,0,30.3510587,-97.7281059,12143729,AUS_12143729,30.35576416,-97.73107037,1,1,3,16,2,26,1,1,4,11,1,2,N,4,NA,NA,4,97,97,,,0,1,0,0,0,1,0,N,N,N,N,N,N,N,3/9/2011,8:07 PM,227,22,N,Y,NA,NA,19,NA,,1,7800,,BURNETT,RD,N,N,40,N,N,,N,19,NA,,1,2900,W,ANDERSON,LN,NA,NA,,,,NA,11,4,0,NA,1,1,1,8:07 PM,DISPATCHED,8:15 PM,3/9/2011,Y,74,NA,46,64,8,5,3,1,64,14,1,5,1,32,21,227,22,30.35576416,-97.73107037,,NA,NA,NA,7848,NA,NA,NA,NA,NA,,NA,NA,N/A,NA,NA,NA,NA,Y,N,N,2,9,Y,WED,NA,NA,NA,NA,NA,NA,NA,NA,NA,NA,NA,NA,NA,NA,NA,NA,NA,NA,NA,NA,NA,NA,NA,NA,NA,NA,NA,NA,NA,NA,NA,NA,NA,NA,NA,NA,NA,NA,NA,NA,NA,NA,NA,NA,NA,NA,NA,NA,NA,NA,NA,NA,NA,NA,NA,0,1,0,1,0,1,0,90,121437291,1214372911,21,Yes
BURNET RD,AUS_1412976221,1211,537,48,453,1818,3,4.85E+11,1500US484530018183,Block Group 3,G5030,S,658157,0,30.3577194,-97.7260027,14129762,AUS_14129762,30.35726338,-97.7305311,2,1,3,16,1,31,1,2,4,11,1,4,N,4,NA,NA,4,97,97,,,1,0,0,0,0,1,0,N,N,N,N,N,N,N,11/16/2014,12:28 PM,227,22,N,Y,NA,NA,19,NA,,1,8100,,BURNET,RD,N,N,40,N,N,,N,19,NA,,NA,,,ASHDALE,DR,NA,NA,,,,NA,12,1,0,NA,1,2,20,12:32 PM,DISPATCH,12:34 PM,11/16/2014,Y,74,NA,46,64,8,5,3,2,64,13,1,5,1,32,21,227,22,30.35726338,-97.7305311,,NA,NA,NA,7931,NA,NA,NA,NA,NA,,NA,NA,N/A,NA,NA,NA,NA,Y,N,N,1,9,Y,SUN,NA,NA,NA,NA,NA,NA,NA,NA,NA,NA,NA,NA,NA,NA,NA,NA,NA,NA,NA,NA,NA,NA,NA,NA,NA,NA,NA,NA,NA,NA,NA,NA,NA,NA,NA,NA,NA,NA,NA,NA,NA,NA,NA,NA,NA,NA,NA,NA,NA,NA,NA,NA,NA,NA,NA,1,0,0,1,0,1,0,90,141297622,1412976221,21,Yes
BURNET RD,AUS_1285043321,1191,573,48,453,1504,4,4.85E+11,1500US484530015044,Block Group 4,G5030,S,705448,0,30.3455485,-97.7307572,12850433,AUS_12850433,30.34836214,-97.73567425,2,1,3,16,2,24,1,1,4,11,1,4,N,4,NA,NA,4,97,97,,,0,1,0,0,0,1,0,N,N,N,N,N,N,N,8/17/2012,12:01 AM,227,22,N,N,NA,NA,19,NA,,1,7200,,BURNET,RD,N,N,0,N,N,,N,19,NA,,NA,2400,,GREEN LAWN,PKWY,NA,NA,,,,NA,11,6,0,NA,1,1,20,12:01 AM,DISPATCH,12:05 AM,8/17/2012,Y,74,NA,84,95,8,5,4,1,64,54,1,5,1,21,21,227,22,30.34836214,-97.73567425,,NA,NA,NA,7224,NA,NA,NA,NA,NA,,NA,NA,N/A,NA,NA,NA,NA,Y,N,N,2,9,Y,FRI,NA,NA,NA,NA,NA,NA,NA,NA,NA,NA,NA,NA,NA,NA,NA,NA,NA,NA,NA,NA,NA,NA,NA,NA,NA,NA,NA,NA,NA,NA,NA,NA,NA,NA,NA,NA,NA,NA,NA,NA,NA,NA,NA,NA,NA,NA,NA,NA,NA,NA,NA,NA,NA,NA,NA,0,1,0,1,0,1,0,90,128504332,1285043321,21,Yes
BURNET RD,AUS_1224825821,1311,147,48,453,1849,1,4.85E+11,1500US484530018491,Block Group 1,G5030,S,5102991,0,30.3912707,-97.7232055,12248258,AUS_12248258,30.39191108,-97.72158006,2,1,3,16,1,34,1,2,4,11,1,4,N,4,NA,NA,4,97,97,,,1,0,0,0,0,1,0,N,N,N,N,N,N,N,8/31/2011,11:30 PM,227,22,N,N,NA,NA,19,NA,,1,10704,,BURNET,RD,N,N,0,N,N,,N,19,NA,,1,,W,BRAKER,LN,NA,NA,,,,NA,11,3,0,NA,1,1,1,11:30 PM,FLAGGED DOWN,11:30 PM,9/1/2011,Y,74,NA,8,98,8,5,4,1,64,54,1,3,1,21,21,227,22,30.39191108,-97.72158006,,NA,NA,NA,10707,NA,NA,NA,NA,NA,,NA,NA,N/A,NA,NA,NA,NA,Y,N,N,1,9,Y,WED,NA,NA,NA,NA,NA,NA,NA,NA,NA,NA,NA,NA,NA,NA,NA,NA,NA,NA,NA,NA,NA,NA,NA,NA,NA,NA,NA,NA,NA,NA,NA,NA,NA,NA,NA,NA,NA,NA,NA,NA,NA,NA,NA,NA,NA,NA,NA,NA,NA,NA,NA,NA,NA,NA,NA,1,0,0,0,1,1,0,90,122482582,1224825821,21,Yes
CONGRESS AVE,AUS_1325705311,646,433,48,453,1100,1,4.85E+11,1500US484530011001,Block Group 1,G5030,S,2044061,66635,30.2687002,-97.7433003,13257053,AUS_13257053,30.26912985,-97.74241918,1,1,3,16,2,24,1,2,4,11,1,4,N,4,NA,NA,4,97,97,,,0,1,0,0,0,1,0,N,N,N,N,N,N,N,4/26/2013,3:40 PM,227,22,N,N,NA,NA,19,NA,,1,700,,CONGRESS,AVE,N,N,25,N,N,,N,19,NA,,NA,,E,7TH,ST,NA,NA,,,,NA,11,1,0,NA,1,1,5,3:42 PM,DISPATCHED,3:44 PM,4/26/2013,Y,74,22,131,411,8,5,2,1,64,3,1,5,1,21,21,227,22,30.26912985,-97.74241918,,NA,NA,NA,715,NA,NA,NA,NA,NA,,NA,NA,W 7TH ST,NA,NA,NA,NA,Y,N,N,2,9,Y,FRI,NA,NA,NA,NA,NA,NA,NA,NA,NA,NA,NA,NA,NA,NA,NA,NA,NA,NA,NA,NA,NA,NA,NA,NA,NA,NA,NA,NA,NA,NA,NA,NA,NA,NA,NA,NA,NA,NA,NA,NA,NA,NA,NA,NA,NA,NA,NA,NA,NA,NA,NA,NA,NA,NA,NA,0,1,0,1,0,1,0,90,132570531,1325705311,26,Yes
CONGRESS AVE,AUS_1229152321,629,433,48,453,1100,1,4.85E+11,1500US484530011001,Block Group 1,G5030,S,2044061,66635,30.2687002,-97.7433003,12291523,AUS_12291523,30.26806,-97.74282,2,1,3,16,2,24,1,2,4,11,1,2,N,4,NA,NA,4,97,97,,,0,1,0,0,0,1,0,N,Y,N,N,N,N,N,9/24/2011,9:45 AM,227,22,N,N,NA,NA,19,NA,,1,600,N,CONGRESS,AVE,N,N,0,N,N,,Y,19,NA,,NA,100,E,CONGRESS,AVE,NA,NA,,,,NA,11,1,0,NA,1,1,5,9:44 AM,CAD,9:50 AM,9/24/2011,Y,74,NA,NA,358,8,5,1,1,64,54,1,5,1,21,21,227,22,30.26806,-97.74282,,NA,NA,NA,600,NA,NA,NA,NA,NA,,NA,NA,UNKNOWN,NA,NA,NA,NA,Y,N,N,2,9,Y,SAT,NA,NA,NA,NA,NA,NA,NA,NA,NA,NA,NA,NA,NA,NA,NA,NA,NA,NA,NA,NA,NA,NA,NA,NA,NA,NA,NA,NA,NA,NA,NA,NA,NA,NA,NA,NA,NA,NA,NA,NA,NA,NA,NA,NA,NA,NA,NA,NA,NA,NA,NA,NA,NA,NA,NA,0,1,0,4,0,1,0,90,122915232,1229152321,26,Yes
CONGRESS AVE,AUS_1455771121,627,433,48,453,1100,1,4.85E+11,1500US484530011001,Block Group 1,G5030,S,2044061,66635,30.2687002,-97.7433003,14557711,AUS_14557711,30.26805478,-97.74281246,2,1,3,16,5,21,1,1,4,11,1,2,N,4,NA,NA,4,97,97,,,0,0,0,1,0,0,0,N,N,N,N,N,N,N,7/17/2015,6:56 PM,227,22,N,N,NA,NA,19,NA,,1,600,N,CONGRESS,AVE,N,N,35,N,N,,Y,19,NA,,1,,W,6TH,ST,NA,NA,,,,NA,11,1,4,NA,1,1,5,6:56 PM,DISPATCH,6:57 PM,7/17/2015,Y,74,NA,NA,67,8,5,1,3,64,54,1,5,1,21,21,227,22,30.26805478,-97.74281246,,NA,NA,NA,599,NA,NA,NA,NA,NA,,NA,NA,W 6TH ST,NA,NA,NA,NA,N,N,N,5,9,Y,FRI,NA,NA,NA,NA,NA,NA,NA,NA,NA,NA,NA,NA,NA,NA,NA,NA,NA,NA,NA,NA,NA,NA,NA,NA,NA,NA,NA,NA,NA,NA,NA,NA,NA,NA,NA,NA,NA,NA,NA,NA,NA,NA,NA,NA,NA,NA,NA,NA,NA,NA,NA,NA,NA,NA,NA,0,0,0,4,0,0,0,90,NA,NA,26,Yes
CONGRESS AVE,AUS_1306399621,665,433,48,453,1100,1,4.85E+11,1500US484530011001,Block Group 1,G5030,S,2044061,66635,30.2687002,-97.7433003,13063996,AUS_13063996,30.26992,-97.74211,2,1,3,16,2,22,1,1,4,11,1,4,N,4,NA,NA,4,97,97,,,0,1,0,0,0,1,0,N,N,N,N,N,N,N,10/15/2012,2:17 PM,227,22,N,N,NA,NA,19,NA,,1,NA,,CONGRESS,AVE,N,N,35,N,N,,Y,19,NA,,NA,,W,8TH,ST,NA,NA,,,,NA,11,1,4,NA,1,1,5,2:17 PM,DISPATCHED,2:25 PM,10/15/2012,Y,74,1,115,144,8,5,1,3,64,3,1,5,1,21,21,227,22,30.26992,-97.74211,,NA,NA,NA,801,NA,NA,NA,NA,NA,,NA,NA,W 8TH ST,NA,NA,NA,NA,Y,N,N,2,9,Y,MON,NA,NA,NA,NA,NA,NA,NA,NA,NA,NA,NA,NA,NA,NA,NA,NA,NA,NA,NA,NA,NA,NA,NA,NA,NA,NA,NA,NA,NA,NA,NA,NA,NA,NA,NA,NA,NA,NA,NA,NA,NA,NA,NA,NA,NA,NA,NA,NA,NA,NA,NA,NA,NA,NA,NA,0,1,0,1,0,1,0,90,130639962,1306399621,26,Yes
CONGRESS AVE,AUS_1232846821,536,433,48,453,1100,1,4.85E+11,1500US484530011001,Block Group 1,G5030,S,2044061,66635,30.2687002,-97.7433003,12328468,AUS_12328468,30.2643,-97.74421,2,1,3,16,2,28,1,1,4,11,1,4,N,4,NA,NA,4,97,97,,,0,1,0,0,0,1,0,N,N,N,N,N,N,N,9/2/2011,2:16 AM,227,22,N,N,NA,NA,19,NA,,1,NA,S,CONGRESS,AVE,N,N,35,N,N,,Y,19,NA,,NA,,,2ND,ST,NA,NA,,,,NA,11,4,2,NA,1,1,5,10:37 PM,DISPATCH,10:40 PM,9/2/2011,N,74,42,93,112,8,5,1,1,64,54,1,5,1,21,21,227,22,30.2643,-97.74421,,NA,NA,NA,199,NA,NA,NA,NA,NA,,NA,NA,W 2ND ST,NA,NA,NA,NA,Y,N,N,2,9,Y,FRI,NA,NA,NA,NA,NA,NA,NA,NA,NA,NA,NA,NA,NA,NA,NA,NA,NA,NA,NA,NA,NA,NA,NA,NA,NA,NA,NA,NA,NA,NA,NA,NA,NA,NA,NA,NA,NA,NA,NA,NA,NA,NA,NA,NA,NA,NA,NA,NA,NA,NA,NA,NA,NA,NA,NA,0,1,0,0,4,1,0,90,123284682,1232846821,26,Yes