Street_Name,Crash_UP_ID,FID,FID_Austin,STATEFP,COUNTYFP,TRACTCE,BLKGRPCE,GEOID1,GEOID,NAMELSAD,MTFCC,FUNCSTAT,ALAND,AWATER,INTPTLAT,INTPTLON,CrashID,CrashID1,Latitude,Longitude,Unit_Nbr,Prsn_Nbr,Prsn_Type_ID,Prsn_Occpnt_Pos_ID,Prsn_Injry_Sev_ID,Prsn_Age,Prsn_Ethnicity_ID,Prsn_Gndr_ID,Prsn_Ejct_ID,Prsn_Rest_ID,Prsn_Airbag_ID,Prsn_Helmet_ID,Prsn_Sol_Fl,Prsn_Alc_Spec_Type_ID,Prsn_Alc_Rslt_ID,Prsn_Bac_Test_Rslt,Prsn_Drg_Spec_Type_ID,Prsn_Drg_Rslt_ID,Drvr_Drg_Cat_1_ID,Prsn_Death_Date,Prsn_Death_Time,Incap_Injry_Cnt.x,Nonincap_Injry_Cnt.x,Poss_Injry_Cnt.x,Non_Injry_Cnt.x,Unkn_Injry_Cnt.x,Tot_Injry_Cnt.x,Death_Cnt.x,Crash_Fatal_Fl,Cmv_Involv_Fl,Schl_Bus_Fl,Rr_Relat_Fl,Medical_Advisory_Fl,Amend_Supp_Fl,Active_School_Zone_Fl,Crash_Date,Crash_Time,Rpt_CRIS_Cnty_ID,Rpt_City_ID,Rpt_Outside_City_Limit_Fl,Thousand_Damage_Fl,Rpt_Latitude,Rpt_Longitude,Rpt_Rdwy_Sys_ID,Rpt_Hwy_Num,Rpt_Hwy_Sfx,Rpt_Road_Part_ID,Rpt_Block_Num,Rpt_Street_Pfx,Rpt_Street_Name,Rpt_Street_Sfx,Private_Dr_Fl,Toll_Road_Fl,Crash_Speed_Limit,Road_Constr_Zone_Fl,Road_Constr_Zone_Wrkr_Fl,Rpt_Street_Desc,At_Intrsct_Fl,Rpt_Sec_Rdwy_Sys_ID,Rpt_Sec_Hwy_Num,Rpt_Sec_Hwy_Sfx,Rpt_Sec_Road_Part_ID,Rpt_Sec_Block_Num,Rpt_Sec_Street_Pfx,Rpt_Sec_Street_Name,Rpt_Sec_Street_Sfx,Rpt_Ref_Mark_Offset_Amt,Rpt_Ref_Mark_Dist_Uom,Rpt_Ref_Mark_Dir,Rpt_Ref_Mark_Nbr,Rpt_Sec_Street_Desc,Rpt_CrossingNumber,Wthr_Cond_ID,Light_Cond_ID,Entr_Road_ID,Road_Type_ID,Road_Algn_ID,Surf_Cond_ID,Traffic_Cntl_ID,Investigat_Notify_Time,Investigat_Notify_Meth,Investigat_Arrv_Time,Report_Date,Investigat_Comp_Fl,Investigat_Agency_ID,Investigat_Area_ID,Investigat_District_ID,Investigat_Region_ID,Bridge_Detail_ID,Harm_Evnt_ID,Intrsct_Relat_ID,FHE_Collsn_ID,Obj_Struck_ID,Othr_Factr_ID,Road_Part_Adj_ID,Road_Cls_ID,Road_Relat_ID,Phys_Featr_1_ID,Phys_Featr_2_ID,Cnty_ID,City_ID,Latitude.1,Longitude.1,Hwy_Sys,Hwy_Nbr,Hwy_Sfx,Dfo,Street_Nbr,Control,Section,Milepoint,Ref_Mark_Nbr,Ref_Mark_Displ,Hwy_Sys_2,Hwy_Nbr_2,Hwy_Sfx_2,Street_Name_2,Street_Nbr_2,Control_2,Section_2,Milepoint_2,Txdot_Rptable_Fl,Onsys_Fl,Rural_Fl,Crash_Sev_ID,Pop_Group_ID,Located_Fl,Day_of_Week,Hwy_Dsgn_Lane_ID,Hwy_Dsgn_Hrt_ID,Hp_Shldr_Left,Hp_Shldr_Right,Hp_Median_Width,Base_Type_ID,Nbr_Of_Lane,Row_Width_Usual,Roadbed_Width,Surf_Width,Surf_Type_ID,Curb_Type_Left_ID,Curb_Type_Right_ID,Shldr_Type_Left_ID,Shldr_Width_Left,Shldr_Use_Left_ID,Shldr_Type_Right_ID,Shldr_Width_Right,Shldr_Use_Right_ID,Median_Type_ID,Median_Width,Rural_Urban_Type_ID,Func_Sys_ID,Adt_Curnt_Amt,Adt_Curnt_Year,Adt_Adj_Curnt_Amt,Pct_Single_Trk_Adt,Pct_Combo_Trk_Adt,Trk_Aadt_Pct,Curve_Type_ID,Curve_Lngth,Cd_Degr,Delta_Left_Right_ID,Dd_Degr,Feature_Crossed,Structure_Number,I_R_Min_Vert_Clear,Approach_Width,Bridge_Median_ID,Bridge_Loading_Type_ID,Bridge_Loading_In_1000_Lbs,Bridge_Srvc_Type_On_ID,Bridge_Srvc_Type_Under_ID,Culvert_Type_ID,Roadway_Width,Deck_Width,Bridge_Dir_Of_Traffic_ID,Bridge_Rte_Struct_Func_ID,Bridge_IR_Struct_Func_ID,CrossingNumber,RRCo,Poscrossing_ID,WDCode_ID,Standstop,Yield,Incap_Injry_Cnt.y,Nonincap_Injry_Cnt.y,Poss_Injry_Cnt.y,Non_Injry_Cnt.y,Unkn_Injry_Cnt.y,Tot_Injry_Cnt.y,Death_Cnt.y,MPO_ID,Unit_ID,Unit_Prsn_ID,Count,BikePath
E 51ST ST,AUS_1314610621,1061,380,48,453,304,1,4.85E+11,1500US484530003041,Block Group 1,G5030,S,592215,0,30.3082262,-97.7144996,13146106,AUS_13146106,30.31119,-97.71339,2,1,3,16,3,33,1,1,4,11,1,1,N,4,NA,NA,4,97,97,,,0,0,1,0,0,1,0,N,N,N,N,N,N,N,2/12/2013,5:26 PM,227,22,N,N,NA,NA,19,NA,,1,900,E,51ST,ST,N,N,30,N,N,,Y,19,NA,,NA,5100,,BENNETT,,NA,NA,,,,NA,11,1,98,NA,1,1,8,5:26 PM,DISPATCHED,5:30 PM,2/12/2013,Y,74,NA,75,95,8,5,1,1,64,54,1,5,1,21,21,227,22,30.31119,-97.71339,,NA,NA,NA,924,NA,NA,NA,NA,NA,,NA,NA,BENNETT AVE,NA,NA,NA,NA,Y,N,N,3,9,Y,TUE,NA,NA,NA,NA,NA,NA,NA,NA,NA,NA,NA,NA,NA,NA,NA,NA,NA,NA,NA,NA,NA,NA,NA,NA,NA,NA,NA,NA,NA,NA,NA,NA,NA,NA,NA,NA,NA,NA,NA,NA,NA,NA,NA,NA,NA,NA,NA,NA,NA,NA,NA,NA,NA,NA,NA,0,0,1,1,0,1,0,90,131461062,1314610621,11,Yes
E 51ST ST,AUS_1189691121,1006,66,48,453,306,1,4.85E+11,1500US484530003061,Block Group 1,G5030,S,3371879,0,30.2971559,-97.7002732,11896911,AUS_11896911,30.30411543,-97.69933315,2,1,3,16,2,29,1,1,4,11,1,4,N,4,NA,NA,4,97,97,,,0,1,0,0,0,1,0,N,N,N,N,N,N,N,1/28/2011,7:07 PM,227,22,N,Y,NA,NA,19,NA,,1,1600,E,51ST,ST,N,N,40,N,N,,N,19,NA,,1,,,BERKMAN,DR,NA,NA,,,,NA,11,3,2,NA,1,1,16,7:07 PM,DISPATCHED,7:16 PM,1/28/2011,Y,74,NA,34,48,8,5,4,1,64,54,1,5,1,21,21,227,22,30.30411543,-97.69933315,,NA,NA,NA,1677,NA,NA,NA,NA,NA,,NA,NA,N/A,NA,NA,NA,NA,Y,N,N,2,9,Y,FRI,NA,NA,NA,NA,NA,NA,NA,NA,NA,NA,NA,NA,NA,NA,NA,NA,NA,NA,NA,NA,NA,NA,NA,NA,NA,NA,NA,NA,NA,NA,NA,NA,NA,NA,NA,NA,NA,NA,NA,NA,NA,NA,NA,NA,NA,NA,NA,NA,NA,NA,NA,NA,NA,NA,NA,0,1,1,2,0,2,0,90,118969112,1189691121,11,Yes
E 51ST ST,AUS_1352242021,1040,297,48,453,2105,1,4.85E+11,1500US484530021051,Block Group 1,G5030,S,525567,0,30.3085319,-97.7034163,13522420,AUS_13522420,30.30794162,-97.70740123,2,1,3,16,2,32,1,1,4,11,1,4,N,4,NA,NA,4,97,97,,,0,1,0,0,0,1,0,N,N,N,N,N,N,N,9/17/2013,9:00 AM,227,22,N,N,NA,NA,19,NA,,1,1200,E,51ST,ST,N,N,40,N,N,,N,19,NA,,NA,,,LANCASTER,DR,NA,NA,,,,NA,11,1,0,NA,1,1,1,9:00 AM,DISPATCH,9:06 AM,9/17/2013,Y,74,NA,121,95,8,5,3,2,64,13,1,5,2,32,21,227,22,30.30794162,-97.70740123,,NA,NA,NA,1209,NA,NA,NA,NA,NA,,NA,NA,N/A,NA,NA,NA,NA,Y,N,N,2,9,Y,TUE,NA,NA,NA,NA,NA,NA,NA,NA,NA,NA,NA,NA,NA,NA,NA,NA,NA,NA,NA,NA,NA,NA,NA,NA,NA,NA,NA,NA,NA,NA,NA,NA,NA,NA,NA,NA,NA,NA,NA,NA,NA,NA,NA,NA,NA,NA,NA,NA,NA,NA,NA,NA,NA,NA,NA,0,1,0,1,0,1,0,90,135224202,1352242021,11,Yes
E 51ST ST,AUS_1428731921,1070,380,48,453,304,1,4.85E+11,1500US484530003041,Block Group 1,G5030,S,592215,0,30.3082262,-97.7144996,14287319,AUS_14287319,30.31206477,-97.71535247,2,1,3,16,2,45,1,1,4,11,1,2,N,4,NA,NA,4,97,97,,,0,1,0,0,0,1,0,N,N,N,N,N,N,N,1/23/2015,10:51 AM,227,22,N,Y,NA,NA,19,NA,,1,800,E,51ST,ST,N,N,40,N,N,,Y,19,NA,,1,5100,,AIRPORT,BLVD,NA,NA,,,,NA,2,1,4,NA,1,2,21,10:51 AM,DISPATCH,10:51 AM,1/23/2015,Y,74,NA,NA,10,8,5,1,3,64,54,1,5,1,21,21,227,22,30.31206477,-97.71535247,,NA,NA,NA,804,NA,NA,NA,NA,NA,,NA,NA,AIRPORT BLVD,NA,NA,NA,NA,Y,N,N,2,9,Y,FRI,NA,NA,NA,NA,NA,NA,NA,NA,NA,NA,NA,NA,NA,NA,NA,NA,NA,NA,NA,NA,NA,NA,NA,NA,NA,NA,NA,NA,NA,NA,NA,NA,NA,NA,NA,NA,NA,NA,NA,NA,NA,NA,NA,NA,NA,NA,NA,NA,NA,NA,NA,NA,NA,NA,NA,0,1,0,1,0,1,0,90,NA,NA,11,Yes
E 51ST ST,AUS_1279572621,984,351,48,453,2106,3,4.85E+11,1500US484530021063,Block Group 3,G5030,S,724396,0,30.3057571,-97.6933877,12795726,AUS_12795726,30.30161948,-97.69542771,2,1,3,16,2,33,1,2,4,11,1,5,N,4,NA,NA,4,97,97,,,0,1,0,0,0,1,0,N,N,N,N,N,N,N,7/11/2012,5:43 PM,227,22,N,N,NA,NA,19,NA,,1,1900,E,51ST,ST,N,N,40,N,N,,N,19,NA,,NA,1901,E,51ST,ST,NA,NA,,,,NA,12,1,0,NA,5,1,1,5:44 PM,DISPATCH,5:51 PM,7/11/2012,Y,74,22,34,48,8,5,4,1,64,54,1,5,1,21,21,227,22,30.30161948,-97.69542771,,NA,NA,NA,1900,NA,NA,NA,NA,NA,,NA,NA,N/A,NA,NA,NA,NA,Y,N,N,2,9,Y,WED,NA,NA,NA,NA,NA,NA,NA,NA,NA,NA,NA,NA,NA,NA,NA,NA,NA,NA,NA,NA,NA,NA,NA,NA,NA,NA,NA,NA,NA,NA,NA,NA,NA,NA,NA,NA,NA,NA,NA,NA,NA,NA,NA,NA,NA,NA,NA,NA,NA,NA,NA,NA,NA,NA,NA,0,1,0,1,0,1,0,90,127957262,1279572621,11,Yes
E 51ST ST,AUS_1286527921,1056,380,48,453,304,1,4.85E+11,1500US484530003041,Block Group 1,G5030,S,592215,0,30.3082262,-97.7144996,12865279,AUS_12865279,30.3105,-97.71194,2,1,3,16,2,32,1,1,4,11,1,5,N,4,NA,NA,4,97,97,,,0,1,0,0,0,1,0,N,N,N,N,N,N,N,7/6/2011,8:30 PM,227,22,N,N,NA,NA,19,NA,,1,1000,E,51ST,ST,N,N,35,N,N,,Y,19,NA,,NA,1000,E,51ST,ST,NA,NA,,,,NA,11,4,4,NA,1,1,5,10:15 PM,DISPATCHED,10:16 PM,7/6/2011,Y,74,NA,75,95,8,5,2,2,64,54,1,5,1,21,21,227,22,30.3105,-97.71194,,NA,NA,NA,1000,NA,NA,NA,NA,NA,,NA,NA,UNKNOWN,NA,NA,NA,NA,Y,N,N,2,9,Y,WED,NA,NA,NA,NA,NA,NA,NA,NA,NA,NA,NA,NA,NA,NA,NA,NA,NA,NA,NA,NA,NA,NA,NA,NA,NA,NA,NA,NA,NA,NA,NA,NA,NA,NA,NA,NA,NA,NA,NA,NA,NA,NA,NA,NA,NA,NA,NA,NA,NA,NA,NA,NA,NA,NA,NA,0,1,0,0,1,1,0,90,128652792,1286527921,11,Yes
E 51ST ST,AUS_1188601021,1062,380,48,453,304,1,4.85E+11,1500US484530003041,Block Group 1,G5030,S,592215,0,30.3082262,-97.7144996,11886010,AUS_11886010,30.31119,-97.71339,2,1,3,16,3,25,1,1,4,11,1,2,N,4,NA,NA,4,97,97,,,0,0,1,0,0,1,0,N,N,N,N,N,N,N,1/25/2011,8:55 AM,227,22,N,Y,NA,NA,19,NA,,1,900,E,51ST,ST,N,N,30,N,N,GOOD BLACKTOP,Y,19,NA,,1,5100,,BENNETT,AVE,NA,NA,,,GOOD BLACKTOP,NA,11,1,4,NA,1,1,8,8:59 AM,RADIO,9:09 AM,1/25/2011,Y,74,NA,NA,125,8,5,1,1,64,54,1,5,1,21,21,227,22,30.31119,-97.71339,,NA,NA,NA,924,NA,NA,NA,NA,NA,,NA,NA,BENNETT AVE,NA,NA,NA,NA,Y,N,N,3,9,Y,TUE,NA,NA,NA,NA,NA,NA,NA,NA,NA,NA,NA,NA,NA,NA,NA,NA,NA,NA,NA,NA,NA,NA,NA,NA,NA,NA,NA,NA,NA,NA,NA,NA,NA,NA,NA,NA,NA,NA,NA,NA,NA,NA,NA,NA,NA,NA,NA,NA,NA,NA,NA,NA,NA,NA,NA,0,0,1,1,0,1,0,90,118860102,1188601021,11,Yes
E 51ST ST,AUS_1414158121,1055,380,48,453,304,1,4.85E+11,1500US484530003041,Block Group 1,G5030,S,592215,0,30.3082262,-97.7144996,14141581,AUS_14141581,30.3105,-97.71194,2,1,3,16,2,30,1,2,4,11,1,4,N,4,NA,NA,4,97,97,,,0,1,0,0,0,1,0,N,N,N,N,N,N,N,11/20/2014,6:43 PM,227,22,N,N,NA,NA,19,NA,,1,NA,E,51ST,ST,N,N,-1,N,N,,Y,19,NA,,1,,,HARMON,AVE,NA,NA,,,,NA,2,3,4,NA,1,2,8,6:43 PM,DISPATCH,6:46 PM,11/20/2014,Y,74,1061,10,14,8,5,1,1,64,54,1,5,1,21,21,227,22,30.3105,-97.71194,,NA,NA,NA,1000,NA,NA,NA,NA,NA,,NA,NA,HARMON AVE,NA,NA,NA,NA,Y,N,N,2,9,Y,THU,NA,NA,NA,NA,NA,NA,NA,NA,NA,NA,NA,NA,NA,NA,NA,NA,NA,NA,NA,NA,NA,NA,NA,NA,NA,NA,NA,NA,NA,NA,NA,NA,NA,NA,NA,NA,NA,NA,NA,NA,NA,NA,NA,NA,NA,NA,NA,NA,NA,NA,NA,NA,NA,NA,NA,0,1,0,1,0,1,0,90,141415812,1414158121,11,Yes
E 51ST ST,AUS_1386891021,1003,66,48,453,306,1,4.85E+11,1500US484530003061,Block Group 1,G5030,S,3371879,0,30.2971559,-97.7002732,13868910,AUS_13868910,30.30386,-97.69896,2,1,3,16,2,50,3,1,4,11,1,97,N,4,NA,NA,4,97,97,,,0,1,0,0,0,1,0,N,N,N,N,N,N,N,5/31/2014,2:06 PM,227,22,N,N,NA,NA,19,NA,,1,NA,E,E 51ST ST,ST,N,N,35,N,N,,Y,19,NA,,1,,,BERKMAN DR,DR,NA,NA,,,,NA,11,1,4,NA,1,1,5,2:07 PM,DISPATCH,2:10 PM,5/31/2014,Y,74,NA,34,48,8,5,1,3,64,54,1,5,1,21,21,227,22,30.30386,-97.69896,,NA,NA,NA,1698,NA,NA,NA,NA,NA,,NA,NA,BERKMAN DR,NA,NA,NA,NA,Y,N,N,2,9,Y,SAT,NA,NA,NA,NA,NA,NA,NA,NA,NA,NA,NA,NA,NA,NA,NA,NA,NA,NA,NA,NA,NA,NA,NA,NA,NA,NA,NA,NA,NA,NA,NA,NA,NA,NA,NA,NA,NA,NA,NA,NA,NA,NA,NA,NA,NA,NA,NA,NA,NA,NA,NA,NA,NA,NA,NA,0,1,0,0,1,1,0,90,138689102,1386891021,11,Yes
E 51ST ST,AUS_1330333011,1047,66,48,453,306,1,4.85E+11,1500US484530003061,Block Group 1,G5030,S,3371879,0,30.2971559,-97.7002732,13303330,AUS_13303330,30.30903437,-97.70966075,1,1,3,16,2,28,1,2,4,11,1,4,N,4,NA,NA,4,97,97,,,0,1,0,0,0,1,0,N,N,N,N,N,N,N,5/27/2013,1:58 PM,227,22,N,N,NA,NA,19,NA,,1,1100,E,51ST,ST,N,N,0,N,N,,N,19,NA,,NA,,,CAMERON,RD,NA,NA,,,,NA,11,1,0,NA,1,1,5,1:59 PM,DISPATCH,2:03 PM,5/27/2013,Y,74,12,139,95,8,5,2,1,64,54,1,5,1,21,21,227,22,30.30903437,-97.70966075,,NA,NA,NA,NA,NA,NA,NA,NA,NA,,NA,NA,CAMERON RD,NA,NA,NA,NA,Y,N,N,2,9,Y,MON,NA,NA,NA,NA,NA,NA,NA,NA,NA,NA,NA,NA,NA,NA,NA,NA,NA,NA,NA,NA,NA,NA,NA,NA,NA,NA,NA,NA,NA,NA,NA,NA,NA,NA,NA,NA,NA,NA,NA,NA,NA,NA,NA,NA,NA,NA,NA,NA,NA,NA,NA,NA,NA,NA,NA,0,1,0,0,1,1,0,90,133033301,1330333011,11,Yes
E 51ST ST,AUS_1426607521,1069,380,48,453,304,1,4.85E+11,1500US484530003041,Block Group 1,G5030,S,592215,0,30.3082262,-97.7144996,14266075,AUS_14266075,30.31206477,-97.71535247,2,1,3,16,3,27,1,2,4,11,1,4,N,4,NA,NA,4,97,97,,,0,0,1,0,0,1,0,N,N,N,N,N,N,N,2/8/2015,6:30 PM,227,22,N,Y,NA,NA,19,NA,,1,800,,51,ST,N,N,-1,N,N,51ST ST,Y,19,NA,,1,5000,,AIRPORT,BLVD,NA,NA,,,SB AIRPORT,NA,11,4,4,NA,1,1,21,6:30 PM,BY CITIZEN,6:32 PM,2/8/2015,Y,74,NA,NA,121,8,5,1,3,64,54,1,5,1,21,21,227,22,30.31206477,-97.71535247,,NA,NA,NA,804,NA,NA,NA,NA,NA,,NA,NA,AIRPORT BLVD,NA,NA,NA,NA,Y,N,N,3,9,Y,SUN,NA,NA,NA,NA,NA,NA,NA,NA,NA,NA,NA,NA,NA,NA,NA,NA,NA,NA,NA,NA,NA,NA,NA,NA,NA,NA,NA,NA,NA,NA,NA,NA,NA,NA,NA,NA,NA,NA,NA,NA,NA,NA,NA,NA,NA,NA,NA,NA,NA,NA,NA,NA,NA,NA,NA,0,0,1,1,0,1,0,90,NA,NA,11,Yes
E 6TH ST,AUS_1404709421,482,344,48,453,902,4,4.85E+11,1500US484530009024,Block Group 4,G5030,S,809825,0,30.2619393,-97.7293714,14047094,AUS_14047094,30.26201867,-97.72348218,2,1,3,16,2,30,2,1,4,11,1,97,N,4,NA,NA,4,97,97,,,0,1,0,0,0,1,0,N,N,N,N,N,N,N,8/31/2014,10:55 PM,227,22,N,N,NA,NA,19,NA,,1,1800,E,6TH,ST,N,N,30,N,N,,N,19,NA,,NA,1816,E,6TH,ST,NA,NA,,,,NA,11,4,0,NA,1,1,20,10:55 PM,DISPATCH,10:58 PM,8/31/2014,Y,74,NA,34,48,8,5,4,1,64,4,1,5,1,21,21,227,22,30.26201867,-97.72348218,,NA,NA,NA,1800,NA,NA,NA,NA,NA,,NA,NA,N/A,NA,NA,NA,NA,Y,N,N,2,9,Y,SUN,NA,NA,NA,NA,NA,NA,NA,NA,NA,NA,NA,NA,NA,NA,NA,NA,NA,NA,NA,NA,NA,NA,NA,NA,NA,NA,NA,NA,NA,NA,NA,NA,NA,NA,NA,NA,NA,NA,NA,NA,NA,NA,NA,NA,NA,NA,NA,NA,NA,NA,NA,NA,NA,NA,NA,0,1,0,3,0,1,0,90,140470942,1404709421,14,Yes
E 6TH ST,AUS_1363926621,623,433,48,453,1100,1,4.85E+11,1500US484530011001,Block Group 1,G5030,S,2044061,66635,30.2687002,-97.7433003,13639266,AUS_13639266,30.26769,-97.74148,2,1,3,16,2,NA,1,2,4,11,1,4,N,4,NA,NA,4,97,97,,,0,1,0,0,0,1,0,N,N,N,N,N,N,N,10/18/2013,4:50 PM,227,22,N,N,NA,NA,19,NA,,1,NA,E,6TH ST,ST,N,N,-1,N,N,,Y,19,NA,,1,,,BRAZOS ST,,NA,NA,,,,NA,11,1,98,NA,1,1,20,4:53 PM,DISPATCH,4:56 PM,10/18/2013,Y,74,36,67,282,8,5,1,1,64,54,1,5,1,21,21,227,22,30.26769,-97.74148,,NA,NA,NA,200,NA,NA,NA,NA,NA,,NA,NA,BRAZOS ST,NA,NA,NA,NA,Y,N,N,2,9,Y,FRI,NA,NA,NA,NA,NA,NA,NA,NA,NA,NA,NA,NA,NA,NA,NA,NA,NA,NA,NA,NA,NA,NA,NA,NA,NA,NA,NA,NA,NA,NA,NA,NA,NA,NA,NA,NA,NA,NA,NA,NA,NA,NA,NA,NA,NA,NA,NA,NA,NA,NA,NA,NA,NA,NA,NA,0,1,0,1,0,1,0,90,136392662,1363926621,14,Yes
E 6TH ST,AUS_1410661621,592,433,48,453,1100,1,4.85E+11,1500US484530011001,Block Group 1,G5030,S,2044061,66635,30.2687002,-97.7433003,14106616,AUS_14106616,30.26649,-97.73719,2,1,3,16,2,36,1,1,4,11,1,2,N,4,NA,NA,4,97,97,,,0,1,0,0,0,1,0,N,N,N,N,N,N,N,10/24/2014,8:06 AM,227,22,N,N,NA,NA,19,NA,,1,600,E,6TH ST,ST,N,N,30,N,N,,Y,19,NA,,1,600,,SABINE ST,ST,NA,NA,,,,NA,11,1,4,NA,1,1,20,8:08 AM,DISPATCH,8:14 AM,10/24/2014,Y,74,36,67,282,8,5,2,2,64,3,1,5,1,21,21,227,22,30.26649,-97.73719,,NA,NA,NA,600,NA,NA,NA,NA,NA,,NA,NA,UNKNOWN,NA,NA,NA,NA,Y,N,N,2,9,Y,FRI,NA,NA,NA,NA,NA,NA,NA,NA,NA,NA,NA,NA,NA,NA,NA,NA,NA,NA,NA,NA,NA,NA,NA,NA,NA,NA,NA,NA,NA,NA,NA,NA,NA,NA,NA,NA,NA,NA,NA,NA,NA,NA,NA,NA,NA,NA,NA,NA,NA,NA,NA,NA,NA,NA,NA,0,1,0,1,0,1,0,90,141066162,1410661621,14,Yes
E 6TH ST,AUS_1417867321,608,433,48,453,1100,1,4.85E+11,1500US484530011001,Block Group 1,G5030,S,2044061,66635,30.2687002,-97.7433003,14178673,AUS_14178673,30.26709,-97.73934,2,1,3,16,2,NA,1,1,4,11,1,97,N,4,NA,NA,4,97,97,,,0,1,0,0,0,1,0,N,N,N,N,N,N,N,11/20/2014,7:28 PM,227,1792,Y,N,NA,NA,19,NA,,1,NA,,6TH,ST,N,N,-1,N,N,,Y,19,NA,,1,,,TRINITY,ST,NA,NA,,,,NA,2,4,98,NA,1,2,5,7:28 PM,ON SIGHT,7:28 PM,11/24/2014,Y,74,36,67,282,8,5,2,3,64,54,1,5,1,21,21,227,22,30.26709,-97.73934,,NA,NA,NA,398,NA,NA,NA,NA,NA,,NA,NA,TRINITY ST,NA,NA,NA,NA,Y,N,N,2,9,Y,THU,NA,NA,NA,NA,NA,NA,NA,NA,NA,NA,NA,NA,NA,NA,NA,NA,NA,NA,NA,NA,NA,NA,NA,NA,NA,NA,NA,NA,NA,NA,NA,NA,NA,NA,NA,NA,NA,NA,NA,NA,NA,NA,NA,NA,NA,NA,NA,NA,NA,NA,NA,NA,NA,NA,NA,0,1,0,1,0,1,0,90,141786732,1417867321,14,Yes
E 6TH ST,AUS_1339131021,428,343,48,453,902,2,4.85E+11,1500US484530009022,Block Group 2,G5030,S,1005391,0,30.257009,-97.7105642,13391310,AUS_13391310,30.25877718,-97.71426716,2,1,3,16,2,25,1,1,4,11,1,4,N,4,NA,NA,4,97,97,,,0,1,0,0,0,1,0,N,N,N,N,N,N,N,6/1/2013,2:13 PM,227,22,N,Y,NA,NA,19,NA,,1,2500,E,6TH,ST,N,N,0,N,N,,N,19,NA,,NA,,,PEDERNALES,ST,NA,NA,,,,NA,11,1,0,NA,1,1,1,2:15 PM,DISPATCH,2:22 PM,6/1/2013,Y,74,488,34,48,8,5,4,1,64,42,1,5,1,21,21,227,22,30.25877718,-97.71426716,,NA,NA,NA,2558,NA,NA,NA,NA,NA,,NA,NA,N/A,NA,NA,NA,NA,Y,N,N,2,9,Y,SAT,NA,NA,NA,NA,NA,NA,NA,NA,NA,NA,NA,NA,NA,NA,NA,NA,NA,NA,NA,NA,NA,NA,NA,NA,NA,NA,NA,NA,NA,NA,NA,NA,NA,NA,NA,NA,NA,NA,NA,NA,NA,NA,NA,NA,NA,NA,NA,NA,NA,NA,NA,NA,NA,NA,NA,0,1,0,3,0,1,0,90,133913102,1339131021,14,Yes
E 6TH ST,AUS_1461260521,439,343,48,453,902,2,4.85E+11,1500US484530009022,Block Group 2,G5030,S,1005391,0,30.257009,-97.7105642,14612605,AUS_14612605,30.25935522,-97.71596069,2,1,3,16,3,27,1,2,4,11,1,5,N,4,NA,NA,4,97,97,,,0,0,1,0,0,1,0,N,N,N,N,N,N,N,8/26/2015,8:36 PM,227,22,N,N,NA,NA,19,NA,,1,2401,E,6TH ST,ST,N,N,30,N,N,,N,19,NA,,1,,,PEDERNALES ST,ST,NA,NA,,,,NA,11,4,4,NA,1,1,1,8:36 PM,DISPATCH,8:40 PM,8/26/2015,Y,74,NA,NA,34,8,5,3,4,64,13,1,5,1,32,21,227,22,30.25935522,-97.71596069,,NA,NA,NA,2401,NA,NA,NA,NA,NA,,NA,NA,N/A,NA,NA,NA,NA,Y,N,N,3,9,Y,WED,NA,NA,NA,NA,NA,NA,NA,NA,NA,NA,NA,NA,NA,NA,NA,NA,NA,NA,NA,NA,NA,NA,NA,NA,NA,NA,NA,NA,NA,NA,NA,NA,NA,NA,NA,NA,NA,NA,NA,NA,NA,NA,NA,NA,NA,NA,NA,NA,NA,NA,NA,NA,NA,NA,NA,0,0,1,1,0,1,0,90,NA,NA,14,Yes
E 6TH ST,AUS_1263790311,529,344,48,453,902,4,4.85E+11,1500US484530009024,Block Group 4,G5030,S,809825,0,30.2619393,-97.7293714,12637903,AUS_12637903,30.26405,-97.72948,1,1,3,16,2,26,1,1,4,11,1,4,N,4,NA,NA,4,97,97,,,0,1,0,0,0,1,0,N,N,N,N,N,N,N,3/31/2012,7:57 PM,227,22,N,N,NA,NA,19,NA,,1,NA,E,6TH,ST,N,N,30,N,N,,Y,19,NA,,NA,,,ATTAYAC,ST,NA,NA,,,,NA,11,1,4,NA,1,1,20,7:57 PM,DISPATCHED,8:05 PM,3/31/2012,Y,74,36,67,282,8,5,1,3,64,54,1,5,1,21,21,227,22,30.26405,-97.72948,,NA,NA,NA,1298,NA,NA,NA,NA,NA,,NA,NA,ATTAYAC ST,NA,NA,NA,NA,Y,N,N,2,9,Y,SAT,NA,NA,NA,NA,NA,NA,NA,NA,NA,NA,NA,NA,NA,NA,NA,NA,NA,NA,NA,NA,NA,NA,NA,NA,NA,NA,NA,NA,NA,NA,NA,NA,NA,NA,NA,NA,NA,NA,NA,NA,NA,NA,NA,NA,NA,NA,NA,NA,NA,NA,NA,NA,NA,NA,NA,0,1,0,2,0,1,0,90,126379031,1263790311,14,Yes