Street_Name,Crash_UP_ID,FID,FID_Austin,STATEFP,COUNTYFP,TRACTCE,BLKGRPCE,GEOID1,GEOID,NAMELSAD,MTFCC,FUNCSTAT,ALAND,AWATER,INTPTLAT,INTPTLON,CrashID,CrashID1,Latitude,Longitude,Unit_Nbr,Prsn_Nbr,Prsn_Type_ID,Prsn_Occpnt_Pos_ID,Prsn_Injry_Sev_ID,Prsn_Age,Prsn_Ethnicity_ID,Prsn_Gndr_ID,Prsn_Ejct_ID,Prsn_Rest_ID,Prsn_Airbag_ID,Prsn_Helmet_ID,Prsn_Sol_Fl,Prsn_Alc_Spec_Type_ID,Prsn_Alc_Rslt_ID,Prsn_Bac_Test_Rslt,Prsn_Drg_Spec_Type_ID,Prsn_Drg_Rslt_ID,Drvr_Drg_Cat_1_ID,Prsn_Death_Date,Prsn_Death_Time,Incap_Injry_Cnt.x,Nonincap_Injry_Cnt.x,Poss_Injry_Cnt.x,Non_Injry_Cnt.x,Unkn_Injry_Cnt.x,Tot_Injry_Cnt.x,Death_Cnt.x,Crash_Fatal_Fl,Cmv_Involv_Fl,Schl_Bus_Fl,Rr_Relat_Fl,Medical_Advisory_Fl,Amend_Supp_Fl,Active_School_Zone_Fl,Crash_Date,Crash_Time,Rpt_CRIS_Cnty_ID,Rpt_City_ID,Rpt_Outside_City_Limit_Fl,Thousand_Damage_Fl,Rpt_Latitude,Rpt_Longitude,Rpt_Rdwy_Sys_ID,Rpt_Hwy_Num,Rpt_Hwy_Sfx,Rpt_Road_Part_ID,Rpt_Block_Num,Rpt_Street_Pfx,Rpt_Street_Name,Rpt_Street_Sfx,Private_Dr_Fl,Toll_Road_Fl,Crash_Speed_Limit,Road_Constr_Zone_Fl,Road_Constr_Zone_Wrkr_Fl,Rpt_Street_Desc,At_Intrsct_Fl,Rpt_Sec_Rdwy_Sys_ID,Rpt_Sec_Hwy_Num,Rpt_Sec_Hwy_Sfx,Rpt_Sec_Road_Part_ID,Rpt_Sec_Block_Num,Rpt_Sec_Street_Pfx,Rpt_Sec_Street_Name,Rpt_Sec_Street_Sfx,Rpt_Ref_Mark_Offset_Amt,Rpt_Ref_Mark_Dist_Uom,Rpt_Ref_Mark_Dir,Rpt_Ref_Mark_Nbr,Rpt_Sec_Street_Desc,Rpt_CrossingNumber,Wthr_Cond_ID,Light_Cond_ID,Entr_Road_ID,Road_Type_ID,Road_Algn_ID,Surf_Cond_ID,Traffic_Cntl_ID,Investigat_Notify_Time,Investigat_Notify_Meth,Investigat_Arrv_Time,Report_Date,Investigat_Comp_Fl,Investigat_Agency_ID,Investigat_Area_ID,Investigat_District_ID,Investigat_Region_ID,Bridge_Detail_ID,Harm_Evnt_ID,Intrsct_Relat_ID,FHE_Collsn_ID,Obj_Struck_ID,Othr_Factr_ID,Road_Part_Adj_ID,Road_Cls_ID,Road_Relat_ID,Phys_Featr_1_ID,Phys_Featr_2_ID,Cnty_ID,City_ID,Latitude.1,Longitude.1,Hwy_Sys,Hwy_Nbr,Hwy_Sfx,Dfo,Street_Nbr,Control,Section,Milepoint,Ref_Mark_Nbr,Ref_Mark_Displ,Hwy_Sys_2,Hwy_Nbr_2,Hwy_Sfx_2,Street_Name_2,Street_Nbr_2,Control_2,Section_2,Milepoint_2,Txdot_Rptable_Fl,Onsys_Fl,Rural_Fl,Crash_Sev_ID,Pop_Group_ID,Located_Fl,Day_of_Week,Hwy_Dsgn_Lane_ID,Hwy_Dsgn_Hrt_ID,Hp_Shldr_Left,Hp_Shldr_Right,Hp_Median_Width,Base_Type_ID,Nbr_Of_Lane,Row_Width_Usual,Roadbed_Width,Surf_Width,Surf_Type_ID,Curb_Type_Left_ID,Curb_Type_Right_ID,Shldr_Type_Left_ID,Shldr_Width_Left,Shldr_Use_Left_ID,Shldr_Type_Right_ID,Shldr_Width_Right,Shldr_Use_Right_ID,Median_Type_ID,Median_Width,Rural_Urban_Type_ID,Func_Sys_ID,Adt_Curnt_Amt,Adt_Curnt_Year,Adt_Adj_Curnt_Amt,Pct_Single_Trk_Adt,Pct_Combo_Trk_Adt,Trk_Aadt_Pct,Curve_Type_ID,Curve_Lngth,Cd_Degr,Delta_Left_Right_ID,Dd_Degr,Feature_Crossed,Structure_Number,I_R_Min_Vert_Clear,Approach_Width,Bridge_Median_ID,Bridge_Loading_Type_ID,Bridge_Loading_In_1000_Lbs,Bridge_Srvc_Type_On_ID,Bridge_Srvc_Type_Under_ID,Culvert_Type_ID,Roadway_Width,Deck_Width,Bridge_Dir_Of_Traffic_ID,Bridge_Rte_Struct_Func_ID,Bridge_IR_Struct_Func_ID,CrossingNumber,RRCo,Poscrossing_ID,WDCode_ID,Standstop,Yield,Incap_Injry_Cnt.y,Nonincap_Injry_Cnt.y,Poss_Injry_Cnt.y,Non_Injry_Cnt.y,Unkn_Injry_Cnt.y,Tot_Injry_Cnt.y,Death_Cnt.y,MPO_ID,Unit_ID,Unit_Prsn_ID,Count,BikePath
E 6TH ST,AUS_1383762521,622,433,48,453,1100,1,4.85E+11,1500US484530011001,Block Group 1,G5030,S,2044061,66635,30.2687002,-97.7433003,13837625,AUS_13837625,30.26769,-97.74148,2,1,3,16,3,40,1,1,4,11,1,2,N,4,NA,NA,4,97,97,,,0,0,1,0,0,1,0,N,N,N,N,N,N,N,5/12/2014,12:29 AM,227,22,N,N,NA,NA,19,NA,,1,NA,E,E 6TH ST,ST,N,N,-1,N,N,,Y,19,NA,,1,,,BRAZOS ST,ST,NA,NA,,,,NA,11,4,98,NA,1,1,5,1:30 AM,ON SIGHT,1:30 AM,5/12/2014,Y,74,36,67,282,8,5,1,1,64,54,1,5,1,21,21,227,22,30.26769,-97.74148,,NA,NA,NA,200,NA,NA,NA,NA,NA,,NA,NA,BRAZOS ST,NA,NA,NA,NA,Y,N,N,3,9,Y,MON,NA,NA,NA,NA,NA,NA,NA,NA,NA,NA,NA,NA,NA,NA,NA,NA,NA,NA,NA,NA,NA,NA,NA,NA,NA,NA,NA,NA,NA,NA,NA,NA,NA,NA,NA,NA,NA,NA,NA,NA,NA,NA,NA,NA,NA,NA,NA,NA,NA,NA,NA,NA,NA,NA,NA,0,0,2,0,0,2,0,90,138376252,1383762521,14,Yes
E 6TH ST,AUS_1297421521,499,344,48,453,902,4,4.85E+11,1500US484530009024,Block Group 4,G5030,S,809825,0,30.2619393,-97.7293714,12974215,AUS_12974215,30.26304,-97.72652,2,1,3,16,5,26,1,1,4,11,1,5,N,4,NA,NA,4,97,97,,,0,0,0,1,0,0,0,N,N,N,N,N,N,N,9/7/2012,12:46 AM,227,22,N,N,NA,NA,19,NA,,1,1600,E,6TH,ST,N,N,30,N,N,,Y,19,NA,,NA,500,,COMAL,ST,NA,NA,,,,NA,11,3,98,NA,7,1,5,12:47 AM,911,12:50 AM,9/7/2012,Y,74,NA,NA,359,8,5,1,3,64,3,1,5,1,21,21,227,22,30.26304,-97.72652,,NA,NA,NA,1598,NA,NA,NA,NA,NA,,NA,NA,COMAL ST,NA,NA,NA,NA,N,N,N,5,9,Y,FRI,NA,NA,NA,NA,NA,NA,NA,NA,NA,NA,NA,NA,NA,NA,NA,NA,NA,NA,NA,NA,NA,NA,NA,NA,NA,NA,NA,NA,NA,NA,NA,NA,NA,NA,NA,NA,NA,NA,NA,NA,NA,NA,NA,NA,NA,NA,NA,NA,NA,NA,NA,NA,NA,NA,NA,0,0,0,2,0,0,0,90,129742152,1297421521,14,Yes
E 6TH ST,AUS_1205797721,589,433,48,453,1100,1,4.85E+11,1500US484530011001,Block Group 1,G5030,S,2044061,66635,30.2687002,-97.7433003,12057977,AUS_12057977,30.26647726,-97.73714474,2,1,3,16,2,25,1,1,4,11,1,4,N,4,NA,NA,4,97,97,,,0,1,0,0,0,1,0,N,Y,N,N,N,N,N,4/27/2011,2:03 PM,227,22,N,N,NA,NA,19,NA,,1,600,E,6TH,ST,N,N,30,N,N,ONE WAY WEST BOUND ONLY,N,19,NA,,1,,,RED RIVER,ST,NA,NA,,,TWO WAY RDWY,NA,11,1,98,NA,1,1,5,2:04 PM,DISPATCHED,2:05 PM,4/27/2011,Y,74,12,115,144,8,5,2,1,64,54,1,5,1,21,21,227,22,30.26647726,-97.73714474,,NA,NA,NA,604,NA,NA,NA,NA,NA,,NA,NA,RED RIVER ST,NA,NA,NA,NA,Y,N,N,2,9,Y,WED,NA,NA,NA,NA,NA,NA,NA,NA,NA,NA,NA,NA,NA,NA,NA,NA,NA,NA,NA,NA,NA,NA,NA,NA,NA,NA,NA,NA,NA,NA,NA,NA,NA,NA,NA,NA,NA,NA,NA,NA,NA,NA,NA,NA,NA,NA,NA,NA,NA,NA,NA,NA,NA,NA,NA,0,1,0,2,0,1,0,90,120579772,1205797721,14,Yes
E 6TH ST,AUS_1240915421,498,344,48,453,902,4,4.85E+11,1500US484530009024,Block Group 4,G5030,S,809825,0,30.2619393,-97.7293714,12409154,AUS_12409154,30.26292894,-97.72622988,2,1,3,16,2,27,1,1,4,11,1,4,N,4,NA,NA,4,97,97,,,0,1,0,0,0,1,0,N,N,N,N,N,N,N,11/30/2011,10:52 PM,227,22,N,N,NA,NA,19,NA,,1,1600,E,6TH,ST,N,N,30,N,N,,N,19,NA,,NA,,,COMAL,ST,NA,NA,,,,NA,11,4,2,NA,1,1,11,10:52 PM,APD DISPATCH,10:55 PM,11/30/2011,Y,74,17,115,144,8,5,4,1,64,7,1,5,1,21,21,227,22,30.26292894,-97.72622988,,NA,NA,NA,1614,NA,NA,NA,NA,NA,,NA,NA,N/A,NA,NA,NA,NA,Y,N,N,2,9,Y,WED,NA,NA,NA,NA,NA,NA,NA,NA,NA,NA,NA,NA,NA,NA,NA,NA,NA,NA,NA,NA,NA,NA,NA,NA,NA,NA,NA,NA,NA,NA,NA,NA,NA,NA,NA,NA,NA,NA,NA,NA,NA,NA,NA,NA,NA,NA,NA,NA,NA,NA,NA,NA,NA,NA,NA,0,1,0,1,0,1,0,90,124091542,1240915421,14,Yes
E 6TH ST,AUS_1297399721,540,344,48,453,902,4,4.85E+11,1500US484530009024,Block Group 4,G5030,S,809825,0,30.2619393,-97.7293714,12973997,AUS_12973997,30.26441,-97.7305,2,1,3,16,1,41,1,1,4,11,1,4,N,4,NA,NA,4,97,97,,,1,0,0,0,0,1,0,N,N,N,N,N,N,N,9/11/2012,9:24 AM,227,22,N,N,NA,NA,19,NA,,1,NA,E,6TH,ST,N,N,35,N,N,,Y,19,NA,,NA,,,WALLER,ST,NA,NA,,,,NA,11,1,98,NA,1,1,8,9:24 AM,WITNESS,9:27 AM,9/11/2012,Y,74,17,115,144,8,5,1,1,64,54,1,5,1,21,21,227,22,30.26441,-97.7305,,NA,NA,NA,1198,NA,NA,NA,NA,NA,,NA,NA,WALLER ST,NA,NA,NA,NA,Y,N,N,1,9,Y,TUE,NA,NA,NA,NA,NA,NA,NA,NA,NA,NA,NA,NA,NA,NA,NA,NA,NA,NA,NA,NA,NA,NA,NA,NA,NA,NA,NA,NA,NA,NA,NA,NA,NA,NA,NA,NA,NA,NA,NA,NA,NA,NA,NA,NA,NA,NA,NA,NA,NA,NA,NA,NA,NA,NA,NA,1,0,0,3,0,1,0,90,129739972,1297399721,14,Yes
E 6TH ST,AUS_1267668621,603,433,48,453,1100,1,4.85E+11,1500US484530011001,Block Group 1,G5030,S,2044061,66635,30.2687002,-97.7433003,12676686,AUS_12676686,30.26679,-97.73826,2,1,3,16,3,31,1,2,4,11,1,2,N,4,NA,NA,4,97,97,,,0,0,1,0,0,1,0,N,N,N,N,N,N,N,3/25/2012,6:14 PM,227,22,N,N,NA,NA,19,NA,,1,NA,E,6TH,ST,N,N,35,N,N,,Y,19,NA,,NA,,,NECHES,,NA,NA,,,,NA,11,1,2,NA,1,1,5,6:14 PM,DISPATCHED,6:15 PM,3/25/2012,Y,74,NA,NA,358,8,5,2,1,64,54,1,5,1,21,21,227,22,30.26679,-97.73826,,NA,NA,NA,500,NA,NA,NA,NA,NA,,NA,NA,NECHES ST,NA,NA,NA,NA,Y,N,N,3,9,Y,SUN,NA,NA,NA,NA,NA,NA,NA,NA,NA,NA,NA,NA,NA,NA,NA,NA,NA,NA,NA,NA,NA,NA,NA,NA,NA,NA,NA,NA,NA,NA,NA,NA,NA,NA,NA,NA,NA,NA,NA,NA,NA,NA,NA,NA,NA,NA,NA,NA,NA,NA,NA,NA,NA,NA,NA,0,0,1,1,0,1,0,90,126766862,1267668621,14,Yes
E 6TH ST,AUS_1287225521,489,344,48,453,902,4,4.85E+11,1500US484530009024,Block Group 4,G5030,S,809825,0,30.2619393,-97.7293714,12872255,AUS_12872255,30.26237811,-97.72463243,2,1,3,16,2,26,1,1,4,11,1,2,N,4,NA,NA,4,97,97,,,0,1,0,0,0,1,0,N,N,N,N,N,N,N,8/22/2012,11:53 PM,227,22,N,N,NA,NA,19,NA,,1,1600,E,6TH,ST,N,N,30,N,N,,N,19,NA,,NA,,,CHALMERS,AVE,NA,NA,,,,NA,11,3,0,NA,1,1,1,11:53 PM,OFFICER ADVISED,11:53 PM,8/22/2012,Y,74,90,539,282,8,5,4,1,64,54,1,5,1,21,21,227,22,30.26237811,-97.72463243,,NA,NA,NA,1691,NA,NA,NA,NA,NA,,NA,NA,N/A,NA,NA,NA,NA,Y,N,N,2,9,Y,WED,NA,NA,NA,NA,NA,NA,NA,NA,NA,NA,NA,NA,NA,NA,NA,NA,NA,NA,NA,NA,NA,NA,NA,NA,NA,NA,NA,NA,NA,NA,NA,NA,NA,NA,NA,NA,NA,NA,NA,NA,NA,NA,NA,NA,NA,NA,NA,NA,NA,NA,NA,NA,NA,NA,NA,0,1,0,1,0,1,0,90,128722552,1287225521,14,Yes
E 7TH ST,AUS_1407120531,483,343,48,453,902,2,4.85E+11,1500US484530009022,Block Group 2,G5030,S,1005391,0,30.257009,-97.7105642,14071205,AUS_14071205,30.26205223,-97.72015728,3,1,3,16,1,53,2,1,4,11,1,5,N,4,NA,NA,4,97,97,,,1,0,0,0,0,1,0,N,N,N,N,N,N,N,9/22/2014,3:48 PM,227,22,N,Y,NA,NA,19,NA,,1,2100,E,7TH,ST,N,N,35,N,N,,N,19,NA,,NA,,,ROBERT T MARTINEZ JR,ST,NA,NA,,,,NA,11,1,0,NA,1,1,20,3:48 PM,DISPATCH,3:51 PM,9/22/2014,Y,74,NA,34,48,8,5,4,1,64,54,1,5,1,21,21,227,22,30.26205223,-97.72015728,,NA,NA,NA,2016,NA,NA,NA,NA,NA,,NA,NA,N/A,NA,NA,NA,NA,Y,N,N,1,9,Y,MON,NA,NA,NA,NA,NA,NA,NA,NA,NA,NA,NA,NA,NA,NA,NA,NA,NA,NA,NA,NA,NA,NA,NA,NA,NA,NA,NA,NA,NA,NA,NA,NA,NA,NA,NA,NA,NA,NA,NA,NA,NA,NA,NA,NA,NA,NA,NA,NA,NA,NA,NA,NA,NA,NA,NA,1,0,0,3,0,1,0,90,140712053,1407120531,15,No
E 7TH ST,AUS_1315628421,525,344,48,453,902,4,4.85E+11,1500US484530009024,Block Group 4,G5030,S,809825,0,30.2619393,-97.7293714,13156284,AUS_13156284,30.26392823,-97.72607174,2,1,3,16,2,28,1,2,4,11,1,4,N,4,NA,NA,4,97,97,,,0,1,0,0,0,1,0,N,N,N,N,N,N,N,2/26/2013,1:14 AM,227,22,N,Y,NA,NA,19,NA,,1,1600,E,7TH,ST,N,N,35,N,N,,N,19,NA,,NA,,,COMAL,ST,NA,NA,,,,NA,11,4,0,NA,2,1,1,1:15 AM,DISP,1:17 AM,2/26/2013,Y,74,NA,NA,NA,8,5,4,1,64,54,1,5,1,21,21,227,22,30.26392823,-97.72607174,,NA,NA,NA,1601,NA,NA,NA,NA,NA,,NA,NA,N/A,NA,NA,NA,NA,Y,N,N,2,9,Y,TUE,NA,NA,NA,NA,NA,NA,NA,NA,NA,NA,NA,NA,NA,NA,NA,NA,NA,NA,NA,NA,NA,NA,NA,NA,NA,NA,NA,NA,NA,NA,NA,NA,NA,NA,NA,NA,NA,NA,NA,NA,NA,NA,NA,NA,NA,NA,NA,NA,NA,NA,NA,NA,NA,NA,NA,0,1,0,0,1,1,0,90,131562842,1315628421,15,No
E 7TH ST,AUS_1258672321,458,343,48,453,902,2,4.85E+11,1500US484530009022,Block Group 2,G5030,S,1005391,0,30.257009,-97.7105642,12586723,AUS_12586723,30.26101535,-97.71453337,2,1,3,16,3,28,1,1,4,11,1,4,Y,4,NA,NA,4,97,97,,,0,0,1,0,0,1,0,N,N,N,N,N,N,N,10/11/2011,11:03 PM,227,22,N,N,NA,NA,19,NA,,1,2400,E,7TH,ST,N,N,0,N,N,,N,19,NA,,NA,,,NORTH WESTERN,AVE,NA,NA,,,,NA,11,3,0,NA,1,1,1,11:03 PM,DISPATCHED,,10/11/2011,Y,74,17,34,48,8,5,4,1,64,54,1,5,1,21,21,227,22,30.26101535,-97.71453337,,NA,NA,NA,2400,NA,NA,NA,NA,NA,,NA,NA,N/A,NA,NA,NA,NA,Y,N,N,3,9,Y,TUE,NA,NA,NA,NA,NA,NA,NA,NA,NA,NA,NA,NA,NA,NA,NA,NA,NA,NA,NA,NA,NA,NA,NA,NA,NA,NA,NA,NA,NA,NA,NA,NA,NA,NA,NA,NA,NA,NA,NA,NA,NA,NA,NA,NA,NA,NA,NA,NA,NA,NA,NA,NA,NA,NA,NA,0,0,1,0,1,1,0,90,125867232,1258672321,15,No
E 7TH ST,AUS_1208126321,501,344,48,453,902,4,4.85E+11,1500US484530009024,Block Group 4,G5030,S,809825,0,30.2619393,-97.7293714,12081263,AUS_12081263,30.26321,-97.72407,2,1,3,16,2,61,3,1,4,11,1,4,N,4,NA,NA,4,97,97,,,0,1,0,0,0,1,0,N,N,N,N,N,N,N,5/18/2011,3:12 PM,227,22,N,N,NA,NA,19,NA,,1,1700,E,7TH,ST,N,N,0,Y,N,,N,19,NA,,1,,,CHICON,ST,NA,NA,,,,NA,11,1,0,NA,1,1,20,3:12 PM,CAD,3:15 PM,5/18/2011,Y,74,NA,NA,359,8,5,4,1,64,49,1,5,1,20,21,227,22,30.26321,-97.72407,,NA,NA,NA,1700,NA,NA,NA,NA,NA,,NA,NA,N/A,NA,NA,NA,NA,Y,N,N,2,9,Y,WED,NA,NA,NA,NA,NA,NA,NA,NA,NA,NA,NA,NA,NA,NA,NA,NA,NA,NA,NA,NA,NA,NA,NA,NA,NA,NA,NA,NA,NA,NA,NA,NA,NA,NA,NA,NA,NA,NA,NA,NA,NA,NA,NA,NA,NA,NA,NA,NA,NA,NA,NA,NA,NA,NA,NA,0,1,0,2,0,1,0,90,120812632,1208126321,15,No
E 7TH ST,AUS_1238724421,488,343,48,453,902,2,4.85E+11,1500US484530009022,Block Group 2,G5030,S,1005391,0,30.257009,-97.7105642,12387244,AUS_12387244,30.26232956,-97.7213553,2,1,3,16,2,22,1,2,4,11,1,4,N,4,NA,NA,4,97,97,,,0,1,0,0,0,1,0,N,N,N,N,N,N,N,11/16/2011,6:22 PM,227,22,N,N,NA,NA,19,NA,,1,1900,E,7TH,ST,N,N,35,N,N,,N,19,NA,,NA,,,CHICON,ST,NA,NA,,,,NA,11,6,0,NA,1,1,1,6:25 PM,RADIO,6:36 PM,11/16/2011,Y,74,NA,NA,119,8,5,4,1,64,7,1,5,1,21,21,227,22,30.26232956,-97.7213553,,NA,NA,NA,1945,NA,NA,NA,NA,NA,,NA,NA,N/A,NA,NA,NA,NA,Y,N,N,2,9,Y,WED,NA,NA,NA,NA,NA,NA,NA,NA,NA,NA,NA,NA,NA,NA,NA,NA,NA,NA,NA,NA,NA,NA,NA,NA,NA,NA,NA,NA,NA,NA,NA,NA,NA,NA,NA,NA,NA,NA,NA,NA,NA,NA,NA,NA,NA,NA,NA,NA,NA,NA,NA,NA,NA,NA,NA,0,1,0,1,0,1,0,90,123872442,1238724421,15,No
E 7TH ST,AUS_1374622921,503,344,48,453,902,4,4.85E+11,1500US484530009024,Block Group 4,G5030,S,809825,0,30.2619393,-97.7293714,13746229,AUS_13746229,30.26324,-97.72417,2,1,3,16,3,24,1,1,4,11,1,97,N,4,NA,NA,4,97,97,,,0,0,1,0,0,1,0,N,N,N,N,N,N,N,3/14/2014,9:13 PM,227,22,N,N,NA,NA,19,NA,,1,NA,E,E 7TH ST,ST,N,N,35,N,N,,Y,19,NA,,1,,,CHALMERS AVE,AVE,NA,NA,,,,NA,11,4,2,NA,3,1,8,9:13 PM,DISPATCH,9:23 PM,3/14/2014,Y,74,36,67,282,8,5,2,3,64,54,1,5,1,21,21,227,22,30.26324,-97.72417,,NA,NA,NA,1688,NA,NA,NA,NA,NA,,NA,NA,CHALMERS AVE,NA,NA,NA,NA,Y,N,N,3,9,Y,FRI,NA,NA,NA,NA,NA,NA,NA,NA,NA,NA,NA,NA,NA,NA,NA,NA,NA,NA,NA,NA,NA,NA,NA,NA,NA,NA,NA,NA,NA,NA,NA,NA,NA,NA,NA,NA,NA,NA,NA,NA,NA,NA,NA,NA,NA,NA,NA,NA,NA,NA,NA,NA,NA,NA,NA,0,0,1,2,0,1,0,90,137462292,1374622921,15,No
E 7TH ST,AUS_1396525121,621,433,48,453,1100,1,4.85E+11,1500US484530011001,Block Group 1,G5030,S,2044061,66635,30.2687002,-97.7433003,13965251,AUS_13965251,30.26743757,-97.73685077,2,1,3,16,1,33,1,1,4,11,1,4,N,4,NA,NA,4,97,97,,,1,0,0,0,0,1,0,N,N,N,N,N,N,N,7/24/2014,8:08 PM,227,22,N,Y,NA,NA,19,NA,,1,NA,E,7TH,ST,N,N,-1,N,N,,Y,19,NA,,1,,,RED RIVER,,NA,NA,,,,NA,11,1,4,NA,1,1,5,8:08 PM,DISPATCH,8:09 PM,7/24/2014,Y,74,36,67,282,8,5,1,1,64,54,1,5,1,21,21,227,22,30.26743757,-97.73685077,,NA,NA,NA,600,NA,NA,NA,NA,NA,,NA,NA,UNKNOWN,NA,NA,NA,NA,Y,N,N,1,9,Y,THU,NA,NA,NA,NA,NA,NA,NA,NA,NA,NA,NA,NA,NA,NA,NA,NA,NA,NA,NA,NA,NA,NA,NA,NA,NA,NA,NA,NA,NA,NA,NA,NA,NA,NA,NA,NA,NA,NA,NA,NA,NA,NA,NA,NA,NA,NA,NA,NA,NA,NA,NA,NA,NA,NA,NA,1,0,0,1,0,1,0,90,139652512,1396525121,15,No
E 7TH ST,AUS_1386420321,413,343,48,453,902,2,4.85E+11,1500US484530009022,Block Group 2,G5030,S,1005391,0,30.257009,-97.7105642,13864203,AUS_13864203,30.25793465,-97.70464958,2,1,3,16,2,NA,2,1,4,11,1,4,N,4,NA,NA,4,97,97,,,0,1,0,0,0,1,0,N,N,N,N,N,N,N,5/21/2014,5:55 PM,227,22,N,N,NA,NA,19,NA,,1,3300,,E 7TH ST,ST,N,N,40,N,N,,N,19,NA,,NA,,,ALLEN ST,,NA,NA,,,,NA,11,1,0,NA,1,1,20,5:55 PM,DISPATCH,5:57 PM,5/21/2014,Y,74,NA,34,48,8,5,4,1,64,54,1,5,1,21,21,227,22,30.25793465,-97.70464958,,NA,NA,NA,3267,NA,NA,NA,NA,NA,,NA,NA,N/A,NA,NA,NA,NA,Y,N,N,2,9,Y,WED,NA,NA,NA,NA,NA,NA,NA,NA,NA,NA,NA,NA,NA,NA,NA,NA,NA,NA,NA,NA,NA,NA,NA,NA,NA,NA,NA,NA,NA,NA,NA,NA,NA,NA,NA,NA,NA,NA,NA,NA,NA,NA,NA,NA,NA,NA,NA,NA,NA,NA,NA,NA,NA,NA,NA,0,1,0,1,0,1,0,90,138642032,1386420321,15,No
E 7TH ST,AUS_1373809821,466,343,48,453,902,2,4.85E+11,1500US484530009022,Block Group 2,G5030,S,1005391,0,30.257009,-97.7105642,13738098,AUS_13738098,30.26143789,-97.71736525,2,1,3,16,2,NA,1,1,4,11,1,4,N,4,NA,NA,4,97,97,,,0,1,0,0,0,1,0,N,N,N,N,N,N,N,3/7/2014,3:00 PM,227,22,N,N,NA,NA,19,NA,,1,2200,E,E 7TH ST,ST,N,N,-1,N,N,,N,19,NA,,NA,,,WEBBERVILLE RD,RD,NA,NA,,,,NA,11,1,0,NA,1,1,20,3:00 PM,DISPATCH,3:04 PM,3/7/2014,Y,74,NA,34,48,8,5,2,1,64,3,1,5,1,21,21,227,22,30.26143789,-97.71736525,,NA,NA,NA,NA,NA,NA,NA,NA,NA,,NA,NA,WEBBERVILLE RD,NA,NA,NA,NA,Y,N,N,2,9,Y,FRI,NA,NA,NA,NA,NA,NA,NA,NA,NA,NA,NA,NA,NA,NA,NA,NA,NA,NA,NA,NA,NA,NA,NA,NA,NA,NA,NA,NA,NA,NA,NA,NA,NA,NA,NA,NA,NA,NA,NA,NA,NA,NA,NA,NA,NA,NA,NA,NA,NA,NA,NA,NA,NA,NA,NA,0,1,0,1,0,1,0,90,137380982,1373809821,15,No
E 7TH ST,AUS_1266245021,625,433,48,453,1100,1,4.85E+11,1500US484530011001,Block Group 1,G5030,S,2044061,66635,30.2687002,-97.7433003,12662450,AUS_12662450,30.26787874,-97.7385076,2,1,3,16,2,23,1,2,4,11,1,2,N,4,NA,NA,4,97,97,,,0,1,0,0,0,1,0,N,N,N,N,N,N,N,4/17/2012,12:52 PM,227,22,N,N,NA,NA,19,NA,,1,400,E,7TH,ST,N,N,45,N,N,,N,19,NA,,NA,,,NECHES,ST,NA,NA,,,,NA,11,1,0,NA,1,1,11,12:52 PM,WITNESS,12:54 PM,4/17/2012,Y,74,12,115,144,8,5,4,1,64,54,1,5,1,21,21,227,22,30.26787874,-97.7385076,,NA,NA,NA,444,NA,NA,NA,NA,NA,,NA,NA,N/A,NA,NA,NA,NA,Y,N,N,2,9,Y,TUE,NA,NA,NA,NA,NA,NA,NA,NA,NA,NA,NA,NA,NA,NA,NA,NA,NA,NA,NA,NA,NA,NA,NA,NA,NA,NA,NA,NA,NA,NA,NA,NA,NA,NA,NA,NA,NA,NA,NA,NA,NA,NA,NA,NA,NA,NA,NA,NA,NA,NA,NA,NA,NA,NA,NA,0,1,0,1,1,1,0,90,126624502,1266245021,15,No
E 7TH ST,AUS_1320537511,492,343,48,453,902,2,4.85E+11,1500US484530009022,Block Group 2,G5030,S,1005391,0,30.257009,-97.7105642,13205375,AUS_13205375,30.26254,-97.72211,1,1,3,16,1,32,1,1,4,11,1,4,N,4,NA,NA,4,97,97,,,1,0,0,0,0,1,0,N,N,N,N,N,N,N,2/13/2013,10:58 AM,227,22,N,N,30.26257,-97.72211,19,NA,,1,1900,E,7TH,ST,N,N,30,N,N,,Y,19,NA,,NA,700,,CHICON,,NA,NA,,,,NA,11,1,2,NA,2,1,5,10:58 AM,WITHIN VIEW,10:58 AM,2/13/2013,Y,74,17,34,48,8,5,1,2,64,54,1,5,1,21,21,227,22,30.26254,-97.72211,,NA,NA,NA,1900,NA,NA,NA,NA,NA,,NA,NA,CHICON ST,NA,NA,NA,NA,Y,N,N,1,9,Y,WED,NA,NA,NA,NA,NA,NA,NA,NA,NA,NA,NA,NA,NA,NA,NA,NA,NA,NA,NA,NA,NA,NA,NA,NA,NA,NA,NA,NA,NA,NA,NA,NA,NA,NA,NA,NA,NA,NA,NA,NA,NA,NA,NA,NA,NA,NA,NA,NA,NA,NA,NA,NA,NA,NA,NA,1,0,0,1,0,1,0,90,132053751,1320537511,15,No