Street_Name,Crash_UP_ID,FID,FID_Austin,STATEFP,COUNTYFP,TRACTCE,BLKGRPCE,GEOID1,GEOID,NAMELSAD,MTFCC,FUNCSTAT,ALAND,AWATER,INTPTLAT,INTPTLON,CrashID,CrashID1,Latitude,Longitude,Unit_Nbr,Prsn_Nbr,Prsn_Type_ID,Prsn_Occpnt_Pos_ID,Prsn_Injry_Sev_ID,Prsn_Age,Prsn_Ethnicity_ID,Prsn_Gndr_ID,Prsn_Ejct_ID,Prsn_Rest_ID,Prsn_Airbag_ID,Prsn_Helmet_ID,Prsn_Sol_Fl,Prsn_Alc_Spec_Type_ID,Prsn_Alc_Rslt_ID,Prsn_Bac_Test_Rslt,Prsn_Drg_Spec_Type_ID,Prsn_Drg_Rslt_ID,Drvr_Drg_Cat_1_ID,Prsn_Death_Date,Prsn_Death_Time,Incap_Injry_Cnt.x,Nonincap_Injry_Cnt.x,Poss_Injry_Cnt.x,Non_Injry_Cnt.x,Unkn_Injry_Cnt.x,Tot_Injry_Cnt.x,Death_Cnt.x,Crash_Fatal_Fl,Cmv_Involv_Fl,Schl_Bus_Fl,Rr_Relat_Fl,Medical_Advisory_Fl,Amend_Supp_Fl,Active_School_Zone_Fl,Crash_Date,Crash_Time,Rpt_CRIS_Cnty_ID,Rpt_City_ID,Rpt_Outside_City_Limit_Fl,Thousand_Damage_Fl,Rpt_Latitude,Rpt_Longitude,Rpt_Rdwy_Sys_ID,Rpt_Hwy_Num,Rpt_Hwy_Sfx,Rpt_Road_Part_ID,Rpt_Block_Num,Rpt_Street_Pfx,Rpt_Street_Name,Rpt_Street_Sfx,Private_Dr_Fl,Toll_Road_Fl,Crash_Speed_Limit,Road_Constr_Zone_Fl,Road_Constr_Zone_Wrkr_Fl,Rpt_Street_Desc,At_Intrsct_Fl,Rpt_Sec_Rdwy_Sys_ID,Rpt_Sec_Hwy_Num,Rpt_Sec_Hwy_Sfx,Rpt_Sec_Road_Part_ID,Rpt_Sec_Block_Num,Rpt_Sec_Street_Pfx,Rpt_Sec_Street_Name,Rpt_Sec_Street_Sfx,Rpt_Ref_Mark_Offset_Amt,Rpt_Ref_Mark_Dist_Uom,Rpt_Ref_Mark_Dir,Rpt_Ref_Mark_Nbr,Rpt_Sec_Street_Desc,Rpt_CrossingNumber,Wthr_Cond_ID,Light_Cond_ID,Entr_Road_ID,Road_Type_ID,Road_Algn_ID,Surf_Cond_ID,Traffic_Cntl_ID,Investigat_Notify_Time,Investigat_Notify_Meth,Investigat_Arrv_Time,Report_Date,Investigat_Comp_Fl,Investigat_Agency_ID,Investigat_Area_ID,Investigat_District_ID,Investigat_Region_ID,Bridge_Detail_ID,Harm_Evnt_ID,Intrsct_Relat_ID,FHE_Collsn_ID,Obj_Struck_ID,Othr_Factr_ID,Road_Part_Adj_ID,Road_Cls_ID,Road_Relat_ID,Phys_Featr_1_ID,Phys_Featr_2_ID,Cnty_ID,City_ID,Latitude.1,Longitude.1,Hwy_Sys,Hwy_Nbr,Hwy_Sfx,Dfo,Street_Nbr,Control,Section,Milepoint,Ref_Mark_Nbr,Ref_Mark_Displ,Hwy_Sys_2,Hwy_Nbr_2,Hwy_Sfx_2,Street_Name_2,Street_Nbr_2,Control_2,Section_2,Milepoint_2,Txdot_Rptable_Fl,Onsys_Fl,Rural_Fl,Crash_Sev_ID,Pop_Group_ID,Located_Fl,Day_of_Week,Hwy_Dsgn_Lane_ID,Hwy_Dsgn_Hrt_ID,Hp_Shldr_Left,Hp_Shldr_Right,Hp_Median_Width,Base_Type_ID,Nbr_Of_Lane,Row_Width_Usual,Roadbed_Width,Surf_Width,Surf_Type_ID,Curb_Type_Left_ID,Curb_Type_Right_ID,Shldr_Type_Left_ID,Shldr_Width_Left,Shldr_Use_Left_ID,Shldr_Type_Right_ID,Shldr_Width_Right,Shldr_Use_Right_ID,Median_Type_ID,Median_Width,Rural_Urban_Type_ID,Func_Sys_ID,Adt_Curnt_Amt,Adt_Curnt_Year,Adt_Adj_Curnt_Amt,Pct_Single_Trk_Adt,Pct_Combo_Trk_Adt,Trk_Aadt_Pct,Curve_Type_ID,Curve_Lngth,Cd_Degr,Delta_Left_Right_ID,Dd_Degr,Feature_Crossed,Structure_Number,I_R_Min_Vert_Clear,Approach_Width,Bridge_Median_ID,Bridge_Loading_Type_ID,Bridge_Loading_In_1000_Lbs,Bridge_Srvc_Type_On_ID,Bridge_Srvc_Type_Under_ID,Culvert_Type_ID,Roadway_Width,Deck_Width,Bridge_Dir_Of_Traffic_ID,Bridge_Rte_Struct_Func_ID,Bridge_IR_Struct_Func_ID,CrossingNumber,RRCo,Poscrossing_ID,WDCode_ID,Standstop,Yield,Incap_Injry_Cnt.y,Nonincap_Injry_Cnt.y,Poss_Injry_Cnt.y,Non_Injry_Cnt.y,Unkn_Injry_Cnt.y,Tot_Injry_Cnt.y,Death_Cnt.y,MPO_ID,Unit_ID,Unit_Prsn_ID,Count,BikePath
E 7TH ST,AUS_1325234011,481,343,48,453,902,2,4.85E+11,1500US484530009022,Block Group 2,G5030,S,1005391,0,30.257009,-97.7105642,13252340,AUS_13252340,30.26198192,-97.71985053,1,1,3,16,2,53,2,1,4,11,1,4,N,4,NA,NA,4,97,97,,,0,1,0,0,0,1,0,N,N,N,N,N,N,N,1/26/2013,12:09 PM,227,22,N,Y,NA,NA,19,NA,,1,2120,E,7TH,ST,N,N,30,N,N,,N,19,NA,,NA,700,,ROBERT T MARTINEZ,,NA,NA,,,,NA,12,1,0,NA,1,1,20,12:09 PM,OBSERVED COLLISION (,12:09 PM,1/26/2013,Y,74,NA,34,48,8,5,3,2,64,14,1,5,1,32,21,227,22,30.26198192,-97.71985053,,NA,NA,NA,2034,NA,NA,NA,NA,NA,,NA,NA,N/A,NA,NA,NA,NA,Y,N,N,2,9,Y,SAT,NA,NA,NA,NA,NA,NA,NA,NA,NA,NA,NA,NA,NA,NA,NA,NA,NA,NA,NA,NA,NA,NA,NA,NA,NA,NA,NA,NA,NA,NA,NA,NA,NA,NA,NA,NA,NA,NA,NA,NA,NA,NA,NA,NA,NA,NA,NA,NA,NA,NA,NA,NA,NA,NA,NA,0,1,0,1,0,1,0,90,132523401,1325234011,15,No
E 7TH ST,AUS_1198507721,598,341,48,453,901,2,4.85E+11,1500US484530009012,Block Group 2,G5030,S,558875,0,30.2664785,-97.7273354,11985077,AUS_11985077,30.2666043,-97.73392099,2,1,3,16,2,22,1,1,4,11,1,4,N,4,NA,NA,4,97,97,,,0,1,0,0,0,1,0,N,N,N,N,N,N,N,3/20/2011,11:33 PM,227,22,N,Y,NA,NA,19,NA,,1,900,E,7TH,ST,N,N,35,N,N,,N,1,35,,2,700,N,IH 35 NB SVRD,,NA,NA,,,,NA,11,4,0,NA,2,1,1,11:33 PM,DISPATCH,11:40 PM,3/20/2011,N,74,NA,NA,359,8,5,4,1,64,54,1,5,1,21,21,227,22,30.2666043,-97.73392099,,NA,NA,NA,NA,NA,NA,NA,NA,NA,,NA,NA,N/A,NA,NA,NA,NA,Y,N,N,2,9,Y,SUN,NA,NA,NA,NA,NA,NA,NA,NA,NA,NA,NA,NA,NA,NA,NA,NA,NA,NA,NA,NA,NA,NA,NA,NA,NA,NA,NA,NA,NA,NA,NA,NA,NA,NA,NA,NA,NA,NA,NA,NA,NA,NA,NA,NA,NA,NA,NA,NA,NA,NA,NA,NA,NA,NA,NA,0,1,0,1,0,1,0,90,119850772,1198507721,15,No
E 7TH ST,AUS_1311212021,526,344,48,453,902,4,4.85E+11,1500US484530009024,Block Group 4,G5030,S,809825,0,30.2619393,-97.7293714,13112120,AUS_13112120,30.26395,-97.72613,2,1,3,16,3,26,1,2,4,11,1,2,N,4,NA,NA,4,97,97,,,0,0,1,0,0,1,0,N,N,N,N,N,N,N,1/23/2013,8:11 PM,227,22,N,N,NA,NA,19,NA,,1,NA,E,7TH,ST,N,N,30,N,N,,Y,19,NA,,NA,,,COMAL,ST,NA,NA,,,,NA,11,4,4,NA,1,1,5,8:18 PM,DISP,8:23 PM,1/23/2013,Y,74,NA,NA,NA,8,5,1,3,64,54,1,5,1,21,21,227,22,30.26395,-97.72613,,NA,NA,NA,1598,NA,NA,NA,NA,NA,,NA,NA,COMAL ST,NA,NA,NA,NA,Y,N,N,3,9,Y,WED,NA,NA,NA,NA,NA,NA,NA,NA,NA,NA,NA,NA,NA,NA,NA,NA,NA,NA,NA,NA,NA,NA,NA,NA,NA,NA,NA,NA,NA,NA,NA,NA,NA,NA,NA,NA,NA,NA,NA,NA,NA,NA,NA,NA,NA,NA,NA,NA,NA,NA,NA,NA,NA,NA,NA,0,0,1,1,0,1,0,90,131121202,1311212021,15,No
E 7TH ST,AUS_1341889021,456,343,48,453,902,2,4.85E+11,1500US484530009022,Block Group 2,G5030,S,1005391,0,30.257009,-97.7105642,13418890,AUS_13418890,30.26089,-97.71372999,2,1,3,16,2,37,3,1,4,11,1,4,N,4,NA,NA,4,97,97,,,0,1,0,0,0,1,0,N,N,N,N,N,N,N,7/5/2013,11:20 AM,227,22,N,N,NA,NA,19,NA,,1,2500,E,7TH,ST,N,N,35,N,N,,N,19,NA,,NA,700,,PERDENALES W CURB LINE,,NA,NA,,,,NA,11,1,0,NA,1,1,20,11:24 AM,DISPATCHED,11:27 AM,7/5/2013,N,74,17,34,48,8,5,4,1,64,54,1,5,1,21,21,227,22,30.26089,-97.71372999,,NA,NA,NA,2500,NA,NA,NA,NA,NA,,NA,NA,N/A,NA,NA,NA,NA,Y,N,N,2,9,Y,FRI,NA,NA,NA,NA,NA,NA,NA,NA,NA,NA,NA,NA,NA,NA,NA,NA,NA,NA,NA,NA,NA,NA,NA,NA,NA,NA,NA,NA,NA,NA,NA,NA,NA,NA,NA,NA,NA,NA,NA,NA,NA,NA,NA,NA,NA,NA,NA,NA,NA,NA,NA,NA,NA,NA,NA,0,1,0,0,1,1,0,90,134188902,1341889021,15,No
E MARTIN LUTHER KING JR BLVD,AUS_1374625721,787,67,48,453,700,1,4.85E+11,1500US484530007001,Block Group 1,G5030,S,1615130,0,30.2777004,-97.7411232,13746257,AUS_13746257,30.28028,-97.73679,2,1,3,16,2,29,1,1,4,11,1,3,N,4,NA,NA,4,97,97,,,0,1,0,0,0,1,0,N,N,N,N,N,N,N,2/21/2014,4:30 PM,227,22,N,N,30.1648,-97.4413,19,NA,,1,100,E,MARTIN LUTHER KING JR,BLVD,N,N,30,N,N,,Y,19,NA,,1,1900,,BRAZOS,ST,NA,NA,,,,NA,11,1,4,NA,2,1,5,4:45 PM,DPS COMMUNICATIONS,4:54 PM,2/21/2014,Y,10000,12,108,383,8,5,1,2,64,3,1,5,1,21,21,227,22,30.28028,-97.73679,,NA,NA,NA,200,NA,NA,NA,NA,NA,,NA,NA,BRAZOS ST,NA,NA,NA,NA,Y,N,N,2,9,Y,FRI,NA,NA,NA,NA,NA,NA,NA,NA,NA,NA,NA,NA,NA,NA,NA,NA,NA,NA,NA,NA,NA,NA,NA,NA,NA,NA,NA,NA,NA,NA,NA,NA,NA,NA,NA,NA,NA,NA,NA,NA,NA,NA,NA,NA,NA,NA,NA,NA,NA,NA,NA,NA,NA,NA,NA,0,1,0,1,0,1,0,90,137462572,1374625721,10,No
E MARTIN LUTHER KING JR BLVD,AUS_1302975921,790,67,48,453,700,1,4.85E+11,1500US484530007001,Block Group 1,G5030,S,1615130,0,30.2777004,-97.7411232,13029759,AUS_13029759,30.28035806,-97.73707332,2,1,3,16,3,27,2,1,4,11,1,4,N,4,NA,NA,4,97,97,,,0,0,1,0,0,1,0,N,N,N,N,N,N,N,10/6/2012,9:59 PM,227,22,N,N,NA,NA,19,NA,,1,100,E,MLK JR,BLVD,N,N,35,N,N,,N,19,NA,,NA,,,BRAZOS,ST,NA,NA,,,,NA,11,4,0,NA,2,1,16,9:59 PM,FLAG DOWN,9:59 PM,10/6/2012,Y,74,NA,NA,NA,8,5,4,1,64,54,1,5,1,21,21,227,22,30.28035806,-97.73707332,,NA,NA,NA,171,NA,NA,NA,NA,NA,,NA,NA,N/A,NA,NA,NA,NA,Y,N,N,3,9,Y,SAT,NA,NA,NA,NA,NA,NA,NA,NA,NA,NA,NA,NA,NA,NA,NA,NA,NA,NA,NA,NA,NA,NA,NA,NA,NA,NA,NA,NA,NA,NA,NA,NA,NA,NA,NA,NA,NA,NA,NA,NA,NA,NA,NA,NA,NA,NA,NA,NA,NA,NA,NA,NA,NA,NA,NA,0,0,1,2,0,1,0,90,130297592,1302975921,10,No
E MARTIN LUTHER KING JR BLVD,AUS_1476986921,801,381,48,453,803,1,4.85E+11,1500US484530008031,Block Group 1,G5030,S,458061,0,30.2783512,-97.7130481,14769869,AUS_14769869,30.28117167,-97.71254673,2,1,3,16,2,17,1,1,4,11,1,3,N,4,NA,NA,4,97,97,,,0,1,0,0,0,1,0,N,N,N,N,N,Y,N,11/22/2015,5:48 PM,227,22,N,N,NA,NA,19,NA,,1,2800,E,E MARTIN LUTHER KING JR BLVD,BLVD,N,N,35,N,N,,N,19,NA,,1,1800,,ULIT,AVE,NA,NA,,,ULIT AVE,NA,11,5,0,NA,1,1,1,5:48 PM,DISPATCH,5:50 PM,11/22/2015,Y,74,NA,NA,34,8,5,4,1,64,54,1,5,1,21,21,227,22,30.28117167,-97.71254673,,NA,NA,NA,2790,NA,NA,NA,NA,NA,,NA,NA,N/A,NA,NA,NA,NA,Y,N,N,2,9,Y,SUN,NA,NA,NA,NA,NA,NA,NA,NA,NA,NA,NA,NA,NA,NA,NA,NA,NA,NA,NA,NA,NA,NA,NA,NA,NA,NA,NA,NA,NA,NA,NA,NA,NA,NA,NA,NA,NA,NA,NA,NA,NA,NA,NA,NA,NA,NA,NA,NA,NA,NA,NA,NA,NA,NA,NA,0,1,0,1,0,1,0,90,NA,NA,10,No
E MARTIN LUTHER KING JR BLVD,AUS_1365805211,807,381,48,453,803,1,4.85E+11,1500US484530008031,Block Group 1,G5030,S,458061,0,30.2783512,-97.7130481,13658052,AUS_13658052,30.28177634,-97.70878267,1,1,3,16,1,25,1,2,4,11,1,4,Y,4,NA,NA,4,97,97,,,1,0,0,0,0,1,0,N,N,N,N,N,N,N,11/7/2013,5:45 PM,227,22,N,N,NA,NA,19,NA,,1,2900,E,MLK,BLVD,N,N,35,N,N,,N,19,NA,,NA,2900,E,MLK,BLVD,NA,NA,,,,NA,11,1,0,NA,2,1,11,5:45 PM,CALL,5:48 PM,11/7/2013,Y,74,NA,34,48,8,5,4,1,64,54,1,5,1,21,21,227,22,30.28177634,-97.70878267,,NA,NA,NA,2904,NA,NA,NA,NA,NA,,NA,NA,N/A,NA,NA,NA,NA,Y,N,N,1,9,Y,THU,NA,NA,NA,NA,NA,NA,NA,NA,NA,NA,NA,NA,NA,NA,NA,NA,NA,NA,NA,NA,NA,NA,NA,NA,NA,NA,NA,NA,NA,NA,NA,NA,NA,NA,NA,NA,NA,NA,NA,NA,NA,NA,NA,NA,NA,NA,NA,NA,NA,NA,NA,NA,NA,NA,NA,1,0,0,1,0,1,0,90,136580521,1365805211,10,No
E MARTIN LUTHER KING JR BLVD,AUS_1239758221,776,67,48,453,700,1,4.85E+11,1500US484530007001,Block Group 1,G5030,S,1615130,0,30.2777004,-97.7411232,12397582,AUS_12397582,30.27896,-97.73217,2,1,3,16,2,37,1,1,4,11,1,4,N,4,NA,NA,4,97,97,,,0,1,0,0,0,1,0,N,N,N,N,N,N,N,10/11/2011,5:24 AM,227,22,N,Y,NA,NA,19,NA,,1,1800,E,MARTIN LUTHER KING JR,BLVD,N,N,35,N,N,,Y,19,NA,,NA,1900,,RED RIVER,ST,NA,NA,,,,NA,11,4,4,NA,2,1,5,5:24 AM,DISPATCH,5:27 AM,10/11/2011,Y,74,17,120,14,8,5,1,3,64,54,1,5,1,21,21,227,22,30.27896,-97.73217,,NA,NA,NA,NA,NA,NA,NA,NA,NA,,NA,NA,RED RIVER ST,NA,NA,NA,NA,Y,N,N,2,9,Y,TUE,NA,NA,NA,NA,NA,NA,NA,NA,NA,NA,NA,NA,NA,NA,NA,NA,NA,NA,NA,NA,NA,NA,NA,NA,NA,NA,NA,NA,NA,NA,NA,NA,NA,NA,NA,NA,NA,NA,NA,NA,NA,NA,NA,NA,NA,NA,NA,NA,NA,NA,NA,NA,NA,NA,NA,0,1,0,1,0,1,0,90,123975822,1239758221,10,No
E MARTIN LUTHER KING JR BLVD,AUS_1407053521,795,67,48,453,700,1,4.85E+11,1500US484530007001,Block Group 1,G5030,S,1615130,0,30.2777004,-97.7411232,14070535,AUS_14070535,30.28064,-97.73809,2,1,3,16,3,23,1,1,4,11,1,4,N,4,NA,NA,4,97,97,,,0,0,1,0,0,1,0,N,N,N,N,N,N,N,9/4/2014,1:45 PM,227,22,N,N,30.28062,-97.73817,19,NA,,1,100,W,MARTIN LUTHER KING JR,BLVD,N,N,30,N,N,4 LANE TWO WAY DIVIDED BY TURN LANE,Y,19,NA,,1,1800,N,CONGRESS,AVE,NA,NA,,,3 LANE TWO WAY ROADWAY,NA,11,1,2,NA,1,1,5,1:46 PM,PASSERBY,1:47 PM,10/15/2014,Y,10000,17,108,383,8,5,1,2,64,3,1,5,1,21,21,227,22,30.28064,-97.73809,,NA,NA,NA,100,NA,NA,NA,NA,NA,,NA,NA,N CONGRESS AVE,NA,NA,NA,NA,Y,N,N,3,9,Y,THU,NA,NA,NA,NA,NA,NA,NA,NA,NA,NA,NA,NA,NA,NA,NA,NA,NA,NA,NA,NA,NA,NA,NA,NA,NA,NA,NA,NA,NA,NA,NA,NA,NA,NA,NA,NA,NA,NA,NA,NA,NA,NA,NA,NA,NA,NA,NA,NA,NA,NA,NA,NA,NA,NA,NA,0,0,1,1,0,1,0,90,140705352,1407053521,10,No
E MARTIN LUTHER KING JR BLVD,AUS_1229163921,777,67,48,453,700,1,4.85E+11,1500US484530007001,Block Group 1,G5030,S,1615130,0,30.2777004,-97.7411232,12291639,AUS_12291639,30.27896907,-97.73220204,2,1,3,16,2,23,1,2,4,11,1,1,N,4,NA,NA,4,97,97,,,0,1,0,0,0,1,0,N,N,N,N,N,N,N,9/27/2011,9:18 PM,227,22,N,Y,NA,NA,4,979,,1,500,E,MLK JR,BLVD,N,N,35,N,N,,Y,19,NA,,1,1800,,RED RIVER,ST,NA,NA,,,,NA,11,6,4,NA,2,1,5,9:18 PM,CAD,9:26 PM,9/27/2011,Y,74,129,10,14,8,5,1,3,64,54,1,3,1,21,21,227,22,30.27896907,-97.73220204,,NA,NA,NA,NA,NA,NA,NA,NA,NA,,NA,NA,UNKNOWN,NA,NA,NA,NA,Y,N,N,2,9,Y,TUE,NA,NA,NA,NA,NA,NA,NA,NA,NA,NA,NA,NA,NA,NA,NA,NA,NA,NA,NA,NA,NA,NA,NA,NA,NA,NA,NA,NA,NA,NA,NA,NA,NA,NA,NA,NA,NA,NA,NA,NA,NA,NA,NA,NA,NA,NA,NA,NA,NA,NA,NA,NA,NA,NA,NA,0,1,0,2,0,1,0,90,122916392,1229163921,10,No
E MARTIN LUTHER KING JR BLVD,AUS_1235909721,796,67,48,453,700,1,4.85E+11,1500US484530007001,Block Group 1,G5030,S,1615130,0,30.2777004,-97.7411232,12359097,AUS_12359097,30.28064,-97.73809,2,1,3,16,3,20,1,1,4,11,1,4,N,4,NA,NA,4,97,97,,,0,0,1,0,0,1,0,N,N,N,N,N,N,N,10/27/2011,12:00 PM,227,22,N,N,30.28056,-97.73805,19,NA,,1,100,W,MARTIN LUTHER KING,BLVD,N,N,35,N,N,"4-LANE,TWO WAY",Y,19,NA,,1,1800,N,CONGRESS,AVE,NA,NA,,,"2-LANE,TWO WAY",NA,11,1,0,NA,2,1,5,12:05 PM,DPS COMMUNICATIONS,12:08 PM,10/27/2011,Y,10000,NA,53,115,8,5,1,2,64,54,1,5,1,21,21,227,22,30.28064,-97.73809,,NA,NA,NA,100,NA,NA,NA,NA,NA,,NA,NA,N CONGRESS AVE,NA,NA,NA,NA,Y,N,N,3,9,Y,THU,NA,NA,NA,NA,NA,NA,NA,NA,NA,NA,NA,NA,NA,NA,NA,NA,NA,NA,NA,NA,NA,NA,NA,NA,NA,NA,NA,NA,NA,NA,NA,NA,NA,NA,NA,NA,NA,NA,NA,NA,NA,NA,NA,NA,NA,NA,NA,NA,NA,NA,NA,NA,NA,NA,NA,0,0,1,1,0,1,0,90,123590972,1235909721,10,No
E MARTIN LUTHER KING JR BLVD,AUS_1234328021,782,67,48,453,700,1,4.85E+11,1500US484530007001,Block Group 1,G5030,S,1615130,0,30.2777004,-97.7411232,12343280,AUS_12343280,30.27967469,-97.73470004,2,1,3,16,3,25,1,1,4,11,1,4,N,4,NA,NA,4,97,97,,,0,0,1,0,0,1,0,N,N,N,N,N,N,N,10/24/2011,5:17 PM,227,22,N,N,NA,NA,19,NA,,1,313,E,MARTIN LUTHER KING JR,BLVD,N,N,30,N,N,,N,19,NA,,NA,1800,,TRINITY,ST,NA,NA,,,,NA,11,1,0,NA,2,1,16,5:22 PM,DISPATCH,5:25 PM,10/24/2011,Y,74,NA,NA,187,8,5,3,2,64,13,1,3,1,32,21,227,22,30.27967469,-97.73470004,,NA,NA,NA,387,NA,NA,NA,NA,NA,,NA,NA,N/A,NA,NA,NA,NA,Y,N,N,3,9,Y,MON,NA,NA,NA,NA,NA,NA,NA,NA,NA,NA,NA,NA,NA,NA,NA,NA,NA,NA,NA,NA,NA,NA,NA,NA,NA,NA,NA,NA,NA,NA,NA,NA,NA,NA,NA,NA,NA,NA,NA,NA,NA,NA,NA,NA,NA,NA,NA,NA,NA,NA,NA,NA,NA,NA,NA,0,0,1,2,0,1,0,90,123432802,1234328021,10,No
E MARTIN LUTHER KING JR BLVD,AUS_1412905521,806,381,48,453,803,1,4.85E+11,1500US484530008031,Block Group 1,G5030,S,458061,0,30.2783512,-97.7130481,14129055,AUS_14129055,30.28165486,-97.70957603,2,1,3,16,3,47,3,1,4,11,1,5,N,4,NA,NA,4,97,97,,,0,0,1,0,0,1,0,N,N,N,N,N,N,N,10/23/2014,9:56 AM,227,22,N,Y,NA,NA,19,NA,,1,2800,E,MARTIN LUTHER KING JR,BLVD,N,N,45,N,N,,N,19,NA,,NA,1900,,ALEXANDER,AVE,NA,NA,,,,NA,11,4,0,NA,3,1,1,9:56 AM,DISPATCH,10:56 AM,10/23/2014,Y,74,NA,34,48,8,5,3,2,64,13,1,5,2,32,21,227,22,30.28165486,-97.70957603,,NA,NA,NA,2892,NA,NA,NA,NA,NA,,NA,NA,N/A,NA,NA,NA,NA,Y,N,N,3,9,Y,THU,NA,NA,NA,NA,NA,NA,NA,NA,NA,NA,NA,NA,NA,NA,NA,NA,NA,NA,NA,NA,NA,NA,NA,NA,NA,NA,NA,NA,NA,NA,NA,NA,NA,NA,NA,NA,NA,NA,NA,NA,NA,NA,NA,NA,NA,NA,NA,NA,NA,NA,NA,NA,NA,NA,NA,0,0,1,1,0,1,0,90,141290552,1412905521,10,No
E RIVERSIDE DR,AUS_1283737621,300,353,48,453,1403,2,4.85E+11,1500US484530014032,Block Group 2,G5030,S,432913,0,30.2429557,-97.7333227,12837376,AUS_12837376,30.24419971,-97.73010797,2,1,3,16,2,22,1,1,4,11,1,5,N,4,NA,NA,4,97,97,,,0,1,0,0,0,1,0,N,N,N,N,N,N,N,5/11/2012,5:46 PM,227,22,N,N,NA,NA,19,NA,,7,1700,E,RIVERSIDE,DR,N,N,35,N,N,,N,19,NA,,NA,,S,LAKESHORE,DR,NA,NA,,,,NA,11,1,0,NA,1,1,1,5:46 PM,DISPATCH,5:49 PM,6/15/2012,Y,74,200,98,129,8,5,3,2,64,13,1,5,1,1,21,227,22,30.24419971,-97.73010797,,NA,NA,NA,NA,NA,NA,NA,NA,NA,,NA,NA,N/A,NA,NA,NA,NA,Y,N,N,2,9,Y,FRI,NA,NA,NA,NA,NA,NA,NA,NA,NA,NA,NA,NA,NA,NA,NA,NA,NA,NA,NA,NA,NA,NA,NA,NA,NA,NA,NA,NA,NA,NA,NA,NA,NA,NA,NA,NA,NA,NA,NA,NA,NA,NA,NA,NA,NA,NA,NA,NA,NA,NA,NA,NA,NA,NA,NA,0,1,0,1,0,1,0,90,128373762,1283737621,22,No
E RIVERSIDE DR,AUS_1382575321,206,119,48,453,2314,2,4.85E+11,1500US484530023142,Block Group 2,G5030,S,2019172,0,30.2236338,-97.713797,13825753,AUS_13825753,30.23231,-97.7204,2,1,3,16,2,23,2,1,4,11,1,5,N,4,NA,NA,4,97,97,,,0,1,0,0,0,1,0,N,N,N,N,N,N,N,4/29/2014,7:50 PM,227,22,N,N,NA,NA,19,NA,,1,NA,,E RIVERSIDE DR,RD,N,N,35,N,N,,Y,19,NA,,1,,,WICKERSHAM LN,LN,NA,NA,,,,NA,11,1,4,NA,1,1,5,2:30 PM,DISPATCH,2:45 PM,4/30/2014,N,74,1045,98,129,8,5,2,2,64,3,1,5,1,21,21,227,22,30.23231,-97.7204,,NA,NA,NA,NA,NA,NA,NA,NA,NA,,NA,NA,WICKERSHAM LN,NA,NA,NA,NA,Y,N,N,2,9,Y,TUE,NA,NA,NA,NA,NA,NA,NA,NA,NA,NA,NA,NA,NA,NA,NA,NA,NA,NA,NA,NA,NA,NA,NA,NA,NA,NA,NA,NA,NA,NA,NA,NA,NA,NA,NA,NA,NA,NA,NA,NA,NA,NA,NA,NA,NA,NA,NA,NA,NA,NA,NA,NA,NA,NA,NA,0,1,0,2,0,1,0,90,138257532,1382575321,22,No
E RIVERSIDE DR,AUS_1402482021,252,482,48,453,2316,1,4.85E+11,1500US484530023161,Block Group 1,G5030,S,321567,0,30.2390879,-97.7290549,14024820,AUS_14024820,30.23766,-97.72574,2,1,3,16,2,54,1,1,4,11,1,4,N,4,NA,NA,4,97,97,,,0,1,0,0,0,1,0,N,N,N,N,N,N,N,8/21/2014,11:15 PM,227,22,N,Y,NA,NA,19,NA,,1,NA,E,RIVERSIDE,DR,N,N,35,N,N,,Y,19,NA,,1,,,WILLOW CREEK,RD,NA,NA,,,,NA,11,4,2,NA,1,1,15,11:15 PM,DISPATCH,11:16 PM,8/21/2014,Y,74,1045,98,129,8,5,3,3,64,13,1,5,2,32,21,227,22,30.23766,-97.72574,,NA,NA,NA,NA,NA,NA,NA,NA,NA,,NA,NA,N/A,NA,NA,NA,NA,Y,N,N,2,9,Y,THU,NA,NA,NA,NA,NA,NA,NA,NA,NA,NA,NA,NA,NA,NA,NA,NA,NA,NA,NA,NA,NA,NA,NA,NA,NA,NA,NA,NA,NA,NA,NA,NA,NA,NA,NA,NA,NA,NA,NA,NA,NA,NA,NA,NA,NA,NA,NA,NA,NA,NA,NA,NA,NA,NA,NA,0,1,0,3,0,1,0,90,140248202,1402482021,22,No
E RIVERSIDE DR,AUS_1415525221,274,482,48,453,2316,1,4.85E+11,1500US484530023161,Block Group 1,G5030,S,321567,0,30.2390879,-97.7290549,14155252,AUS_14155252,30.24050564,-97.72735494,2,1,3,16,2,29,1,1,4,11,1,4,N,4,NA,NA,4,97,97,,,0,1,0,0,0,1,0,N,N,N,N,N,N,N,11/6/2014,8:45 AM,227,1792,Y,N,NA,NA,19,NA,,1,2200,E,RIVERSIDE,DR,N,N,35,N,N,,N,19,NA,,NA,,,BURTON,DR,NA,NA,,,,NA,2,1,0,NA,1,2,20,8:45 AM,ON SIGHT,8:45 AM,11/6/2014,Y,74,1045,98,129,8,5,4,1,64,54,1,5,1,21,21,227,22,30.24050564,-97.72735494,,NA,NA,NA,NA,NA,NA,NA,NA,NA,,NA,NA,N/A,NA,NA,NA,NA,Y,N,N,2,9,Y,THU,NA,NA,NA,NA,NA,NA,NA,NA,NA,NA,NA,NA,NA,NA,NA,NA,NA,NA,NA,NA,NA,NA,NA,NA,NA,NA,NA,NA,NA,NA,NA,NA,NA,NA,NA,NA,NA,NA,NA,NA,NA,NA,NA,NA,NA,NA,NA,NA,NA,NA,NA,NA,NA,NA,NA,0,1,0,1,0,1,0,90,141552522,1415525221,22,No