Street_Name,Crash_UP_ID,FID,FID_Austin,STATEFP,COUNTYFP,TRACTCE,BLKGRPCE,GEOID1,GEOID,NAMELSAD,MTFCC,FUNCSTAT,ALAND,AWATER,INTPTLAT,INTPTLON,CrashID,CrashID1,Latitude,Longitude,Unit_Nbr,Prsn_Nbr,Prsn_Type_ID,Prsn_Occpnt_Pos_ID,Prsn_Injry_Sev_ID,Prsn_Age,Prsn_Ethnicity_ID,Prsn_Gndr_ID,Prsn_Ejct_ID,Prsn_Rest_ID,Prsn_Airbag_ID,Prsn_Helmet_ID,Prsn_Sol_Fl,Prsn_Alc_Spec_Type_ID,Prsn_Alc_Rslt_ID,Prsn_Bac_Test_Rslt,Prsn_Drg_Spec_Type_ID,Prsn_Drg_Rslt_ID,Drvr_Drg_Cat_1_ID,Prsn_Death_Date,Prsn_Death_Time,Incap_Injry_Cnt.x,Nonincap_Injry_Cnt.x,Poss_Injry_Cnt.x,Non_Injry_Cnt.x,Unkn_Injry_Cnt.x,Tot_Injry_Cnt.x,Death_Cnt.x,Crash_Fatal_Fl,Cmv_Involv_Fl,Schl_Bus_Fl,Rr_Relat_Fl,Medical_Advisory_Fl,Amend_Supp_Fl,Active_School_Zone_Fl,Crash_Date,Crash_Time,Rpt_CRIS_Cnty_ID,Rpt_City_ID,Rpt_Outside_City_Limit_Fl,Thousand_Damage_Fl,Rpt_Latitude,Rpt_Longitude,Rpt_Rdwy_Sys_ID,Rpt_Hwy_Num,Rpt_Hwy_Sfx,Rpt_Road_Part_ID,Rpt_Block_Num,Rpt_Street_Pfx,Rpt_Street_Name,Rpt_Street_Sfx,Private_Dr_Fl,Toll_Road_Fl,Crash_Speed_Limit,Road_Constr_Zone_Fl,Road_Constr_Zone_Wrkr_Fl,Rpt_Street_Desc,At_Intrsct_Fl,Rpt_Sec_Rdwy_Sys_ID,Rpt_Sec_Hwy_Num,Rpt_Sec_Hwy_Sfx,Rpt_Sec_Road_Part_ID,Rpt_Sec_Block_Num,Rpt_Sec_Street_Pfx,Rpt_Sec_Street_Name,Rpt_Sec_Street_Sfx,Rpt_Ref_Mark_Offset_Amt,Rpt_Ref_Mark_Dist_Uom,Rpt_Ref_Mark_Dir,Rpt_Ref_Mark_Nbr,Rpt_Sec_Street_Desc,Rpt_CrossingNumber,Wthr_Cond_ID,Light_Cond_ID,Entr_Road_ID,Road_Type_ID,Road_Algn_ID,Surf_Cond_ID,Traffic_Cntl_ID,Investigat_Notify_Time,Investigat_Notify_Meth,Investigat_Arrv_Time,Report_Date,Investigat_Comp_Fl,Investigat_Agency_ID,Investigat_Area_ID,Investigat_District_ID,Investigat_Region_ID,Bridge_Detail_ID,Harm_Evnt_ID,Intrsct_Relat_ID,FHE_Collsn_ID,Obj_Struck_ID,Othr_Factr_ID,Road_Part_Adj_ID,Road_Cls_ID,Road_Relat_ID,Phys_Featr_1_ID,Phys_Featr_2_ID,Cnty_ID,City_ID,Latitude.1,Longitude.1,Hwy_Sys,Hwy_Nbr,Hwy_Sfx,Dfo,Street_Nbr,Control,Section,Milepoint,Ref_Mark_Nbr,Ref_Mark_Displ,Hwy_Sys_2,Hwy_Nbr_2,Hwy_Sfx_2,Street_Name_2,Street_Nbr_2,Control_2,Section_2,Milepoint_2,Txdot_Rptable_Fl,Onsys_Fl,Rural_Fl,Crash_Sev_ID,Pop_Group_ID,Located_Fl,Day_of_Week,Hwy_Dsgn_Lane_ID,Hwy_Dsgn_Hrt_ID,Hp_Shldr_Left,Hp_Shldr_Right,Hp_Median_Width,Base_Type_ID,Nbr_Of_Lane,Row_Width_Usual,Roadbed_Width,Surf_Width,Surf_Type_ID,Curb_Type_Left_ID,Curb_Type_Right_ID,Shldr_Type_Left_ID,Shldr_Width_Left,Shldr_Use_Left_ID,Shldr_Type_Right_ID,Shldr_Width_Right,Shldr_Use_Right_ID,Median_Type_ID,Median_Width,Rural_Urban_Type_ID,Func_Sys_ID,Adt_Curnt_Amt,Adt_Curnt_Year,Adt_Adj_Curnt_Amt,Pct_Single_Trk_Adt,Pct_Combo_Trk_Adt,Trk_Aadt_Pct,Curve_Type_ID,Curve_Lngth,Cd_Degr,Delta_Left_Right_ID,Dd_Degr,Feature_Crossed,Structure_Number,I_R_Min_Vert_Clear,Approach_Width,Bridge_Median_ID,Bridge_Loading_Type_ID,Bridge_Loading_In_1000_Lbs,Bridge_Srvc_Type_On_ID,Bridge_Srvc_Type_Under_ID,Culvert_Type_ID,Roadway_Width,Deck_Width,Bridge_Dir_Of_Traffic_ID,Bridge_Rte_Struct_Func_ID,Bridge_IR_Struct_Func_ID,CrossingNumber,RRCo,Poscrossing_ID,WDCode_ID,Standstop,Yield,Incap_Injry_Cnt.y,Nonincap_Injry_Cnt.y,Poss_Injry_Cnt.y,Non_Injry_Cnt.y,Unkn_Injry_Cnt.y,Tot_Injry_Cnt.y,Death_Cnt.y,MPO_ID,Unit_ID,Unit_Prsn_ID,Count,BikePath
FM0734,AUS_1289237721,1391,413,48,453,1785,1,4.85E+11,1500US484530017851,Block Group 1,G5030,S,3355011,0,30.4447385,-97.7353664,12892377,AUS_12892377,30.43728482,-97.73588291,2,1,3,16,2,26,1,2,4,11,1,1,N,4,NA,NA,4,97,97,,,0,1,0,0,0,1,0,N,N,N,N,N,N,N,9/8/2012,9:51 AM,227,22,N,N,NA,NA,19,NA,,1,NA,,LEGENDARY,DR,N,N,60,N,N,,Y,19,NA,,NA,,W,PARMER,LN,NA,NA,,,,NA,11,1,4,2,1,1,8,9:52 AM,DISPATCHED,9:58 AM,9/8/2012,Y,74,NA,46,64,8,5,1,1,64,54,1,3,1,21,21,227,22,30.43728482,-97.73588291,FM,734,NA,7.609,5522,3417,2,7.008,422,-0.766,,NA,NA,LEGENDARY DR,NA,NA,NA,NA,Y,Y,N,2,9,Y,SAT,3,0,10,10,40,2,4,200,94,48,4,0,0,2,14,5,2,20,5,3,26,4,14,28000,2012,28000,1.8,1.6,3.4,NA,NA,NA,NA,NA,NA,NA,NA,NA,NA,NA,NA,NA,NA,NA,NA,NA,NA,NA,NA,NA,NA,NA,NA,NA,NA,0,1,0,2,0,1,0,90,128923772,1289237721,12,Yes
FM0734,AUS_1226771421,1392,413,48,453,1785,1,4.85E+11,1500US484530017851,Block Group 1,G5030,S,3355011,0,30.4447385,-97.7353664,12267714,AUS_12267714,30.43728482,-97.73588291,2,1,3,16,2,39,1,1,4,11,1,4,N,4,NA,NA,4,97,97,,,0,1,0,0,0,1,0,N,N,N,N,N,N,N,8/22/2011,2:17 PM,227,22,N,N,NA,NA,19,NA,,1,13000,,LEGENDARY,DR,N,N,0,N,N,,N,19,NA,,1,5300,W,PARMER,LN,NA,NA,,,,NA,11,1,2,2,1,1,8,2:17 AM,DISPATCHED,2:30 AM,8/22/2011,Y,74,NA,46,64,8,5,2,1,64,54,1,3,1,21,21,227,22,30.43728482,-97.73588291,FM,734,NA,7.609,5522,3417,2,7.008,422,-0.766,,NA,NA,LEGENDARY DR,NA,NA,NA,NA,Y,Y,N,2,9,Y,MON,3,0,10,10,40,2,4,200,94,48,4,0,0,2,14,5,2,20,5,3,26,4,14,28000,2012,28000,1.8,1.6,3.4,NA,NA,NA,NA,NA,NA,NA,NA,NA,NA,NA,NA,NA,NA,NA,NA,NA,NA,NA,NA,NA,NA,NA,NA,NA,NA,0,1,0,2,0,1,0,90,122677142,1226771421,12,Yes
FM0734,AUS_1365808821,1365,397,48,453,1850,1,4.85E+11,1500US484530018501,Block Group 1,G5030,S,1023591,0,30.4108405,-97.7044144,13658088,AUS_13658088,30.42022083,-97.70397439,2,1,3,16,2,27,1,2,4,11,1,4,N,4,NA,NA,4,97,97,,,0,1,0,0,0,1,0,N,N,N,N,N,N,N,11/15/2013,5:33 PM,227,22,N,N,NA,NA,19,NA,,1,NA,W,PERMER,LN,N,N,55,N,N,,N,19,NA,,NA,,,12500 N MOPAC,EXPY,NA,NA,,,,NA,11,4,0,2,2,1,1,5:33 PM,DISPATCHED,5:54 PM,11/15/2013,Y,74,NA,46,64,8,5,3,1,64,14,1,3,1,32,21,227,22,30.42022083,-97.70397439,FM,734,NA,9.849,NA,3417,2,9.932,424,-0.145,,NA,NA,N/A,NA,NA,NA,NA,Y,Y,N,2,9,Y,FRI,3,0,10,10,41,2,4,200,94,48,4,0,0,2,14,5,2,20,5,3,27,4,14,38000,2012,38000,1.7,1.5,3.2,1,276,0,2,10,NA,NA,NA,NA,NA,NA,NA,NA,NA,NA,NA,NA,NA,NA,NA,NA,NA,NA,NA,NA,NA,0,1,0,1,0,1,0,90,136580882,1365808821,12,Yes
FM0734,AUS_1189710921,1401,413,48,453,1785,1,4.85E+11,1500US484530017851,Block Group 1,G5030,S,3355011,0,30.4447385,-97.7353664,11897109,AUS_11897109,30.44393104,-97.74237431,2,1,3,16,3,16,1,1,4,11,1,2,N,4,NA,NA,4,97,97,,,0,0,1,0,0,1,0,N,N,N,N,N,N,N,1/27/2011,8:14 AM,227,22,N,Y,NA,NA,19,NA,,1,6208,,MCNEIL,DR,N,N,45,N,N,,N,19,NA,,1,,W,PARMER,LN,241,FALSE,N,W,,NA,11,1,4,2,1,1,1,8:14 AM,DISPATCHED,8:14 AM,1/27/2011,Y,74,1,46,64,8,5,3,1,64,14,1,3,1,32,21,227,22,30.44393104,-97.74237431,FM,734,NA,7,6103,3417,2,6.245,420,0.2,,NA,NA,N/A,NA,NA,NA,NA,Y,Y,N,3,9,Y,THU,3,0,10,10,40,2,4,200,94,48,4,0,0,2,14,5,2,20,5,3,26,4,14,28000,2012,28000,1.8,1.6,3.4,NA,NA,NA,NA,NA,NA,NA,NA,NA,NA,NA,NA,NA,NA,NA,NA,NA,NA,NA,NA,NA,NA,NA,NA,NA,NA,0,0,1,1,0,1,0,90,118971092,1189710921,12,Yes
FM0734,AUS_1293907921,1347,548,48,453,1826,2,4.85E+11,1500US484530018262,Block Group 2,G5030,S,830600,0,30.4085544,-97.6869965,12939079,AUS_12939079,30.41136114,-97.68669127,2,1,3,16,2,30,1,1,4,11,1,4,N,4,NA,NA,4,97,97,,,0,1,0,0,0,1,0,N,N,N,N,N,N,N,10/5/2012,9:54 AM,227,22,N,Y,NA,NA,19,NA,,1,1600,W,PARMER,LN,N,N,50,N,N,,Y,19,NA,,NA,12500,,SCOFIELD FARMS,DR,NA,NA,,,,NA,11,1,4,2,1,1,16,9:54 AM,DISPATCH,9:54 AM,12/5/2012,Y,74,1,114,143,8,5,1,2,64,54,1,3,1,21,21,227,22,30.41136114,-97.68669127,FM,734,NA,11.048,1601,3417,2,11.5,426,-0.47,,NA,NA,SCOFIELD FARMS DR,NA,NA,NA,NA,Y,Y,N,2,9,Y,FRI,3,0,4,10,44,2,6,300,100,72,4,0,0,2,8,5,2,20,5,3,36,4,14,37000,2012,37000,1.7,1.5,3.2,NA,NA,NA,NA,NA,NA,NA,NA,NA,NA,NA,NA,NA,NA,NA,NA,NA,NA,NA,NA,NA,NA,NA,NA,NA,NA,0,1,0,1,0,1,0,90,129390792,1293907921,12,Yes
FM0734,AUS_1229157911,1364,397,48,453,1850,1,4.85E+11,1500US484530018501,Block Group 1,G5030,S,1023591,0,30.4108405,-97.7044144,12291579,AUS_12291579,30.42003467,-97.70367992,1,1,3,16,2,26,1,1,4,11,1,4,N,4,NA,NA,4,97,97,,,0,1,0,0,0,1,0,N,N,N,N,N,N,N,9/28/2011,12:34 PM,227,22,N,Y,NA,NA,4,734,,1,2500,W,PARMER,LN,N,N,50,N,N,,N,11,1,,2,,N,MOPAC,LOOP,NA,NA,,,,NA,11,1,0,2,2,1,5,12:36 PM,RADIO DISPATCH,12:42 PM,9/28/2011,Y,74,NA,NA,51,8,5,2,1,64,54,1,3,1,21,21,227,22,30.42003467,-97.70367992,FM,734,NA,9.871,NA,3417,2,9.96,424,-0.123,SL,1,NA,SL0001,NA,NA,NA,NA,Y,Y,N,2,9,Y,WED,3,0,10,10,41,2,4,200,94,48,4,0,0,2,14,5,2,20,5,3,27,4,14,38000,2012,38000,1.7,1.5,3.2,1,276,0,2,10,NA,NA,NA,NA,NA,NA,NA,NA,NA,NA,NA,NA,NA,NA,NA,NA,NA,NA,NA,NA,NA,0,1,0,1,0,1,0,90,122915791,1229157911,12,Yes
GUADALUPE ST,AUS_1447133521,1163,12,48,453,1503,2,4.85E+11,1500US484530015032,Block Group 2,G5030,S,330948,0,30.3355474,-97.7153915,14471335,AUS_14471335,30.33395477,-97.71692247,2,1,3,16,3,29,1,2,4,11,1,2,N,4,NA,NA,4,97,97,,,0,0,1,0,0,1,0,N,N,N,N,N,N,N,6/3/2015,4:29 PM,227,22,N,N,NA,NA,19,NA,,1,6800,,GUADALUPE,ST,N,N,-1,N,N,,Y,19,NA,,1,6800,,AIRPORT,BLVD,NA,NA,,,,NA,11,1,2,NA,1,1,20,4:29 PM,DISPATCH,4:33 PM,6/3/2015,Y,74,NA,NA,121,8,5,2,2,64,54,1,5,1,21,21,227,22,30.33395477,-97.71692247,,NA,NA,NA,6799,NA,NA,NA,NA,NA,,NA,NA,AIRPORT BLVD,NA,NA,NA,NA,Y,N,N,3,9,Y,WED,NA,NA,NA,NA,NA,NA,NA,NA,NA,NA,NA,NA,NA,NA,NA,NA,NA,NA,NA,NA,NA,NA,NA,NA,NA,NA,NA,NA,NA,NA,NA,NA,NA,NA,NA,NA,NA,NA,NA,NA,NA,NA,NA,NA,NA,NA,NA,NA,NA,NA,NA,NA,NA,NA,NA,0,0,2,0,0,2,0,90,NA,NA,70,Yes
GUADALUPE ST,AUS_1228214521,908,259,48,453,603,5,4.85E+11,1500US484530006035,Block Group 5,G5030,S,130272,0,30.2926805,-97.7429143,12282145,AUS_12282145,30.29196,-97.7412,2,1,3,16,2,19,1,1,4,11,1,5,N,4,NA,NA,4,97,97,,,0,1,0,0,0,1,0,N,N,N,N,N,N,N,9/16/2011,2:05 PM,227,22,N,N,NA,NA,19,NA,,1,2700,,GUADALUPE,,N,N,30,N,N,,Y,19,NA,,NA,,W,27TH,ST,NA,NA,,,,NA,11,1,0,NA,1,1,5,2:05 PM,DISPATCHED,2:09 PM,9/16/2011,Y,74,NA,NA,187,8,5,2,1,64,54,1,5,1,21,21,227,22,30.29196,-97.7412,,NA,NA,NA,2701,NA,NA,NA,NA,NA,,NA,NA,W 27TH ST,NA,NA,NA,NA,Y,N,N,2,9,Y,FRI,NA,NA,NA,NA,NA,NA,NA,NA,NA,NA,NA,NA,NA,NA,NA,NA,NA,NA,NA,NA,NA,NA,NA,NA,NA,NA,NA,NA,NA,NA,NA,NA,NA,NA,NA,NA,NA,NA,NA,NA,NA,NA,NA,NA,NA,NA,NA,NA,NA,NA,NA,NA,NA,NA,NA,0,1,0,1,0,1,0,90,122821452,1228214521,70,Yes
GUADALUPE ST,AUS_1465508321,612,433,48,453,1100,1,4.85E+11,1500US484530011001,Block Group 1,G5030,S,2044061,66635,30.2687002,-97.7433003,14655083,AUS_14655083,30.26716478,-97.74698246,2,1,3,16,3,27,1,2,4,11,1,4,N,4,NA,NA,4,97,97,,,0,0,1,0,0,1,0,N,N,N,N,N,N,N,9/16/2015,12:04 PM,227,22,N,Y,NA,NA,19,NA,,1,400,,GUADALUPE,ST,N,N,30,N,N,,Y,19,NA,,1,,W,4TH,ST,NA,NA,,,,NA,12,1,0,NA,1,1,16,12:04 PM,DISPATCH,12:07 PM,9/16/2015,Y,74,NA,NA,67,8,5,1,2,64,54,1,5,1,21,21,227,22,30.26716478,-97.74698246,,NA,NA,NA,401,NA,NA,NA,NA,NA,,NA,NA,W 4TH ST,NA,NA,NA,NA,Y,N,N,3,9,Y,WED,NA,NA,NA,NA,NA,NA,NA,NA,NA,NA,NA,NA,NA,NA,NA,NA,NA,NA,NA,NA,NA,NA,NA,NA,NA,NA,NA,NA,NA,NA,NA,NA,NA,NA,NA,NA,NA,NA,NA,NA,NA,NA,NA,NA,NA,NA,NA,NA,NA,NA,NA,NA,NA,NA,NA,0,0,1,0,1,1,0,90,NA,NA,70,Yes
GUADALUPE ST,AUS_1275066521,1108,43,48,453,1503,1,4.85E+11,1500US484530015031,Block Group 1,G5030,S,641563,0,30.3200143,-97.7196087,12750665,AUS_12750665,30.32197387,-97.72564434,2,1,3,16,2,32,1,1,4,11,1,4,N,4,NA,NA,4,97,97,,,0,1,0,0,0,1,0,N,N,N,N,N,N,N,6/7/2012,6:25 PM,227,22,N,N,NA,NA,19,NA,,1,5400,,GUADALUPE,ST,N,N,35,N,N,,N,19,NA,,1,600,,NELRAY,BLVD,NA,NA,,,,NA,12,1,0,NA,1,1,1,6:43 PM,DISPATCHED,6:46 PM,6/7/2012,Y,74,NA,NA,NA,8,5,3,3,64,14,1,5,1,1,21,227,22,30.32197387,-97.72564434,,NA,NA,NA,5437,NA,NA,NA,NA,NA,,NA,NA,N/A,NA,NA,NA,NA,Y,N,N,2,9,Y,THU,NA,NA,NA,NA,NA,NA,NA,NA,NA,NA,NA,NA,NA,NA,NA,NA,NA,NA,NA,NA,NA,NA,NA,NA,NA,NA,NA,NA,NA,NA,NA,NA,NA,NA,NA,NA,NA,NA,NA,NA,NA,NA,NA,NA,NA,NA,NA,NA,NA,NA,NA,NA,NA,NA,NA,0,1,0,0,1,1,0,90,127506652,1275066521,70,Yes
GUADALUPE ST,AUS_1229115021,888,365,48,453,603,4,4.85E+11,1500US484530006034,Block Group 4,G5030,S,91890,0,30.2891904,-97.7429845,12291150,AUS_12291150,30.28979,-97.74141,2,1,3,16,2,29,1,1,4,11,1,4,N,4,NA,NA,4,97,97,,,0,1,0,0,0,1,0,N,N,N,N,N,N,N,9/23/2011,7:40 PM,227,22,N,N,NA,NA,19,NA,,1,2500,,GUADALUPE,ST,N,N,30,N,N,,Y,19,NA,,NA,300,W,DEAN KEETON,ST,NA,NA,,,,NA,11,4,2,NA,1,1,5,7:40 PM,DISPATCH,7:45 PM,9/23/2011,Y,74,NA,NA,187,8,5,1,2,64,54,1,5,1,21,21,227,22,30.28979,-97.74141,,NA,NA,NA,2525,NA,NA,NA,NA,NA,,NA,NA,W DEAN KEETON ST,NA,NA,NA,NA,Y,N,N,2,9,Y,FRI,NA,NA,NA,NA,NA,NA,NA,NA,NA,NA,NA,NA,NA,NA,NA,NA,NA,NA,NA,NA,NA,NA,NA,NA,NA,NA,NA,NA,NA,NA,NA,NA,NA,NA,NA,NA,NA,NA,NA,NA,NA,NA,NA,NA,NA,NA,NA,NA,NA,NA,NA,NA,NA,NA,NA,0,1,0,1,0,1,0,90,122911502,1229115021,70,Yes
GUADALUPE ST,AUS_1428459621,1181,274,48,453,1804,2,4.85E+11,1500US484530018042,Block Group 2,G5030,S,751776,0,30.3422016,-97.7117665,14284596,AUS_14284596,30.34191476,-97.71248247,2,1,3,16,2,39,1,1,4,11,1,4,N,4,NA,NA,4,97,97,,,0,1,0,0,0,1,0,N,N,N,N,Y,N,N,2/1/2015,4:00 PM,227,22,N,N,NA,NA,19,NA,,1,NA,,GUADALUPE,ST,N,N,30,N,N,,Y,19,NA,,1,,,BISSONET,LN,NA,NA,,,,NA,11,1,2,NA,1,1,1,9:00 PM,DISPATCH,9:30 PM,2/1/2015,Y,74,NA,NA,121,8,5,1,3,64,54,1,5,1,21,21,227,22,30.34191476,-97.71248247,,NA,NA,NA,7521,NA,NA,NA,NA,NA,,NA,NA,BISSONET LN,NA,NA,NA,NA,Y,N,N,2,9,Y,SUN,NA,NA,NA,NA,NA,NA,NA,NA,NA,NA,NA,NA,NA,NA,NA,NA,NA,NA,NA,NA,NA,NA,NA,NA,NA,NA,NA,NA,NA,NA,NA,NA,NA,NA,NA,NA,NA,NA,NA,NA,NA,NA,NA,NA,NA,NA,NA,NA,NA,NA,NA,NA,NA,NA,NA,0,1,0,1,0,1,0,90,NA,NA,70,Yes
GUADALUPE ST,AUS_1414443321,822,366,48,453,604,2,4.85E+11,1500US484530006042,Block Group 2,G5030,S,189019,0,30.2849961,-97.7433474,14144433,AUS_14144433,30.28381,-97.74192,2,1,3,16,2,NA,1,1,4,11,1,97,N,4,NA,NA,4,97,97,,,0,1,0,0,0,1,0,N,N,N,N,N,N,N,11/5/2014,4:56 PM,227,1792,Y,N,NA,NA,19,NA,,1,NA,,GUADALUPE,ST,N,N,35,N,N,,Y,19,NA,,1,,W,21ST,ST,NA,NA,,,,NA,2,1,4,NA,1,2,16,4:56 PM,DISPATCH,5:13 PM,11/5/2014,Y,74,1061,10,14,8,5,1,2,64,54,1,5,1,21,21,227,22,30.28381,-97.74192,,NA,NA,NA,2099,NA,NA,NA,NA,NA,,NA,NA,W 21ST ST,NA,NA,NA,NA,Y,N,N,2,9,Y,WED,NA,NA,NA,NA,NA,NA,NA,NA,NA,NA,NA,NA,NA,NA,NA,NA,NA,NA,NA,NA,NA,NA,NA,NA,NA,NA,NA,NA,NA,NA,NA,NA,NA,NA,NA,NA,NA,NA,NA,NA,NA,NA,NA,NA,NA,NA,NA,NA,NA,NA,NA,NA,NA,NA,NA,0,1,0,1,0,1,0,90,141444332,1414443321,70,Yes
GUADALUPE ST,AUS_1282165521,973,2,48,453,204,1,4.85E+11,1500US484530002041,Block Group 1,G5030,S,514125,0,30.3003058,-97.7429373,12821655,AUS_12821655,30.30034,-97.73969,2,1,3,16,2,20,2,1,4,11,1,4,N,4,NA,NA,4,97,97,,,0,1,0,0,0,1,0,N,N,N,N,N,N,N,7/25/2012,8:10 PM,227,22,N,N,NA,NA,19,NA,,1,3400,,GUADALUPE,ST,N,N,0,N,N,,Y,19,NA,,NA,,W,34TH,ST,NA,NA,,,,NA,11,1,4,NA,1,1,5,8:10 PM,DISPATCH,,7/25/2012,Y,74,11,10,14,8,5,2,1,64,54,1,5,1,21,21,227,22,30.30034,-97.73969,,NA,NA,NA,3399,NA,NA,NA,NA,NA,,NA,NA,W 34TH ST,NA,NA,NA,NA,Y,N,N,2,9,Y,WED,NA,NA,NA,NA,NA,NA,NA,NA,NA,NA,NA,NA,NA,NA,NA,NA,NA,NA,NA,NA,NA,NA,NA,NA,NA,NA,NA,NA,NA,NA,NA,NA,NA,NA,NA,NA,NA,NA,NA,NA,NA,NA,NA,NA,NA,NA,NA,NA,NA,NA,NA,NA,NA,NA,NA,0,1,0,1,0,1,0,90,128216552,1282165521,70,Yes
GUADALUPE ST,AUS_1398401521,783,67,48,453,700,1,4.85E+11,1500US484530007001,Block Group 1,G5030,S,1615130,0,30.2777004,-97.7411232,13984015,AUS_13984015,30.279936,-97.74224813,2,1,3,16,5,23,1,1,4,11,1,4,N,4,NA,NA,4,97,97,,,0,0,0,1,0,0,0,N,N,N,N,N,N,N,8/19/2014,12:56 PM,227,22,N,Y,NA,NA,19,NA,,1,1700,,GUADALUPE,ST,N,N,-1,N,N,,N,19,NA,,NA,400,W,17TH,ST,NA,NA,,,DRIVE WAY,NA,11,1,0,NA,1,1,16,12:56 PM,ON SIGHT,12:56 PM,8/19/2014,Y,74,1061,10,14,8,5,4,2,64,3,1,5,1,11,21,227,22,30.279936,-97.74224813,,NA,NA,NA,1702,NA,NA,NA,NA,NA,,NA,NA,N/A,NA,NA,NA,NA,Y,N,N,5,9,Y,TUE,NA,NA,NA,NA,NA,NA,NA,NA,NA,NA,NA,NA,NA,NA,NA,NA,NA,NA,NA,NA,NA,NA,NA,NA,NA,NA,NA,NA,NA,NA,NA,NA,NA,NA,NA,NA,NA,NA,NA,NA,NA,NA,NA,NA,NA,NA,NA,NA,NA,NA,NA,NA,NA,NA,NA,0,0,0,3,0,0,0,90,139840152,1398401521,70,Yes
GUADALUPE ST,AUS_1401003621,884,365,48,453,603,4,4.85E+11,1500US484530006034,Block Group 4,G5030,S,91890,0,30.2891904,-97.7429845,14010036,AUS_14010036,30.28979,-97.74141,2,1,3,16,2,20,4,1,4,11,1,4,N,4,NA,NA,4,97,97,,,0,1,0,0,0,1,0,N,N,N,N,N,N,N,9/5/2014,9:57 AM,227,22,N,N,NA,NA,19,NA,,1,NA,,GUADALUPE,ST,N,N,30,N,N,,Y,19,NA,,1,,W,DEAN KEETON,ST,NA,NA,,,,NA,11,1,2,NA,1,1,16,9:57 AM,ON SIGHT,9:57 AM,9/5/2014,Y,74,1061,10,14,8,5,1,2,64,54,1,5,1,21,21,227,22,30.28979,-97.74141,,NA,NA,NA,2525,NA,NA,NA,NA,NA,,NA,NA,W DEAN KEETON ST,NA,NA,NA,NA,Y,N,N,2,9,Y,FRI,NA,NA,NA,NA,NA,NA,NA,NA,NA,NA,NA,NA,NA,NA,NA,NA,NA,NA,NA,NA,NA,NA,NA,NA,NA,NA,NA,NA,NA,NA,NA,NA,NA,NA,NA,NA,NA,NA,NA,NA,NA,NA,NA,NA,NA,NA,NA,NA,NA,NA,NA,NA,NA,NA,NA,0,1,0,1,0,1,0,90,140100362,1401003621,70,Yes
GUADALUPE ST,AUS_1339418221,792,67,48,453,700,1,4.85E+11,1500US484530007001,Block Group 1,G5030,S,1615130,0,30.2777004,-97.7411232,13394182,AUS_13394182,30.28062,-97.74199,2,1,3,16,3,20,2,1,4,11,1,4,N,4,NA,NA,4,97,97,,,0,0,1,0,0,1,0,N,N,N,N,N,N,N,7/26/2013,11:53 AM,227,22,N,N,NA,NA,19,NA,,1,1800,,GUADALUPE,ST,N,N,35,N,N,,N,19,NA,,NA,,,MLK JR,BLVD,NA,NA,,,,NA,11,1,0,NA,1,1,11,11:54 AM,DISPATCH,11:56 AM,7/26/2013,Y,74,129,10,14,8,5,3,2,64,13,1,5,2,32,21,227,22,30.28062,-97.74199,,NA,NA,NA,1800,NA,NA,NA,NA,NA,,NA,NA,N/A,NA,NA,NA,NA,Y,N,N,3,9,Y,FRI,NA,NA,NA,NA,NA,NA,NA,NA,NA,NA,NA,NA,NA,NA,NA,NA,NA,NA,NA,NA,NA,NA,NA,NA,NA,NA,NA,NA,NA,NA,NA,NA,NA,NA,NA,NA,NA,NA,NA,NA,NA,NA,NA,NA,NA,NA,NA,NA,NA,NA,NA,NA,NA,NA,NA,0,0,1,1,0,1,0,90,133941822,1339418221,70,Yes
GUADALUPE ST,AUS_1346935421,954,2,48,453,204,1,4.85E+11,1500US484530002041,Block Group 1,G5030,S,514125,0,30.3003058,-97.7429373,13469354,AUS_13469354,30.29775988,-97.74131644,2,1,3,16,2,NA,4,1,4,11,1,2,N,4,NA,NA,4,97,97,,,0,1,0,0,0,1,0,N,N,N,N,N,N,N,8/30/2013,4:40 PM,227,22,N,N,NA,NA,19,NA,,1,3100,,GUADALUPE,ST,N,N,35,N,N,,N,19,NA,,NA,,,31ST,ST,NA,NA,,,,NA,11,1,0,NA,1,1,1,7:11 PM,DISPATCH,7:16 PM,8/30/2013,Y,74,1061,10,14,8,5,3,3,64,13,1,5,1,32,21,227,22,30.29775988,-97.74131644,,NA,NA,NA,3089,NA,NA,NA,NA,NA,,NA,NA,N/A,NA,NA,NA,NA,Y,N,N,2,9,Y,FRI,NA,NA,NA,NA,NA,NA,NA,NA,NA,NA,NA,NA,NA,NA,NA,NA,NA,NA,NA,NA,NA,NA,NA,NA,NA,NA,NA,NA,NA,NA,NA,NA,NA,NA,NA,NA,NA,NA,NA,NA,NA,NA,NA,NA,NA,NA,NA,NA,NA,NA,NA,NA,NA,NA,NA,0,1,0,1,0,1,0,90,134693542,1346935421,70,Yes