Street_Name,Crash_UP_ID,FID,FID_Austin,STATEFP,COUNTYFP,TRACTCE,BLKGRPCE,GEOID1,GEOID,NAMELSAD,MTFCC,FUNCSTAT,ALAND,AWATER,INTPTLAT,INTPTLON,CrashID,CrashID1,Latitude,Longitude,Unit_Nbr,Prsn_Nbr,Prsn_Type_ID,Prsn_Occpnt_Pos_ID,Prsn_Injry_Sev_ID,Prsn_Age,Prsn_Ethnicity_ID,Prsn_Gndr_ID,Prsn_Ejct_ID,Prsn_Rest_ID,Prsn_Airbag_ID,Prsn_Helmet_ID,Prsn_Sol_Fl,Prsn_Alc_Spec_Type_ID,Prsn_Alc_Rslt_ID,Prsn_Bac_Test_Rslt,Prsn_Drg_Spec_Type_ID,Prsn_Drg_Rslt_ID,Drvr_Drg_Cat_1_ID,Prsn_Death_Date,Prsn_Death_Time,Incap_Injry_Cnt.x,Nonincap_Injry_Cnt.x,Poss_Injry_Cnt.x,Non_Injry_Cnt.x,Unkn_Injry_Cnt.x,Tot_Injry_Cnt.x,Death_Cnt.x,Crash_Fatal_Fl,Cmv_Involv_Fl,Schl_Bus_Fl,Rr_Relat_Fl,Medical_Advisory_Fl,Amend_Supp_Fl,Active_School_Zone_Fl,Crash_Date,Crash_Time,Rpt_CRIS_Cnty_ID,Rpt_City_ID,Rpt_Outside_City_Limit_Fl,Thousand_Damage_Fl,Rpt_Latitude,Rpt_Longitude,Rpt_Rdwy_Sys_ID,Rpt_Hwy_Num,Rpt_Hwy_Sfx,Rpt_Road_Part_ID,Rpt_Block_Num,Rpt_Street_Pfx,Rpt_Street_Name,Rpt_Street_Sfx,Private_Dr_Fl,Toll_Road_Fl,Crash_Speed_Limit,Road_Constr_Zone_Fl,Road_Constr_Zone_Wrkr_Fl,Rpt_Street_Desc,At_Intrsct_Fl,Rpt_Sec_Rdwy_Sys_ID,Rpt_Sec_Hwy_Num,Rpt_Sec_Hwy_Sfx,Rpt_Sec_Road_Part_ID,Rpt_Sec_Block_Num,Rpt_Sec_Street_Pfx,Rpt_Sec_Street_Name,Rpt_Sec_Street_Sfx,Rpt_Ref_Mark_Offset_Amt,Rpt_Ref_Mark_Dist_Uom,Rpt_Ref_Mark_Dir,Rpt_Ref_Mark_Nbr,Rpt_Sec_Street_Desc,Rpt_CrossingNumber,Wthr_Cond_ID,Light_Cond_ID,Entr_Road_ID,Road_Type_ID,Road_Algn_ID,Surf_Cond_ID,Traffic_Cntl_ID,Investigat_Notify_Time,Investigat_Notify_Meth,Investigat_Arrv_Time,Report_Date,Investigat_Comp_Fl,Investigat_Agency_ID,Investigat_Area_ID,Investigat_District_ID,Investigat_Region_ID,Bridge_Detail_ID,Harm_Evnt_ID,Intrsct_Relat_ID,FHE_Collsn_ID,Obj_Struck_ID,Othr_Factr_ID,Road_Part_Adj_ID,Road_Cls_ID,Road_Relat_ID,Phys_Featr_1_ID,Phys_Featr_2_ID,Cnty_ID,City_ID,Latitude.1,Longitude.1,Hwy_Sys,Hwy_Nbr,Hwy_Sfx,Dfo,Street_Nbr,Control,Section,Milepoint,Ref_Mark_Nbr,Ref_Mark_Displ,Hwy_Sys_2,Hwy_Nbr_2,Hwy_Sfx_2,Street_Name_2,Street_Nbr_2,Control_2,Section_2,Milepoint_2,Txdot_Rptable_Fl,Onsys_Fl,Rural_Fl,Crash_Sev_ID,Pop_Group_ID,Located_Fl,Day_of_Week,Hwy_Dsgn_Lane_ID,Hwy_Dsgn_Hrt_ID,Hp_Shldr_Left,Hp_Shldr_Right,Hp_Median_Width,Base_Type_ID,Nbr_Of_Lane,Row_Width_Usual,Roadbed_Width,Surf_Width,Surf_Type_ID,Curb_Type_Left_ID,Curb_Type_Right_ID,Shldr_Type_Left_ID,Shldr_Width_Left,Shldr_Use_Left_ID,Shldr_Type_Right_ID,Shldr_Width_Right,Shldr_Use_Right_ID,Median_Type_ID,Median_Width,Rural_Urban_Type_ID,Func_Sys_ID,Adt_Curnt_Amt,Adt_Curnt_Year,Adt_Adj_Curnt_Amt,Pct_Single_Trk_Adt,Pct_Combo_Trk_Adt,Trk_Aadt_Pct,Curve_Type_ID,Curve_Lngth,Cd_Degr,Delta_Left_Right_ID,Dd_Degr,Feature_Crossed,Structure_Number,I_R_Min_Vert_Clear,Approach_Width,Bridge_Median_ID,Bridge_Loading_Type_ID,Bridge_Loading_In_1000_Lbs,Bridge_Srvc_Type_On_ID,Bridge_Srvc_Type_Under_ID,Culvert_Type_ID,Roadway_Width,Deck_Width,Bridge_Dir_Of_Traffic_ID,Bridge_Rte_Struct_Func_ID,Bridge_IR_Struct_Func_ID,CrossingNumber,RRCo,Poscrossing_ID,WDCode_ID,Standstop,Yield,Incap_Injry_Cnt.y,Nonincap_Injry_Cnt.y,Poss_Injry_Cnt.y,Non_Injry_Cnt.y,Unkn_Injry_Cnt.y,Tot_Injry_Cnt.y,Death_Cnt.y,MPO_ID,Unit_ID,Unit_Prsn_ID,Count,BikePath
GUADALUPE ST,AUS_1374618521,1150,13,48,453,1503,3,4.85E+11,1500US484530015033,Block Group 3,G5030,S,1163063,0,30.3278302,-97.719638,13746185,AUS_13746185,30.32909923,-97.72028494,2,1,3,16,2,14,3,1,4,11,1,97,N,4,NA,NA,4,97,97,,,0,1,0,0,0,1,0,N,N,N,N,N,N,N,3/10/2014,3:57 PM,227,22,N,N,NA,NA,19,NA,,1,6200,,GUADALUPE,ST,N,N,30,N,N,,N,19,NA,,NA,,,DENSON,,NA,NA,,,,NA,11,1,0,NA,1,1,20,3:57 PM,DISPATCH,4:05 PM,3/10/2014,Y,74,NA,121,95,8,5,4,1,64,54,1,5,1,21,21,227,22,30.32909923,-97.72028494,,NA,NA,NA,6207,NA,NA,NA,NA,NA,,NA,NA,N/A,NA,NA,NA,NA,Y,N,N,2,9,Y,MON,NA,NA,NA,NA,NA,NA,NA,NA,NA,NA,NA,NA,NA,NA,NA,NA,NA,NA,NA,NA,NA,NA,NA,NA,NA,NA,NA,NA,NA,NA,NA,NA,NA,NA,NA,NA,NA,NA,NA,NA,NA,NA,NA,NA,NA,NA,NA,NA,NA,NA,NA,NA,NA,NA,NA,0,1,0,1,0,1,0,90,137461852,1374618521,70,Yes
GUADALUPE ST,AUS_1372441421,919,259,48,453,603,5,4.85E+11,1500US484530006035,Block Group 5,G5030,S,130272,0,30.2926805,-97.7429143,13724414,AUS_13724414,30.29334999,-97.74185,2,1,3,16,2,NA,1,1,4,11,1,4,N,4,NA,NA,4,97,97,,,0,1,0,0,0,1,0,N,N,N,N,N,N,N,2/25/2014,10:09 PM,227,22,N,N,NA,NA,19,NA,,1,2800,,GUADALUPE ST,ST,N,N,-1,N,N,,Y,19,NA,,1,2800,,FRUTH ST,ST,NA,NA,,,,NA,2,4,2,NA,1,2,8,10:09 PM,DISPATCH,10:11 PM,2/25/2014,Y,74,1061,10,14,8,5,1,1,64,54,1,5,1,21,21,227,22,30.29334999,-97.74185,,NA,NA,NA,2800,NA,NA,NA,NA,NA,,NA,NA,UNKNOWN,NA,NA,NA,NA,Y,N,N,2,9,Y,TUE,NA,NA,NA,NA,NA,NA,NA,NA,NA,NA,NA,NA,NA,NA,NA,NA,NA,NA,NA,NA,NA,NA,NA,NA,NA,NA,NA,NA,NA,NA,NA,NA,NA,NA,NA,NA,NA,NA,NA,NA,NA,NA,NA,NA,NA,NA,NA,NA,NA,NA,NA,NA,NA,NA,NA,0,1,0,1,0,1,0,90,137244142,1372441421,70,Yes
GUADALUPE ST,AUS_1216679021,887,365,48,453,603,4,4.85E+11,1500US484530006034,Block Group 4,G5030,S,91890,0,30.2891904,-97.7429845,12166790,AUS_12166790,30.28979,-97.74141,2,1,3,16,1,19,3,2,4,11,2,5,N,4,NA,NA,4,97,97,,,1,0,0,0,0,1,0,N,Y,N,N,N,N,N,6/27/2011,3:03 PM,227,22,N,Y,NA,NA,19,NA,,1,2500,,GUADALUPE,ST,N,N,35,N,N,,Y,19,NA,,1,300,W,DEAN KEETON,ST,NA,NA,,,,NA,11,1,2,NA,1,1,5,3:03 PM,,3:25 PM,6/27/2011,Y,74,11,10,14,8,5,2,1,64,54,1,5,1,21,21,227,22,30.28979,-97.74141,,NA,NA,NA,2525,NA,NA,NA,NA,NA,,NA,NA,W DEAN KEETON ST,NA,NA,NA,NA,Y,N,N,1,9,Y,MON,NA,NA,NA,NA,NA,NA,NA,NA,NA,NA,NA,NA,NA,NA,NA,NA,NA,NA,NA,NA,NA,NA,NA,NA,NA,NA,NA,NA,NA,NA,NA,NA,NA,NA,NA,NA,NA,NA,NA,NA,NA,NA,NA,NA,NA,NA,NA,NA,NA,NA,NA,NA,NA,NA,NA,1,0,0,1,0,1,0,90,121667902,1216679021,70,Yes
GUADALUPE ST,AUS_1467768421,947,2,48,453,204,1,4.85E+11,1500US484530002041,Block Group 1,G5030,S,514125,0,30.3003058,-97.7429373,14677684,AUS_14677684,30.29649477,-97.74211246,2,1,3,16,2,22,2,1,4,11,1,5,N,4,NA,NA,4,97,97,,,0,1,0,0,0,1,0,N,N,N,N,N,N,N,9/3/2015,5:07 PM,227,22,N,N,NA,NA,19,NA,,1,3000,N,GUADALUPE,ST,N,N,-1,N,N,,Y,19,NA,,1,3000,W,W 30TH,ST,NA,NA,,,,NA,11,1,2,NA,1,1,5,5:07 PM,DISPATCH,5:19 PM,10/2/2015,Y,74,NA,NA,10,8,5,2,1,64,3,1,5,1,21,21,227,22,30.29649477,-97.74211246,,NA,NA,NA,2933,NA,NA,NA,NA,NA,,NA,NA,W 30TH ST,NA,NA,NA,NA,Y,N,N,2,9,Y,THU,NA,NA,NA,NA,NA,NA,NA,NA,NA,NA,NA,NA,NA,NA,NA,NA,NA,NA,NA,NA,NA,NA,NA,NA,NA,NA,NA,NA,NA,NA,NA,NA,NA,NA,NA,NA,NA,NA,NA,NA,NA,NA,NA,NA,NA,NA,NA,NA,NA,NA,NA,NA,NA,NA,NA,0,1,0,1,0,1,0,90,NA,NA,70,Yes
GUADALUPE ST,AUS_1398204921,1076,506,48,453,305,2,4.85E+11,1500US484530003052,Block Group 2,G5030,S,621511,0,30.3138589,-97.7287013,13982049,AUS_13982049,30.31283,-97.73165,2,1,3,16,3,35,1,1,4,11,1,2,N,4,NA,NA,4,97,97,,,0,0,1,0,0,1,0,N,N,N,N,N,N,N,8/14/2014,9:33 AM,227,22,N,N,NA,NA,19,NA,,1,4600,,GUADALUPE,ST,N,N,35,N,N,,N,19,NA,,NA,500,W,45TH,ST,NA,NA,,,,NA,11,1,0,NA,1,1,20,9:33 AM,DISPATCH,9:40 AM,8/14/2014,Y,74,1061,10,14,8,5,3,2,64,13,1,5,1,32,21,227,22,30.31283,-97.73165,,NA,NA,NA,4600,NA,NA,NA,NA,NA,,NA,NA,N/A,NA,NA,NA,NA,Y,N,N,3,9,Y,THU,NA,NA,NA,NA,NA,NA,NA,NA,NA,NA,NA,NA,NA,NA,NA,NA,NA,NA,NA,NA,NA,NA,NA,NA,NA,NA,NA,NA,NA,NA,NA,NA,NA,NA,NA,NA,NA,NA,NA,NA,NA,NA,NA,NA,NA,NA,NA,NA,NA,NA,NA,NA,NA,NA,NA,0,0,1,1,0,1,0,90,139820492,1398204921,70,Yes
GUADALUPE ST,AUS_1471685421,708,433,48,453,1100,1,4.85E+11,1500US484530011001,Block Group 1,G5030,S,2044061,66635,30.2687002,-97.7433003,14716854,AUS_14716854,30.27367478,-97.74456246,2,1,3,16,2,23,1,2,4,11,1,5,N,4,NA,NA,4,97,97,,,0,1,0,0,0,1,0,N,N,N,N,N,N,N,10/9/2015,5:11 PM,227,22,N,N,NA,NA,19,NA,,1,NA,,GUADALUPE,ST,N,N,30,N,N,,Y,19,NA,,1,,W,11TH,ST,NA,NA,,,,NA,11,1,4,NA,2,1,16,5:11 PM,DISPATCH,5:15 PM,10/9/2015,Y,74,NA,NA,67,8,5,1,2,64,54,1,5,1,21,21,227,22,30.27367478,-97.74456246,,NA,NA,NA,1101,NA,NA,NA,NA,NA,,NA,NA,W 11TH ST,NA,NA,NA,NA,Y,N,N,2,9,Y,FRI,NA,NA,NA,NA,NA,NA,NA,NA,NA,NA,NA,NA,NA,NA,NA,NA,NA,NA,NA,NA,NA,NA,NA,NA,NA,NA,NA,NA,NA,NA,NA,NA,NA,NA,NA,NA,NA,NA,NA,NA,NA,NA,NA,NA,NA,NA,NA,NA,NA,NA,NA,NA,NA,NA,NA,0,1,0,0,1,1,0,90,NA,NA,70,Yes
GUADALUPE ST,AUS_1410056721,993,45,48,453,203,1,4.85E+11,1500US484530002031,Block Group 1,G5030,S,1209417,0,30.3126275,-97.7366586,14100567,AUS_14100567,30.30275,-97.73816,2,1,3,16,2,46,1,1,4,11,1,4,N,4,NA,NA,4,97,97,,,0,1,0,0,0,1,0,N,N,N,N,N,N,N,10/31/2014,9:48 AM,227,22,N,N,NA,NA,19,NA,,1,NA,,GUADALUPE,ST,N,N,35,N,N,,Y,19,NA,,1,,W,38TH,ST,NA,NA,,,,NA,11,1,4,NA,2,1,5,9:48 AM,ON SIGHT,9:48 AM,10/31/2014,Y,74,1061,10,14,8,5,1,3,64,54,1,5,1,21,21,227,22,30.30275,-97.73816,,NA,NA,NA,3801,NA,NA,NA,NA,NA,,NA,NA,W 38TH ST,NA,NA,NA,NA,Y,N,N,2,9,Y,FRI,NA,NA,NA,NA,NA,NA,NA,NA,NA,NA,NA,NA,NA,NA,NA,NA,NA,NA,NA,NA,NA,NA,NA,NA,NA,NA,NA,NA,NA,NA,NA,NA,NA,NA,NA,NA,NA,NA,NA,NA,NA,NA,NA,NA,NA,NA,NA,NA,NA,NA,NA,NA,NA,NA,NA,0,1,0,1,0,1,0,90,141005672,1410056721,70,Yes
GUADALUPE ST,AUS_1372032421,992,45,48,453,203,1,4.85E+11,1500US484530002031,Block Group 1,G5030,S,1209417,0,30.3126275,-97.7366586,13720324,AUS_13720324,30.30275,-97.73816,2,1,3,16,1,22,1,1,4,11,1,4,N,4,NA,NA,4,97,97,,,1,0,0,0,0,1,0,N,N,N,N,N,N,N,2/18/2014,9:25 AM,227,22,N,N,NA,NA,19,NA,,1,3800,,GUADALUPE,ST,N,N,35,N,N,,Y,19,NA,,1,500,W,38TH,ST,NA,NA,,,,NA,12,1,4,NA,1,1,5,9:25 AM,DISPATCH,9:25 AM,2/18/2014,Y,74,1061,10,14,8,5,1,3,64,3,1,5,1,21,21,227,22,30.30275,-97.73816,,NA,NA,NA,3801,NA,NA,NA,NA,NA,,NA,NA,W 38TH ST,NA,NA,NA,NA,Y,N,N,1,9,Y,TUE,NA,NA,NA,NA,NA,NA,NA,NA,NA,NA,NA,NA,NA,NA,NA,NA,NA,NA,NA,NA,NA,NA,NA,NA,NA,NA,NA,NA,NA,NA,NA,NA,NA,NA,NA,NA,NA,NA,NA,NA,NA,NA,NA,NA,NA,NA,NA,NA,NA,NA,NA,NA,NA,NA,NA,1,0,0,1,0,1,0,90,137203242,1372032421,70,Yes
GUADALUPE ST,AUS_1395277221,906,259,48,453,603,5,4.85E+11,1500US484530006035,Block Group 5,G5030,S,130272,0,30.2926805,-97.7429143,13952772,AUS_13952772,30.29196,-97.7412,2,1,3,16,2,25,1,2,4,11,1,2,N,4,NA,NA,4,97,97,,,0,1,0,0,0,1,0,N,N,N,N,N,N,N,7/30/2014,4:49 PM,227,22,N,N,NA,NA,19,NA,,1,NA,,GUADALUPLE,ST,N,N,-1,N,N,,Y,19,NA,,1,,W,27TH,ST,NA,NA,,,,NA,11,1,4,NA,1,1,5,4:49 PM,DISPATCH,5:05 PM,7/30/2014,Y,74,1061,10,14,8,5,1,2,64,3,1,5,1,21,21,227,22,30.29196,-97.7412,,NA,NA,NA,2701,NA,NA,NA,NA,NA,,NA,NA,W 27TH ST,NA,NA,NA,NA,Y,N,N,2,9,Y,WED,NA,NA,NA,NA,NA,NA,NA,NA,NA,NA,NA,NA,NA,NA,NA,NA,NA,NA,NA,NA,NA,NA,NA,NA,NA,NA,NA,NA,NA,NA,NA,NA,NA,NA,NA,NA,NA,NA,NA,NA,NA,NA,NA,NA,NA,NA,NA,NA,NA,NA,NA,NA,NA,NA,NA,0,1,0,2,0,1,0,90,139527722,1395277221,70,Yes
GUADALUPE ST,AUS_1353115421,936,362,48,453,601,1,4.85E+11,1500US484530006011,Block Group 1,G5030,S,197089,0,30.2937354,-97.739645,13531154,AUS_13531154,30.2954,-97.7428,2,1,3,16,2,26,1,1,4,11,1,2,N,4,NA,NA,4,97,97,,,0,1,0,0,0,1,0,N,N,N,N,N,N,N,10/29/2013,12:10 PM,227,22,N,N,NA,NA,19,NA,,1,2900,,GUADALUPE ST,ST,N,N,30,N,N,,Y,19,NA,,1,600,W,29TH ST,ST,NA,NA,,,,NA,11,1,4,NA,1,1,5,12:30 PM,DISPATCH,12:32 PM,10/29/2013,Y,74,1061,10,14,8,5,2,2,64,54,1,5,1,21,21,227,22,30.2954,-97.7428,,NA,NA,NA,2901,NA,NA,NA,NA,NA,,NA,NA,W 29TH ST,NA,NA,NA,NA,Y,N,N,2,9,Y,TUE,NA,NA,NA,NA,NA,NA,NA,NA,NA,NA,NA,NA,NA,NA,NA,NA,NA,NA,NA,NA,NA,NA,NA,NA,NA,NA,NA,NA,NA,NA,NA,NA,NA,NA,NA,NA,NA,NA,NA,NA,NA,NA,NA,NA,NA,NA,NA,NA,NA,NA,NA,NA,NA,NA,NA,0,1,0,1,0,1,0,90,135311542,1353115421,70,Yes
GUADALUPE ST,AUS_1413200621,852,366,48,453,604,2,4.85E+11,1500US484530006042,Block Group 2,G5030,S,189019,0,30.2849961,-97.7433474,14132006,AUS_14132006,30.28769,-97.74158,2,1,3,16,2,21,4,1,4,11,1,97,N,4,NA,NA,4,97,97,,,0,1,0,0,0,1,0,N,N,N,N,N,N,N,10/31/2014,9:24 AM,227,1792,Y,N,NA,NA,19,NA,,1,2400,,GUADALUPE,ST,N,N,-1,N,N,,Y,19,NA,,1,300,W,24TH,ST,NA,NA,,,,NA,11,1,4,NA,1,1,5,9:24 AM,DISPATCH,9:26 AM,10/31/2014,Y,74,1061,10,14,8,5,2,3,64,54,1,5,1,21,21,227,22,30.28769,-97.74158,,NA,NA,NA,2399,NA,NA,NA,NA,NA,,NA,NA,W 24TH ST,NA,NA,NA,NA,Y,N,N,2,9,Y,FRI,NA,NA,NA,NA,NA,NA,NA,NA,NA,NA,NA,NA,NA,NA,NA,NA,NA,NA,NA,NA,NA,NA,NA,NA,NA,NA,NA,NA,NA,NA,NA,NA,NA,NA,NA,NA,NA,NA,NA,NA,NA,NA,NA,NA,NA,NA,NA,NA,NA,NA,NA,NA,NA,NA,NA,0,1,0,1,0,1,0,90,141320062,1413200621,70,Yes
GUADALUPE ST,AUS_1460358421,956,2,48,453,204,1,4.85E+11,1500US484530002041,Block Group 1,G5030,S,514125,0,30.3003058,-97.7429373,14603584,AUS_14603584,30.29791096,-97.74120985,2,1,3,16,3,27,1,1,4,11,1,5,N,4,NA,NA,4,97,97,,,0,0,1,0,0,1,0,N,N,N,N,N,N,N,8/19/2015,1:58 PM,227,22,N,N,NA,NA,19,NA,,1,3101,,GUADALUPE ST,ST,N,N,-1,N,N,,N,19,NA,,1,,W,W 31ST ST,ST,NA,NA,,,,NA,11,1,0,NA,2,1,16,1:58 PM,DISPATCH,2:04 PM,8/19/2015,Y,74,NA,NA,120,8,5,4,2,64,54,1,5,1,21,21,227,22,30.29791096,-97.74120985,,NA,NA,NA,3101,NA,NA,NA,NA,NA,,NA,NA,N/A,NA,NA,NA,NA,Y,N,N,3,9,Y,WED,NA,NA,NA,NA,NA,NA,NA,NA,NA,NA,NA,NA,NA,NA,NA,NA,NA,NA,NA,NA,NA,NA,NA,NA,NA,NA,NA,NA,NA,NA,NA,NA,NA,NA,NA,NA,NA,NA,NA,NA,NA,NA,NA,NA,NA,NA,NA,NA,NA,NA,NA,NA,NA,NA,NA,0,0,1,1,0,1,0,90,NA,NA,70,Yes
GUADALUPE ST,AUS_1466767521,830,366,48,453,604,2,4.85E+11,1500US484530006042,Block Group 2,G5030,S,189019,0,30.2849961,-97.7433474,14667675,AUS_14667675,30.28497478,-97.74181246,2,1,3,16,2,20,4,1,4,11,1,4,N,4,NA,NA,4,97,97,,,0,1,0,0,0,1,0,N,N,N,N,N,N,N,9/28/2015,9:48 AM,227,22,N,N,NA,NA,19,NA,,1,NA,,GUADALUPE,ST,N,N,30,N,N,,Y,19,NA,,1,,W,22ND,ST,NA,NA,,,,NA,11,1,2,NA,1,1,16,9:49 AM,DISPATCH,9:50 AM,9/28/2015,Y,74,NA,NA,10,8,5,2,2,64,54,1,5,1,21,21,227,22,30.28497478,-97.74181246,,NA,NA,NA,2199,NA,NA,NA,NA,NA,,NA,NA,W 22ND ST,NA,NA,NA,NA,Y,N,N,2,9,Y,MON,NA,NA,NA,NA,NA,NA,NA,NA,NA,NA,NA,NA,NA,NA,NA,NA,NA,NA,NA,NA,NA,NA,NA,NA,NA,NA,NA,NA,NA,NA,NA,NA,NA,NA,NA,NA,NA,NA,NA,NA,NA,NA,NA,NA,NA,NA,NA,NA,NA,NA,NA,NA,NA,NA,NA,0,1,0,1,0,1,0,90,NA,NA,70,Yes
GUADALUPE ST,AUS_1365814421,986,2,48,453,204,1,4.85E+11,1500US484530002041,Block Group 1,G5030,S,514125,0,30.3003058,-97.7429373,13658144,AUS_13658144,30.30198,-97.73866,2,1,3,16,2,29,1,2,4,11,1,4,N,4,NA,NA,4,97,97,,,0,1,0,0,0,1,0,N,N,N,N,N,N,N,11/1/2013,3:15 PM,227,22,N,N,NA,NA,19,NA,,1,NA,,GUADALUPE,ST,N,N,0,N,N,,Y,19,NA,,NA,,,WEST 37TH,ST,NA,NA,,,,NA,11,1,4,NA,1,1,20,3:15 PM,DISPATCHED,3:22 PM,11/1/2013,Y,74,17,120,14,8,5,1,3,64,54,1,5,1,21,21,227,22,30.30198,-97.73866,,NA,NA,NA,3701,NA,NA,NA,NA,NA,,NA,NA,W 37TH ST,NA,NA,NA,NA,Y,N,N,2,9,Y,FRI,NA,NA,NA,NA,NA,NA,NA,NA,NA,NA,NA,NA,NA,NA,NA,NA,NA,NA,NA,NA,NA,NA,NA,NA,NA,NA,NA,NA,NA,NA,NA,NA,NA,NA,NA,NA,NA,NA,NA,NA,NA,NA,NA,NA,NA,NA,NA,NA,NA,NA,NA,NA,NA,NA,NA,0,1,0,2,0,1,0,90,136581442,1365814421,70,Yes
GUADALUPE ST,AUS_1372484621,643,433,48,453,1100,1,4.85E+11,1500US484530011001,Block Group 1,G5030,S,2044061,66635,30.2687002,-97.7433003,13724846,AUS_13724846,30.26902,-97.7463,2,1,3,16,2,21,1,1,4,11,1,97,N,4,NA,NA,4,97,97,,,0,1,0,0,0,1,0,N,N,N,N,N,N,N,2/26/2014,4:11 PM,227,22,N,N,NA,NA,19,NA,,1,NA,,GUADALUPE,ST,N,N,-1,N,N,,Y,19,NA,,1,,W,6TH,ST,NA,NA,,,,NA,11,1,4,NA,1,1,5,4:11 PM,DISPATCH,4:20 PM,2/26/2014,Y,74,36,67,282,8,5,1,2,64,3,1,5,1,21,21,227,22,30.26902,-97.7463,,NA,NA,NA,599,NA,NA,NA,NA,NA,,NA,NA,W 6TH ST,NA,NA,NA,NA,Y,N,N,2,9,Y,WED,NA,NA,NA,NA,NA,NA,NA,NA,NA,NA,NA,NA,NA,NA,NA,NA,NA,NA,NA,NA,NA,NA,NA,NA,NA,NA,NA,NA,NA,NA,NA,NA,NA,NA,NA,NA,NA,NA,NA,NA,NA,NA,NA,NA,NA,NA,NA,NA,NA,NA,NA,NA,NA,NA,NA,0,1,0,1,0,1,0,90,137248462,1372484621,70,Yes
GUADALUPE ST,AUS_1285010621,793,67,48,453,700,1,4.85E+11,1500US484530007001,Block Group 1,G5030,S,1615130,0,30.2777004,-97.7411232,12850106,AUS_12850106,30.28062,-97.74199,2,1,3,16,2,15,1,1,4,11,1,4,N,4,NA,NA,4,97,97,,,0,1,0,0,0,1,0,N,N,N,N,N,N,N,8/13/2012,5:26 PM,227,22,N,N,NA,NA,19,NA,,7,1800,,GUADALUPE,ST,N,N,35,N,N,,N,19,NA,,NA,,W,MLK,BLVD,NA,NA,,,,NA,11,1,0,NA,1,1,1,5:26 PM,DISPATCH,5:30 PM,8/13/2012,Y,74,NA,120,14,8,5,3,2,64,13,1,5,1,1,21,227,22,30.28062,-97.74199,,NA,NA,NA,1800,NA,NA,NA,NA,NA,,NA,NA,N/A,NA,NA,NA,NA,Y,N,N,2,9,Y,MON,NA,NA,NA,NA,NA,NA,NA,NA,NA,NA,NA,NA,NA,NA,NA,NA,NA,NA,NA,NA,NA,NA,NA,NA,NA,NA,NA,NA,NA,NA,NA,NA,NA,NA,NA,NA,NA,NA,NA,NA,NA,NA,NA,NA,NA,NA,NA,NA,NA,NA,NA,NA,NA,NA,NA,0,1,0,1,0,1,0,90,128501062,1285010621,70,Yes
GUADALUPE ST,AUS_1356540021,995,45,48,453,203,1,4.85E+11,1500US484530002031,Block Group 1,G5030,S,1209417,0,30.3126275,-97.7366586,13565400,AUS_13565400,30.30275,-97.73816,2,1,3,16,3,NA,1,1,4,11,1,4,N,4,NA,NA,4,97,97,,,0,0,1,0,0,1,0,N,N,N,N,N,N,N,10/10/2013,4:43 PM,227,22,N,N,NA,NA,19,NA,,1,3700,,GUADALUPE,ST,N,N,-1,N,N,,Y,19,NA,,1,,W,38TH,ST,NA,NA,,,,NA,11,1,4,NA,1,1,16,4:44 PM,DISPATCH,4:45 PM,10/10/2013,Y,74,1061,10,14,8,5,1,3,64,54,1,5,1,21,21,227,22,30.30275,-97.73816,,NA,NA,NA,3801,NA,NA,NA,NA,NA,,NA,NA,W 38TH ST,NA,NA,NA,NA,Y,N,N,3,9,Y,THU,NA,NA,NA,NA,NA,NA,NA,NA,NA,NA,NA,NA,NA,NA,NA,NA,NA,NA,NA,NA,NA,NA,NA,NA,NA,NA,NA,NA,NA,NA,NA,NA,NA,NA,NA,NA,NA,NA,NA,NA,NA,NA,NA,NA,NA,NA,NA,NA,NA,NA,NA,NA,NA,NA,NA,0,0,1,1,0,1,0,90,135654002,1356540021,70,Yes
GUADALUPE ST,AUS_1228176121,823,366,48,453,604,2,4.85E+11,1500US484530006042,Block Group 2,G5030,S,189019,0,30.2849961,-97.7433474,12281761,AUS_12281761,30.28381,-97.74192,2,1,3,16,2,22,1,1,4,11,1,1,N,4,NA,NA,4,97,97,,,0,1,0,0,0,1,0,N,N,N,N,N,N,N,9/20/2011,6:28 PM,227,22,N,N,NA,NA,19,NA,,1,2100,,GUADALUPE,ST,N,N,35,N,N,,Y,19,NA,,NA,400,W,21ST,ST,NA,NA,,,,NA,11,1,4,NA,1,1,5,6:28 PM,DISPATCH,6:32 PM,,Y,74,11,10,14,8,5,1,2,64,54,1,5,1,21,21,227,22,30.28381,-97.74192,,NA,NA,NA,2099,NA,NA,NA,NA,NA,,NA,NA,W 21ST ST,NA,NA,NA,NA,Y,N,N,2,9,Y,TUE,NA,NA,NA,NA,NA,NA,NA,NA,NA,NA,NA,NA,NA,NA,NA,NA,NA,NA,NA,NA,NA,NA,NA,NA,NA,NA,NA,NA,NA,NA,NA,NA,NA,NA,NA,NA,NA,NA,NA,NA,NA,NA,NA,NA,NA,NA,NA,NA,NA,NA,NA,NA,NA,NA,NA,0,1,0,1,0,1,0,90,122817612,1228176121,70,Yes