Street_Name,Crash_UP_ID,FID,FID_Austin,STATEFP,COUNTYFP,TRACTCE,BLKGRPCE,GEOID1,GEOID,NAMELSAD,MTFCC,FUNCSTAT,ALAND,AWATER,INTPTLAT,INTPTLON,CrashID,CrashID1,Latitude,Longitude,Unit_Nbr,Prsn_Nbr,Prsn_Type_ID,Prsn_Occpnt_Pos_ID,Prsn_Injry_Sev_ID,Prsn_Age,Prsn_Ethnicity_ID,Prsn_Gndr_ID,Prsn_Ejct_ID,Prsn_Rest_ID,Prsn_Airbag_ID,Prsn_Helmet_ID,Prsn_Sol_Fl,Prsn_Alc_Spec_Type_ID,Prsn_Alc_Rslt_ID,Prsn_Bac_Test_Rslt,Prsn_Drg_Spec_Type_ID,Prsn_Drg_Rslt_ID,Drvr_Drg_Cat_1_ID,Prsn_Death_Date,Prsn_Death_Time,Incap_Injry_Cnt.x,Nonincap_Injry_Cnt.x,Poss_Injry_Cnt.x,Non_Injry_Cnt.x,Unkn_Injry_Cnt.x,Tot_Injry_Cnt.x,Death_Cnt.x,Crash_Fatal_Fl,Cmv_Involv_Fl,Schl_Bus_Fl,Rr_Relat_Fl,Medical_Advisory_Fl,Amend_Supp_Fl,Active_School_Zone_Fl,Crash_Date,Crash_Time,Rpt_CRIS_Cnty_ID,Rpt_City_ID,Rpt_Outside_City_Limit_Fl,Thousand_Damage_Fl,Rpt_Latitude,Rpt_Longitude,Rpt_Rdwy_Sys_ID,Rpt_Hwy_Num,Rpt_Hwy_Sfx,Rpt_Road_Part_ID,Rpt_Block_Num,Rpt_Street_Pfx,Rpt_Street_Name,Rpt_Street_Sfx,Private_Dr_Fl,Toll_Road_Fl,Crash_Speed_Limit,Road_Constr_Zone_Fl,Road_Constr_Zone_Wrkr_Fl,Rpt_Street_Desc,At_Intrsct_Fl,Rpt_Sec_Rdwy_Sys_ID,Rpt_Sec_Hwy_Num,Rpt_Sec_Hwy_Sfx,Rpt_Sec_Road_Part_ID,Rpt_Sec_Block_Num,Rpt_Sec_Street_Pfx,Rpt_Sec_Street_Name,Rpt_Sec_Street_Sfx,Rpt_Ref_Mark_Offset_Amt,Rpt_Ref_Mark_Dist_Uom,Rpt_Ref_Mark_Dir,Rpt_Ref_Mark_Nbr,Rpt_Sec_Street_Desc,Rpt_CrossingNumber,Wthr_Cond_ID,Light_Cond_ID,Entr_Road_ID,Road_Type_ID,Road_Algn_ID,Surf_Cond_ID,Traffic_Cntl_ID,Investigat_Notify_Time,Investigat_Notify_Meth,Investigat_Arrv_Time,Report_Date,Investigat_Comp_Fl,Investigat_Agency_ID,Investigat_Area_ID,Investigat_District_ID,Investigat_Region_ID,Bridge_Detail_ID,Harm_Evnt_ID,Intrsct_Relat_ID,FHE_Collsn_ID,Obj_Struck_ID,Othr_Factr_ID,Road_Part_Adj_ID,Road_Cls_ID,Road_Relat_ID,Phys_Featr_1_ID,Phys_Featr_2_ID,Cnty_ID,City_ID,Latitude.1,Longitude.1,Hwy_Sys,Hwy_Nbr,Hwy_Sfx,Dfo,Street_Nbr,Control,Section,Milepoint,Ref_Mark_Nbr,Ref_Mark_Displ,Hwy_Sys_2,Hwy_Nbr_2,Hwy_Sfx_2,Street_Name_2,Street_Nbr_2,Control_2,Section_2,Milepoint_2,Txdot_Rptable_Fl,Onsys_Fl,Rural_Fl,Crash_Sev_ID,Pop_Group_ID,Located_Fl,Day_of_Week,Hwy_Dsgn_Lane_ID,Hwy_Dsgn_Hrt_ID,Hp_Shldr_Left,Hp_Shldr_Right,Hp_Median_Width,Base_Type_ID,Nbr_Of_Lane,Row_Width_Usual,Roadbed_Width,Surf_Width,Surf_Type_ID,Curb_Type_Left_ID,Curb_Type_Right_ID,Shldr_Type_Left_ID,Shldr_Width_Left,Shldr_Use_Left_ID,Shldr_Type_Right_ID,Shldr_Width_Right,Shldr_Use_Right_ID,Median_Type_ID,Median_Width,Rural_Urban_Type_ID,Func_Sys_ID,Adt_Curnt_Amt,Adt_Curnt_Year,Adt_Adj_Curnt_Amt,Pct_Single_Trk_Adt,Pct_Combo_Trk_Adt,Trk_Aadt_Pct,Curve_Type_ID,Curve_Lngth,Cd_Degr,Delta_Left_Right_ID,Dd_Degr,Feature_Crossed,Structure_Number,I_R_Min_Vert_Clear,Approach_Width,Bridge_Median_ID,Bridge_Loading_Type_ID,Bridge_Loading_In_1000_Lbs,Bridge_Srvc_Type_On_ID,Bridge_Srvc_Type_Under_ID,Culvert_Type_ID,Roadway_Width,Deck_Width,Bridge_Dir_Of_Traffic_ID,Bridge_Rte_Struct_Func_ID,Bridge_IR_Struct_Func_ID,CrossingNumber,RRCo,Poscrossing_ID,WDCode_ID,Standstop,Yield,Incap_Injry_Cnt.y,Nonincap_Injry_Cnt.y,Poss_Injry_Cnt.y,Non_Injry_Cnt.y,Unkn_Injry_Cnt.y,Tot_Injry_Cnt.y,Death_Cnt.y,MPO_ID,Unit_ID,Unit_Prsn_ID,Count,BikePath
GUADALUPE ST,AUS_1356150221,948,2,48,453,204,1,4.85E+11,1500US484530002041,Block Group 1,G5030,S,514125,0,30.3003058,-97.7429373,13561502,AUS_13561502,30.29661965,-97.74204258,2,1,3,16,2,21,2,1,4,11,1,4,N,4,NA,NA,4,97,97,,,0,1,0,0,0,1,0,N,N,N,N,N,N,N,10/9/2013,6:03 PM,227,22,N,N,NA,NA,19,NA,,1,3000,,GUADALUPE,ST,N,N,35,N,N,,N,19,NA,,NA,,W,30TH,ST,NA,NA,,,,NA,11,1,0,NA,1,1,11,6:03 PM,DISPATCH,6:07 PM,10/9/2013,Y,74,1061,10,14,8,5,3,3,64,13,1,5,1,32,21,227,22,30.29661965,-97.74204258,,NA,NA,NA,2979,NA,NA,NA,NA,NA,,NA,NA,N/A,NA,NA,NA,NA,Y,N,N,2,9,Y,WED,NA,NA,NA,NA,NA,NA,NA,NA,NA,NA,NA,NA,NA,NA,NA,NA,NA,NA,NA,NA,NA,NA,NA,NA,NA,NA,NA,NA,NA,NA,NA,NA,NA,NA,NA,NA,NA,NA,NA,NA,NA,NA,NA,NA,NA,NA,NA,NA,NA,NA,NA,NA,NA,NA,NA,0,1,0,2,0,1,0,90,135615022,1356150221,70,Yes
GUADALUPE ST,AUS_1366317921,885,365,48,453,603,4,4.85E+11,1500US484530006034,Block Group 4,G5030,S,91890,0,30.2891904,-97.7429845,13663179,AUS_13663179,30.28979,-97.74141,2,1,3,16,3,20,2,2,4,11,1,4,N,4,NA,NA,4,97,97,,,0,0,1,0,0,1,0,N,N,N,N,N,N,N,10/21/2013,4:33 PM,227,22,N,N,NA,NA,19,NA,,1,7600,,GUADALUPE,ST,N,N,45,N,N,,Y,19,NA,,NA,,,26TH,ST,NA,NA,,,,NA,11,1,2,NA,1,1,5,4:33 PM,DISPATCH,4:35 PM,10/21/2013,Y,74,22,219,292,8,5,1,3,64,54,1,5,1,21,21,227,22,30.28979,-97.74141,,NA,NA,NA,2525,NA,NA,NA,NA,NA,,NA,NA,W 26TH ST,NA,NA,NA,NA,Y,N,N,3,9,Y,MON,NA,NA,NA,NA,NA,NA,NA,NA,NA,NA,NA,NA,NA,NA,NA,NA,NA,NA,NA,NA,NA,NA,NA,NA,NA,NA,NA,NA,NA,NA,NA,NA,NA,NA,NA,NA,NA,NA,NA,NA,NA,NA,NA,NA,NA,NA,NA,NA,NA,NA,NA,NA,NA,NA,NA,0,0,1,1,0,1,0,90,136631792,1366317921,70,Yes
GUADALUPE ST,AUS_1201334521,563,433,48,453,1100,1,4.85E+11,1500US484530011001,Block Group 1,G5030,S,2044061,66635,30.2687002,-97.7433003,12013345,AUS_12013345,30.26539766,-97.7476471,2,1,3,16,2,20,1,1,4,11,1,4,N,4,NA,NA,4,97,97,,,0,1,0,0,0,1,0,N,N,N,N,N,N,N,4/7/2011,2:51 PM,227,22,N,N,NA,NA,19,NA,,1,200,,GUADALUPE,ST,N,N,30,N,N,,N,19,NA,,1,,W,2ND,ST,NA,NA,,,,NA,11,1,0,NA,1,1,5,2:54 PM,DISPATCHED,2:56 PM,4/7/2011,Y,74,1,115,144,8,5,4,1,64,54,1,5,1,21,21,227,22,30.26539766,-97.7476471,,NA,NA,NA,213,NA,NA,NA,NA,NA,,NA,NA,N/A,NA,NA,NA,NA,Y,N,N,2,9,Y,THU,NA,NA,NA,NA,NA,NA,NA,NA,NA,NA,NA,NA,NA,NA,NA,NA,NA,NA,NA,NA,NA,NA,NA,NA,NA,NA,NA,NA,NA,NA,NA,NA,NA,NA,NA,NA,NA,NA,NA,NA,NA,NA,NA,NA,NA,NA,NA,NA,NA,NA,NA,NA,NA,NA,NA,0,1,0,2,0,1,0,90,120133452,1201334521,70,Yes
GUADALUPE ST,AUS_1279553211,644,433,48,453,1100,1,4.85E+11,1500US484530011001,Block Group 1,G5030,S,2044061,66635,30.2687002,-97.7433003,12795532,AUS_12795532,30.26902,-97.7463,1,1,3,16,2,21,1,1,4,11,1,5,N,4,NA,NA,4,97,97,,,0,1,0,0,0,1,0,N,N,N,N,N,N,N,7/7/2012,2:23 AM,227,22,N,N,NA,NA,19,NA,,1,600,,GUADALUPE,ST,N,N,30,N,N,,Y,19,NA,,NA,300,W,6TH,ST,NA,NA,,,,NA,11,4,0,NA,1,1,5,3:55 AM,DISPATCH,4:03 AM,7/7/2012,Y,74,36,67,282,8,5,1,1,64,54,1,5,1,21,21,227,22,30.26902,-97.7463,,NA,NA,NA,599,NA,NA,NA,NA,NA,,NA,NA,W 6TH ST,NA,NA,NA,NA,Y,N,N,2,9,Y,SAT,NA,NA,NA,NA,NA,NA,NA,NA,NA,NA,NA,NA,NA,NA,NA,NA,NA,NA,NA,NA,NA,NA,NA,NA,NA,NA,NA,NA,NA,NA,NA,NA,NA,NA,NA,NA,NA,NA,NA,NA,NA,NA,NA,NA,NA,NA,NA,NA,NA,NA,NA,NA,NA,NA,NA,0,1,0,0,2,1,0,90,127955321,1279553211,70,Yes
GUADALUPE ST,AUS_1406368921,635,433,48,453,1100,1,4.85E+11,1500US484530011001,Block Group 1,G5030,S,2044061,66635,30.2687002,-97.7433003,14063689,AUS_14063689,30.26889007,-97.74635053,2,1,3,16,2,28,1,1,4,11,1,97,N,4,NA,NA,4,97,97,,,0,1,0,0,0,1,0,N,N,N,N,N,N,N,9/25/2014,5:45 PM,227,1792,Y,N,NA,NA,19,NA,,1,500,,GUADALUPE,ST,N,N,40,N,N,,N,19,NA,,NA,,W,6TH,ST,NA,NA,,,,NA,11,1,0,NA,1,1,16,5:45 PM,DISPATCH,5:48 PM,9/25/2014,Y,74,36,67,282,8,5,3,1,64,14,1,5,1,32,21,227,22,30.26889007,-97.74635053,,NA,NA,NA,585,NA,NA,NA,NA,NA,,NA,NA,N/A,NA,NA,NA,NA,Y,N,N,2,9,Y,THU,NA,NA,NA,NA,NA,NA,NA,NA,NA,NA,NA,NA,NA,NA,NA,NA,NA,NA,NA,NA,NA,NA,NA,NA,NA,NA,NA,NA,NA,NA,NA,NA,NA,NA,NA,NA,NA,NA,NA,NA,NA,NA,NA,NA,NA,NA,NA,NA,NA,NA,NA,NA,NA,NA,NA,0,1,0,1,0,1,0,90,140636892,1406368921,70,Yes
GUADALUPE ST,AUS_1267959321,997,45,48,453,203,1,4.85E+11,1500US484530002031,Block Group 1,G5030,S,1209417,0,30.3126275,-97.7366586,12679593,AUS_12679593,30.30275,-97.73816,2,1,3,16,2,21,1,1,4,11,1,4,N,4,NA,NA,4,97,97,,,0,1,0,0,0,1,0,N,N,N,N,N,N,N,4/23/2012,10:04 PM,227,22,N,Y,NA,NA,19,NA,,1,3800,,GUADALUPE,ST,N,N,35,N,N,,Y,19,NA,,NA,600,W,38TH,ST,NA,NA,,,,NA,11,4,4,NA,1,1,5,10:04 PM,FLAGGED DOWN,10:04 PM,4/23/2012,Y,74,22,120,14,8,5,1,3,64,54,1,5,1,21,21,227,22,30.30275,-97.73816,,NA,NA,NA,3801,NA,NA,NA,NA,NA,,NA,NA,W 38TH ST,NA,NA,NA,NA,Y,N,N,2,9,Y,MON,NA,NA,NA,NA,NA,NA,NA,NA,NA,NA,NA,NA,NA,NA,NA,NA,NA,NA,NA,NA,NA,NA,NA,NA,NA,NA,NA,NA,NA,NA,NA,NA,NA,NA,NA,NA,NA,NA,NA,NA,NA,NA,NA,NA,NA,NA,NA,NA,NA,NA,NA,NA,NA,NA,NA,0,1,0,0,1,1,0,90,126795932,1267959321,70,Yes
GUADALUPE ST,AUS_1258975111,996,45,48,453,203,1,4.85E+11,1500US484530002031,Block Group 1,G5030,S,1209417,0,30.3126275,-97.7366586,12589751,AUS_12589751,30.30275,-97.73816,1,1,3,16,3,28,1,2,4,11,1,4,N,4,NA,NA,4,97,97,,,0,0,1,0,0,1,0,N,N,N,N,N,N,N,3/3/2012,12:19 AM,227,22,N,N,NA,NA,19,NA,,1,3800,,GUADALUPE,ST,N,N,0,N,N,,Y,19,NA,,1,600,W,38TH,ST,NA,NA,,,,NA,11,4,4,NA,1,1,5,12:19 AM,DISPATCHED,12:22 AM,3/3/2012,Y,74,NA,120,14,8,5,1,1,64,54,1,5,1,21,21,227,22,30.30275,-97.73816,,NA,NA,NA,3801,NA,NA,NA,NA,NA,,NA,NA,W 38TH ST,NA,NA,NA,NA,Y,N,N,3,9,Y,SAT,NA,NA,NA,NA,NA,NA,NA,NA,NA,NA,NA,NA,NA,NA,NA,NA,NA,NA,NA,NA,NA,NA,NA,NA,NA,NA,NA,NA,NA,NA,NA,NA,NA,NA,NA,NA,NA,NA,NA,NA,NA,NA,NA,NA,NA,NA,NA,NA,NA,NA,NA,NA,NA,NA,NA,0,0,1,1,0,1,0,90,125897511,1258975111,70,Yes
GUADALUPE ST,AUS_1387041321,1091,506,48,453,305,2,4.85E+11,1500US484530003052,Block Group 2,G5030,S,621511,0,30.3138589,-97.7287013,13870413,AUS_13870413,30.31765,-97.72847,2,1,3,16,2,41,2,2,4,11,1,2,N,4,NA,NA,4,97,97,,,0,1,0,0,0,1,0,N,N,N,N,N,N,N,6/4/2014,8:57 AM,227,22,N,Y,NA,NA,19,NA,,1,NA,,GUADALUPE,ST,N,N,35,N,N,,Y,19,NA,,1,,W,51ST,ST,NA,NA,,,,NA,11,1,4,NA,1,1,5,9:30 AM,DISPATCH,9:32 AM,6/4/2014,Y,74,1061,10,14,8,5,1,2,64,54,1,5,1,21,21,227,22,30.31765,-97.72847,,NA,NA,NA,5101,NA,NA,NA,NA,NA,,NA,NA,W 51ST ST,NA,NA,NA,NA,Y,N,N,2,9,Y,WED,NA,NA,NA,NA,NA,NA,NA,NA,NA,NA,NA,NA,NA,NA,NA,NA,NA,NA,NA,NA,NA,NA,NA,NA,NA,NA,NA,NA,NA,NA,NA,NA,NA,NA,NA,NA,NA,NA,NA,NA,NA,NA,NA,NA,NA,NA,NA,NA,NA,NA,NA,NA,NA,NA,NA,0,1,0,1,0,1,0,90,138704132,1387041321,70,Yes
GUADALUPE ST,AUS_1215492521,1099,252,48,453,305,3,4.85E+11,1500US484530003053,Block Group 3,G5030,S,432264,0,30.3190869,-97.7256587,12154925,AUS_12154925,30.31994,-97.72697,2,1,3,16,2,34,5,2,4,11,1,1,N,4,NA,NA,4,97,97,,,0,1,0,0,0,1,0,N,N,N,N,N,N,N,3/13/2011,11:41 AM,227,22,N,Y,NA,NA,19,NA,,1,5200,,GUADALUPE,ST,N,N,30,N,N,,Y,19,NA,,1,500,W,NORTH LOOP,BLVD,NA,NA,,,,NA,12,1,4,NA,1,1,5,11:41 AM,DISPATCH,11:43 AM,3/13/2011,Y,74,NA,140,95,8,5,1,1,64,54,1,5,1,21,21,227,22,30.31994,-97.72697,,NA,NA,NA,5301,NA,NA,NA,NA,NA,,NA,NA,W NORTH LOOP BLVD,NA,NA,NA,NA,Y,N,N,2,9,Y,SUN,NA,NA,NA,NA,NA,NA,NA,NA,NA,NA,NA,NA,NA,NA,NA,NA,NA,NA,NA,NA,NA,NA,NA,NA,NA,NA,NA,NA,NA,NA,NA,NA,NA,NA,NA,NA,NA,NA,NA,NA,NA,NA,NA,NA,NA,NA,NA,NA,NA,NA,NA,NA,NA,NA,NA,0,1,0,1,0,1,0,90,121549252,1215492521,70,Yes
GUADALUPE ST,AUS_1215493321,1168,12,48,453,1503,2,4.85E+11,1500US484530015032,Block Group 2,G5030,S,330948,0,30.3355474,-97.7153915,12154933,AUS_12154933,30.3356,-97.71585,2,1,3,16,2,25,1,2,4,11,1,4,N,4,NA,NA,4,97,97,,,0,1,0,0,0,1,0,N,N,N,N,N,N,N,3/12/2011,8:20 PM,227,22,N,N,NA,NA,19,NA,,1,6900,,GUADALUPE,ST,N,N,40,N,N,,Y,19,NA,,1,500,,SWANEE,DR,NA,NA,,,,NA,11,4,4,NA,1,1,8,8:20 PM,DISPATCHED,8:27 PM,3/12/2011,Y,74,NA,NA,NA,8,5,1,2,64,54,1,5,1,21,21,227,22,30.3356,-97.71585,,NA,NA,NA,7001,NA,NA,NA,NA,NA,,NA,NA,SWANEE DR,NA,NA,NA,NA,Y,N,N,2,9,Y,SAT,NA,NA,NA,NA,NA,NA,NA,NA,NA,NA,NA,NA,NA,NA,NA,NA,NA,NA,NA,NA,NA,NA,NA,NA,NA,NA,NA,NA,NA,NA,NA,NA,NA,NA,NA,NA,NA,NA,NA,NA,NA,NA,NA,NA,NA,NA,NA,NA,NA,NA,NA,NA,NA,NA,NA,0,1,0,0,1,1,0,90,121549332,1215493321,70,Yes
GUADALUPE ST,AUS_1381609421,791,67,48,453,700,1,4.85E+11,1500US484530007001,Block Group 1,G5030,S,1615130,0,30.2777004,-97.7411232,13816094,AUS_13816094,30.28062,-97.74199,2,1,3,16,2,NA,3,1,4,11,1,4,N,4,NA,NA,4,97,97,,,0,1,0,0,0,1,0,N,N,N,N,N,N,N,4/25/2014,12:14 PM,227,22,N,N,NA,NA,19,NA,,1,NA,,GUADALUPE ST,ST,N,N,30,N,N,,Y,19,NA,,1,,,W 18TH ST,ST,NA,NA,,,,NA,11,1,4,NA,5,1,8,12:14 PM,DISPATCH,12:19 PM,4/25/2014,Y,74,1061,10,14,8,5,1,2,64,54,1,5,1,21,21,227,22,30.28062,-97.74199,,NA,NA,NA,1801,NA,NA,NA,NA,NA,,NA,NA,W 18TH ST,NA,NA,NA,NA,Y,N,N,2,9,Y,FRI,NA,NA,NA,NA,NA,NA,NA,NA,NA,NA,NA,NA,NA,NA,NA,NA,NA,NA,NA,NA,NA,NA,NA,NA,NA,NA,NA,NA,NA,NA,NA,NA,NA,NA,NA,NA,NA,NA,NA,NA,NA,NA,NA,NA,NA,NA,NA,NA,NA,NA,NA,NA,NA,NA,NA,0,1,0,1,0,1,0,90,138160942,1381609421,70,Yes
GUADALUPE ST,AUS_1295079531,785,67,48,453,700,1,4.85E+11,1500US484530007001,Block Group 1,G5030,S,1615130,0,30.2777004,-97.7411232,12950795,AUS_12950795,30.28021201,-97.742143,3,1,3,16,1,27,1,1,4,11,1,4,N,4,NA,NA,4,97,97,,,1,0,0,0,0,1,0,N,N,N,N,N,N,N,10/12/2012,4:31 AM,227,22,N,Y,NA,NA,19,NA,,1,1700,,GUADALUPE,ST,N,N,30,N,N,,N,19,NA,,1,300,W,17TH,ST,NA,NA,,,,NA,11,4,0,NA,2,1,20,4:31 AM,DISPATCHED,4:32 AM,10/12/2012,Y,74,129,10,14,8,4,4,1,64,54,1,5,1,21,21,227,22,30.28021201,-97.742143,,NA,NA,NA,1723,NA,NA,NA,NA,NA,,NA,NA,N/A,NA,NA,NA,NA,Y,N,N,1,9,Y,FRI,NA,NA,NA,NA,NA,NA,NA,NA,NA,NA,NA,NA,NA,NA,NA,NA,NA,NA,NA,NA,NA,NA,NA,NA,NA,NA,NA,NA,NA,NA,NA,NA,NA,NA,NA,NA,NA,NA,NA,NA,NA,NA,NA,NA,NA,NA,NA,NA,NA,NA,NA,NA,NA,NA,NA,1,0,0,1,0,1,0,90,129507953,1295079531,70,Yes
GUADALUPE ST,AUS_1204364411,788,67,48,453,700,1,4.85E+11,1500US484530007001,Block Group 1,G5030,S,1615130,0,30.2777004,-97.7411232,12043644,AUS_12043644,30.28032878,-97.74209921,1,1,3,16,3,23,1,1,4,11,1,4,N,4,NA,NA,4,97,97,,,0,0,1,0,0,1,0,N,N,N,N,N,N,N,4/11/2011,3:37 PM,227,22,N,Y,NA,NA,19,NA,,1,2200,,GUADALUPE,ST,N,N,30,N,N,,N,19,NA,,1,300,W,MARTIN LUTHER KING,BLVD,NA,NA,,,,NA,11,1,98,NA,1,1,20,3:37 PM,DISPATCH,3:39 PM,4/11/2011,Y,74,11,10,14,8,5,4,1,64,54,1,5,1,21,21,227,22,30.28032878,-97.74209921,,NA,NA,NA,1744,NA,NA,NA,NA,NA,,NA,NA,N/A,NA,NA,NA,NA,Y,N,N,3,9,Y,MON,NA,NA,NA,NA,NA,NA,NA,NA,NA,NA,NA,NA,NA,NA,NA,NA,NA,NA,NA,NA,NA,NA,NA,NA,NA,NA,NA,NA,NA,NA,NA,NA,NA,NA,NA,NA,NA,NA,NA,NA,NA,NA,NA,NA,NA,NA,NA,NA,NA,NA,NA,NA,NA,NA,NA,0,0,1,1,0,1,0,90,120436441,1204364411,70,Yes
GUADALUPE ST,AUS_1412930321,994,45,48,453,203,1,4.85E+11,1500US484530002031,Block Group 1,G5030,S,1209417,0,30.3126275,-97.7366586,14129303,AUS_14129303,30.30275001,-97.73816,2,1,3,16,2,55,1,1,4,11,1,4,N,4,NA,NA,4,97,97,,,0,1,0,0,0,1,0,N,N,N,N,N,N,N,10/31/2014,6:23 PM,227,1792,Y,Y,NA,NA,19,NA,,1,3800,,GUADALUPE,ST,N,N,35,N,N,,N,19,NA,,NA,512,W,38TH 12,ST,NA,NA,,,,NA,11,1,0,NA,1,1,16,6:23 PM,DISPATCH,6:32 PM,10/31/2014,Y,74,1061,10,14,8,5,2,1,64,3,1,5,1,21,21,227,22,30.30275001,-97.73816,,NA,NA,NA,3800,NA,NA,NA,NA,NA,,NA,NA,UNKNOWN,NA,NA,NA,NA,Y,N,N,2,9,Y,FRI,NA,NA,NA,NA,NA,NA,NA,NA,NA,NA,NA,NA,NA,NA,NA,NA,NA,NA,NA,NA,NA,NA,NA,NA,NA,NA,NA,NA,NA,NA,NA,NA,NA,NA,NA,NA,NA,NA,NA,NA,NA,NA,NA,NA,NA,NA,NA,NA,NA,NA,NA,NA,NA,NA,NA,0,1,0,1,0,1,0,90,141293032,1412930321,70,Yes
GUADALUPE ST,AUS_1367337321,845,444,48,453,601,2,4.85E+11,1500US484530006012,Block Group 2,G5030,S,916303,0,30.2860516,-97.7376998,13673373,AUS_13673373,30.28687003,-97.74163632,2,1,3,16,2,29,1,2,4,11,1,5,N,4,NA,NA,4,97,97,,,0,1,0,0,0,1,0,N,N,N,N,N,N,N,1/21/2014,5:45 PM,227,22,N,N,NA,NA,19,NA,,1,2300,,GUADALUPE ST,ST,N,N,-1,N,N,,N,19,NA,,NA,,W,24TH ST,ST,NA,NA,,,,NA,11,1,0,NA,1,1,16,5:46 PM,DISPATCH,5:58 PM,1/21/2014,Y,74,1061,10,14,8,5,4,1,64,54,1,5,2,21,21,227,22,30.28687003,-97.74163632,,NA,NA,NA,2335,NA,NA,NA,NA,NA,,NA,NA,N/A,NA,NA,NA,NA,Y,N,N,2,9,Y,TUE,NA,NA,NA,NA,NA,NA,NA,NA,NA,NA,NA,NA,NA,NA,NA,NA,NA,NA,NA,NA,NA,NA,NA,NA,NA,NA,NA,NA,NA,NA,NA,NA,NA,NA,NA,NA,NA,NA,NA,NA,NA,NA,NA,NA,NA,NA,NA,NA,NA,NA,NA,NA,NA,NA,NA,0,1,0,1,0,1,0,90,136733732,1367337321,70,Yes
GUADALUPE ST,AUS_1458485721,1120,43,48,453,1503,1,4.85E+11,1500US484530015031,Block Group 1,G5030,S,641563,0,30.3200143,-97.7196087,14584857,AUS_14584857,30.3234181,-97.7238658,2,1,3,16,2,23,2,1,4,11,1,4,N,4,NA,NA,4,97,97,,,0,1,0,0,0,1,0,N,N,N,N,N,N,N,8/3/2015,12:50 PM,227,22,N,N,NA,NA,19,NA,,1,5400,,GUADALUPE,ST,N,N,30,N,N,,N,19,NA,,1,,E,KOENIG,LN,NA,NA,,,,NA,11,1,0,NA,1,1,1,12:50 PM,DISPATCH,12:50 PM,8/3/2015,Y,74,NA,NA,121,8,5,3,3,64,13,1,5,2,32,21,227,22,30.3234181,-97.7238658,,NA,NA,NA,5586,NA,NA,NA,NA,NA,,NA,NA,N/A,NA,NA,NA,NA,Y,N,N,2,9,Y,MON,NA,NA,NA,NA,NA,NA,NA,NA,NA,NA,NA,NA,NA,NA,NA,NA,NA,NA,NA,NA,NA,NA,NA,NA,NA,NA,NA,NA,NA,NA,NA,NA,NA,NA,NA,NA,NA,NA,NA,NA,NA,NA,NA,NA,NA,NA,NA,NA,NA,NA,NA,NA,NA,NA,NA,0,1,0,1,0,1,0,90,NA,NA,70,Yes
GUADALUPE ST,AUS_1283742121,1121,43,48,453,1503,1,4.85E+11,1500US484530015031,Block Group 1,G5030,S,641563,0,30.3200143,-97.7196087,12837421,AUS_12837421,30.323435,-97.723865,2,1,3,16,2,43,1,1,4,11,1,4,N,4,NA,NA,4,97,97,,,0,1,0,0,0,1,0,N,N,N,N,N,N,N,7/13/2012,7:00 AM,227,22,N,N,NA,NA,19,NA,,1,5500,,GUADALUPE,ST,N,N,0,N,N,,N,19,NA,,NA,,,KOENIG,LN,NA,NA,,,,NA,11,5,0,NA,1,1,16,7:20 AM,DISPATCH,7:45 AM,7/13/2012,Y,74,NA,75,95,8,5,4,1,64,54,1,5,1,21,21,227,22,30.323435,-97.723865,,NA,NA,NA,5589,NA,NA,NA,NA,NA,,NA,NA,N/A,NA,NA,NA,NA,Y,N,N,2,9,Y,FRI,NA,NA,NA,NA,NA,NA,NA,NA,NA,NA,NA,NA,NA,NA,NA,NA,NA,NA,NA,NA,NA,NA,NA,NA,NA,NA,NA,NA,NA,NA,NA,NA,NA,NA,NA,NA,NA,NA,NA,NA,NA,NA,NA,NA,NA,NA,NA,NA,NA,NA,NA,NA,NA,NA,NA,0,1,0,0,1,1,0,90,128374212,1283742121,70,Yes
GUADALUPE ST,AUS_1470831821,991,45,48,453,203,1,4.85E+11,1500US484530002031,Block Group 1,G5030,S,1209417,0,30.3126275,-97.7366586,14708318,AUS_14708318,30.30274477,-97.73815246,2,1,3,16,2,26,1,1,4,11,1,4,N,4,NA,NA,4,97,97,,,0,1,0,0,0,1,0,N,N,N,N,N,N,N,10/16/2015,3:19 PM,227,22,N,N,NA,NA,19,NA,,1,3800,,GUADALUPE,ST,N,N,-1,N,N,,Y,19,NA,,1,500,W,38TH,ST,NA,NA,,,,NA,11,1,4,NA,1,1,5,3:19 PM,DISPATCH,3:23 PM,10/16/2015,Y,74,NA,NA,10,8,5,2,3,64,54,1,5,1,21,21,227,22,30.30274477,-97.73815246,,NA,NA,NA,3801,NA,NA,NA,NA,NA,,NA,NA,W 38TH ST,NA,NA,NA,NA,Y,N,N,2,9,Y,FRI,NA,NA,NA,NA,NA,NA,NA,NA,NA,NA,NA,NA,NA,NA,NA,NA,NA,NA,NA,NA,NA,NA,NA,NA,NA,NA,NA,NA,NA,NA,NA,NA,NA,NA,NA,NA,NA,NA,NA,NA,NA,NA,NA,NA,NA,NA,NA,NA,NA,NA,NA,NA,NA,NA,NA,0,1,0,1,0,1,0,90,NA,NA,70,Yes