Street_Name,Crash_UP_ID,FID,FID_Austin,STATEFP,COUNTYFP,TRACTCE,BLKGRPCE,GEOID1,GEOID,NAMELSAD,MTFCC,FUNCSTAT,ALAND,AWATER,INTPTLAT,INTPTLON,CrashID,CrashID1,Latitude,Longitude,Unit_Nbr,Prsn_Nbr,Prsn_Type_ID,Prsn_Occpnt_Pos_ID,Prsn_Injry_Sev_ID,Prsn_Age,Prsn_Ethnicity_ID,Prsn_Gndr_ID,Prsn_Ejct_ID,Prsn_Rest_ID,Prsn_Airbag_ID,Prsn_Helmet_ID,Prsn_Sol_Fl,Prsn_Alc_Spec_Type_ID,Prsn_Alc_Rslt_ID,Prsn_Bac_Test_Rslt,Prsn_Drg_Spec_Type_ID,Prsn_Drg_Rslt_ID,Drvr_Drg_Cat_1_ID,Prsn_Death_Date,Prsn_Death_Time,Incap_Injry_Cnt.x,Nonincap_Injry_Cnt.x,Poss_Injry_Cnt.x,Non_Injry_Cnt.x,Unkn_Injry_Cnt.x,Tot_Injry_Cnt.x,Death_Cnt.x,Crash_Fatal_Fl,Cmv_Involv_Fl,Schl_Bus_Fl,Rr_Relat_Fl,Medical_Advisory_Fl,Amend_Supp_Fl,Active_School_Zone_Fl,Crash_Date,Crash_Time,Rpt_CRIS_Cnty_ID,Rpt_City_ID,Rpt_Outside_City_Limit_Fl,Thousand_Damage_Fl,Rpt_Latitude,Rpt_Longitude,Rpt_Rdwy_Sys_ID,Rpt_Hwy_Num,Rpt_Hwy_Sfx,Rpt_Road_Part_ID,Rpt_Block_Num,Rpt_Street_Pfx,Rpt_Street_Name,Rpt_Street_Sfx,Private_Dr_Fl,Toll_Road_Fl,Crash_Speed_Limit,Road_Constr_Zone_Fl,Road_Constr_Zone_Wrkr_Fl,Rpt_Street_Desc,At_Intrsct_Fl,Rpt_Sec_Rdwy_Sys_ID,Rpt_Sec_Hwy_Num,Rpt_Sec_Hwy_Sfx,Rpt_Sec_Road_Part_ID,Rpt_Sec_Block_Num,Rpt_Sec_Street_Pfx,Rpt_Sec_Street_Name,Rpt_Sec_Street_Sfx,Rpt_Ref_Mark_Offset_Amt,Rpt_Ref_Mark_Dist_Uom,Rpt_Ref_Mark_Dir,Rpt_Ref_Mark_Nbr,Rpt_Sec_Street_Desc,Rpt_CrossingNumber,Wthr_Cond_ID,Light_Cond_ID,Entr_Road_ID,Road_Type_ID,Road_Algn_ID,Surf_Cond_ID,Traffic_Cntl_ID,Investigat_Notify_Time,Investigat_Notify_Meth,Investigat_Arrv_Time,Report_Date,Investigat_Comp_Fl,Investigat_Agency_ID,Investigat_Area_ID,Investigat_District_ID,Investigat_Region_ID,Bridge_Detail_ID,Harm_Evnt_ID,Intrsct_Relat_ID,FHE_Collsn_ID,Obj_Struck_ID,Othr_Factr_ID,Road_Part_Adj_ID,Road_Cls_ID,Road_Relat_ID,Phys_Featr_1_ID,Phys_Featr_2_ID,Cnty_ID,City_ID,Latitude.1,Longitude.1,Hwy_Sys,Hwy_Nbr,Hwy_Sfx,Dfo,Street_Nbr,Control,Section,Milepoint,Ref_Mark_Nbr,Ref_Mark_Displ,Hwy_Sys_2,Hwy_Nbr_2,Hwy_Sfx_2,Street_Name_2,Street_Nbr_2,Control_2,Section_2,Milepoint_2,Txdot_Rptable_Fl,Onsys_Fl,Rural_Fl,Crash_Sev_ID,Pop_Group_ID,Located_Fl,Day_of_Week,Hwy_Dsgn_Lane_ID,Hwy_Dsgn_Hrt_ID,Hp_Shldr_Left,Hp_Shldr_Right,Hp_Median_Width,Base_Type_ID,Nbr_Of_Lane,Row_Width_Usual,Roadbed_Width,Surf_Width,Surf_Type_ID,Curb_Type_Left_ID,Curb_Type_Right_ID,Shldr_Type_Left_ID,Shldr_Width_Left,Shldr_Use_Left_ID,Shldr_Type_Right_ID,Shldr_Width_Right,Shldr_Use_Right_ID,Median_Type_ID,Median_Width,Rural_Urban_Type_ID,Func_Sys_ID,Adt_Curnt_Amt,Adt_Curnt_Year,Adt_Adj_Curnt_Amt,Pct_Single_Trk_Adt,Pct_Combo_Trk_Adt,Trk_Aadt_Pct,Curve_Type_ID,Curve_Lngth,Cd_Degr,Delta_Left_Right_ID,Dd_Degr,Feature_Crossed,Structure_Number,I_R_Min_Vert_Clear,Approach_Width,Bridge_Median_ID,Bridge_Loading_Type_ID,Bridge_Loading_In_1000_Lbs,Bridge_Srvc_Type_On_ID,Bridge_Srvc_Type_Under_ID,Culvert_Type_ID,Roadway_Width,Deck_Width,Bridge_Dir_Of_Traffic_ID,Bridge_Rte_Struct_Func_ID,Bridge_IR_Struct_Func_ID,CrossingNumber,RRCo,Poscrossing_ID,WDCode_ID,Standstop,Yield,Incap_Injry_Cnt.y,Nonincap_Injry_Cnt.y,Poss_Injry_Cnt.y,Non_Injry_Cnt.y,Unkn_Injry_Cnt.y,Tot_Injry_Cnt.y,Death_Cnt.y,MPO_ID,Unit_ID,Unit_Prsn_ID,Count,BikePath
GUADALUPE ST,AUS_1373808121,916,259,48,453,603,5,4.85E+11,1500US484530006035,Block Group 5,G5030,S,130272,0,30.2926805,-97.7429143,13738081,AUS_13738081,30.29324,-97.7418,2,1,3,16,2,NA,5,1,4,11,1,4,N,4,NA,NA,4,97,97,,,0,1,0,0,0,1,0,N,N,N,N,N,N,N,3/7/2014,10:53 AM,227,22,N,Y,NA,NA,19,NA,,1,1200,,GUADALUPE ST,ST,N,N,30,N,N,,Y,19,NA,,1,,W,W 28TH ST,ST,NA,NA,,,,NA,11,1,4,NA,1,1,1,10:55 AM,DISPATCH,10:57 AM,3/7/2014,Y,74,1061,10,14,8,5,4,1,64,54,1,5,1,11,21,227,22,30.29324,-97.7418,,NA,NA,NA,2715,NA,NA,NA,NA,NA,,NA,NA,N/A,NA,NA,NA,NA,Y,N,N,2,9,Y,FRI,NA,NA,NA,NA,NA,NA,NA,NA,NA,NA,NA,NA,NA,NA,NA,NA,NA,NA,NA,NA,NA,NA,NA,NA,NA,NA,NA,NA,NA,NA,NA,NA,NA,NA,NA,NA,NA,NA,NA,NA,NA,NA,NA,NA,NA,NA,NA,NA,NA,NA,NA,NA,NA,NA,NA,0,1,0,1,0,1,0,90,137380812,1373808121,70,Yes
GUADALUPE ST,AUS_1234322821,946,2,48,453,204,1,4.85E+11,1500US484530002041,Block Group 1,G5030,S,514125,0,30.3003058,-97.7429373,12343228,AUS_12343228,30.29626012,-97.74227367,2,1,3,16,2,32,0,1,4,11,1,2,N,4,NA,NA,4,97,97,,,0,1,0,0,0,1,0,N,N,N,N,N,N,N,10/20/2011,8:38 PM,227,22,N,N,NA,NA,19,NA,,1,2927,,GUADALUPE,ST,N,N,0,N,N,,N,19,NA,,NA,,W,30TH,ST,NA,NA,,,,NA,11,4,0,NA,1,1,1,8:38 PM,DISPATCHED,9:00 PM,10/20/2011,Y,74,NA,120,14,8,5,3,3,64,13,1,5,1,32,21,227,22,30.29626012,-97.74227367,,NA,NA,NA,2924,NA,NA,NA,NA,NA,,NA,NA,N/A,NA,NA,NA,NA,Y,N,N,2,9,Y,THU,NA,NA,NA,NA,NA,NA,NA,NA,NA,NA,NA,NA,NA,NA,NA,NA,NA,NA,NA,NA,NA,NA,NA,NA,NA,NA,NA,NA,NA,NA,NA,NA,NA,NA,NA,NA,NA,NA,NA,NA,NA,NA,NA,NA,NA,NA,NA,NA,NA,NA,NA,NA,NA,NA,NA,0,1,0,1,0,1,0,90,123432282,1234322821,70,Yes
GUADALUPE ST,AUS_1291059821,804,67,48,453,700,1,4.85E+11,1500US484530007001,Block Group 1,G5030,S,1615130,0,30.2777004,-97.7411232,12910598,AUS_12910598,30.2813579,-97.741673,2,1,3,16,2,25,5,1,4,11,1,4,N,4,NA,NA,4,97,97,,,0,1,0,0,0,1,0,N,N,N,N,N,N,N,8/23/2012,3:10 PM,227,22,N,N,NA,NA,19,NA,,1,2000,,GUADALUPE,ST,N,N,0,N,N,,N,19,NA,,NA,,,MARTIN LUTHER KING,ST,NA,NA,,,,NA,11,1,0,NA,8,1,1,3:10 PM,DISPATCH,3:15 PM,8/23/2012,Y,74,17,120,14,8,5,3,3,64,13,1,5,1,32,21,227,22,30.2813579,-97.741673,,NA,NA,NA,1845,NA,NA,NA,NA,NA,,NA,NA,N/A,NA,NA,NA,NA,Y,N,N,2,9,Y,THU,NA,NA,NA,NA,NA,NA,NA,NA,NA,NA,NA,NA,NA,NA,NA,NA,NA,NA,NA,NA,NA,NA,NA,NA,NA,NA,NA,NA,NA,NA,NA,NA,NA,NA,NA,NA,NA,NA,NA,NA,NA,NA,NA,NA,NA,NA,NA,NA,NA,NA,NA,NA,NA,NA,NA,0,1,0,2,0,1,0,90,129105982,1291059821,70,Yes
GUADALUPE ST,AUS_1372067121,918,259,48,453,603,5,4.85E+11,1500US484530006035,Block Group 5,G5030,S,130272,0,30.2926805,-97.7429143,13720671,AUS_13720671,30.29331655,-97.7418348,2,1,3,16,3,27,1,1,4,11,1,4,N,4,NA,NA,4,97,97,,,0,0,1,0,0,1,0,N,N,N,N,N,N,N,2/22/2014,1:58 AM,227,22,N,N,NA,NA,19,NA,,1,2800,,GUADALUPE ST,,N,N,-1,N,N,,N,19,NA,,NA,,,W 28TH ST,,NA,NA,,,,NA,11,4,98,NA,1,1,1,1:58 AM,DISPATCH,2:15 AM,2/22/2014,Y,74,1061,10,14,8,5,3,1,64,14,1,5,1,32,21,227,22,30.29331655,-97.7418348,,NA,NA,NA,2731,NA,NA,NA,NA,NA,,NA,NA,N/A,NA,NA,NA,NA,Y,N,N,3,9,Y,SAT,NA,NA,NA,NA,NA,NA,NA,NA,NA,NA,NA,NA,NA,NA,NA,NA,NA,NA,NA,NA,NA,NA,NA,NA,NA,NA,NA,NA,NA,NA,NA,NA,NA,NA,NA,NA,NA,NA,NA,NA,NA,NA,NA,NA,NA,NA,NA,NA,NA,NA,NA,NA,NA,NA,NA,0,0,1,1,0,1,0,90,137206712,1372067121,70,Yes
IH0035,AUS_1330259421,1095,472,48,453,2105,2,4.85E+11,1500US484530021052,Block Group 2,G5030,S,857352,0,30.3176518,-97.7037163,13302594,AUS_13302594,30.31867261,-97.70725752,2,1,3,16,2,26,1,1,4,11,1,4,N,4,NA,NA,4,97,97,,,0,1,0,0,0,1,0,N,N,N,N,N,N,N,5/16/2013,4:30 PM,227,22,N,N,NA,NA,1,35,,2,5800,N,SVRD NB,,N,N,45,N,N,,Y,19,NA,,NA,1000,,REINLI,ST,NA,NA,,,,NA,11,1,2,2,1,1,8,4:32 PM,DISPATCHED,4:39 PM,5/20/2013,Y,74,NA,75,95,8,5,2,1,64,54,2,1,1,21,21,227,22,30.31867261,-97.70725752,IH,35,NA,237.872,NA,15,13,21.762,239,-0.282,,NA,NA,REINLI ST,NA,NA,NA,NA,Y,Y,N,2,9,Y,THU,5,0,4,10,32,2,8,300,124,96,4,0,0,2,8,5,2,20,5,2,24,4,11,184540,2012,184540,2.5,6.8,9.3,1,274,0,1,14,NA,NA,NA,NA,NA,NA,NA,NA,NA,NA,NA,NA,NA,NA,NA,NA,NA,NA,NA,NA,NA,0,1,0,1,0,1,0,90,133025942,1330259421,47,No
IH0035,AUS_1282178711,49,436,48,453,2427,3,4.85E+11,1500US484530024273,Block Group 3,G5030,S,1690421,0,30.1815026,-97.7698571,12821787,AUS_12821787,30.19035942,-97.77059681,1,1,3,16,3,49,3,1,4,11,1,4,N,4,NA,NA,4,97,97,,,0,0,1,0,0,1,0,N,N,N,N,N,N,N,7/26/2012,9:11 PM,227,22,N,N,NA,NA,1,35,,2,6400,S,SVRD NB,,N,N,50,N,N,,Y,19,NA,,NA,1600,E,WILLIAM CANNON,,NA,NA,,,,NA,11,4,0,2,1,1,5,9:11 PM,DISPATCHED,9:11 PM,7/26/2012,Y,74,NA,NA,367,8,5,2,1,64,54,2,1,1,21,21,227,22,30.19035942,-97.77059681,IH,35,NA,228.065,NA,15,13,11.879,229,-0.163,,NA,NA,E WILLIAM CANNON DR,NA,NA,NA,NA,Y,Y,N,3,9,Y,THU,5,0,3,10,36,2,6,300,98,72,4,0,0,2,6,5,2,20,5,NA,30,4,11,159520,2012,159520,2.5,7.9,10.4,NA,NA,NA,NA,NA,NA,NA,NA,NA,NA,NA,NA,NA,NA,NA,NA,NA,NA,NA,NA,NA,NA,NA,NA,NA,NA,0,0,1,1,0,1,0,90,128217871,1282178711,47,No
IH0035,AUS_1483848421,1094,472,48,453,2105,2,4.85E+11,1500US484530021052,Block Group 2,G5030,S,857352,0,30.3176518,-97.7037163,14838484,AUS_14838484,30.31866845,-97.70725807,2,1,3,16,5,21,1,1,4,11,1,4,N,4,NA,NA,4,97,97,,,0,0,0,1,0,0,0,N,N,N,N,N,N,N,12/11/2015,12:06 PM,227,22,N,N,NA,NA,1,35,,2,5800,N,NOT REPORTED,,N,N,55,N,N,,Y,19,NA,,1,1000,,REINLI,ST,NA,NA,,,,NA,11,1,0,2,1,1,8,12:06 PM,DISPATCH,12:08 PM,12/11/2015,Y,74,NA,NA,34,8,5,2,1,64,54,2,1,1,21,21,227,22,30.31866845,-97.70725807,IH,35,NA,238.109,NA,15,13,21.701,239,-0.347,,NA,NA,REINLI ST,NA,NA,NA,NA,N,Y,N,5,9,Y,FRI,5,0,4,10,32,2,8,300,124,96,4,0,0,2,8,5,2,20,5,2,24,4,11,172066,2014,172066,3.3,9.4,12.7,NA,NA,NA,NA,NA,NA,NA,NA,NA,NA,NA,NA,NA,NA,NA,NA,NA,NA,NA,NA,NA,NA,NA,NA,NA,NA,0,0,0,2,0,0,0,90,NA,NA,47,No
IH0035,AUS_1263122721,222,418,48,453,2307,4,4.85E+11,1500US484530023074,Block Group 4,G5030,S,428094,0,30.2300496,-97.7399091,12631227,AUS_12631227,30.23360917,-97.74126511,2,1,3,16,2,57,1,1,4,11,1,4,N,4,NA,NA,4,97,97,,,0,1,0,0,0,1,0,N,N,N,N,N,N,N,3/2/2012,1:15 PM,227,22,N,Y,NA,NA,1,35,,2,2300,S,SERVICE ROAD SB,,N,N,0,N,N,,Y,19,NA,,NA,1300,E,OLTORF,ST,NA,NA,,,,NA,11,1,4,2,1,1,5,1:15 PM,DISPATCHED,1:20 PM,3/2/2012,Y,74,17,105,112,8,5,2,1,64,54,2,1,1,21,21,227,22,30.23360917,-97.74126511,IH,35,NA,231.524,NA,15,13,15.403,232,0.353,,NA,NA,E OLTORF ST,NA,NA,NA,NA,Y,Y,N,2,9,Y,FRI,5,0,2,10,7,2,6,300,96,72,4,0,0,2,4,5,2,20,5,2,3,4,11,157520,2012,157520,2.7,7.3,10,NA,NA,NA,NA,NA,NA,NA,NA,NA,NA,NA,NA,NA,NA,NA,NA,NA,NA,NA,NA,NA,NA,NA,NA,NA,NA,0,1,0,1,0,1,0,90,126312272,1263122721,47,No
IH0035,AUS_1290363411,523,344,48,453,902,4,4.85E+11,1500US484530009024,Block Group 4,G5030,S,809825,0,30.2619393,-97.7293714,12903634,AUS_12903634,30.2639031,-97.73535145,1,1,3,16,2,29,1,1,4,11,1,4,N,4,NA,NA,4,97,97,,,0,1,0,0,0,1,0,N,N,N,Y,N,N,N,9/17/2012,10:30 PM,227,22,N,Y,NA,NA,1,35,,2,NA,N,SB SVC RD,,N,N,30,N,N,,Y,19,NA,,NA,,E,4TH,ST,NA,NA,,,,NA,11,3,0,2,1,1,15,10:31 PM,DISPATCH,10:32 PM,9/18/2012,Y,74,NA,115,144,8,5,1,1,64,54,2,1,1,17,21,227,22,30.2639031,-97.73535145,IH,35,NA,233.722,NA,15,13,17.588,235,-0.454,,NA,NA,E 4TH ST,NA,NA,NA,NA,Y,Y,N,2,9,Y,MON,5,0,2,5,7,2,6,300,86,72,4,0,0,2,4,5,2,10,5,2,3,4,11,169360,2012,169360,2.6,7.1,9.7,NA,NA,NA,NA,NA,NA,NA,NA,NA,NA,NA,NA,NA,NA,NA,NA,NA,NA,NA,NA,NA,NA,NA,NA,NA,NA,0,1,0,1,0,1,0,90,129036341,1290363411,47,No
IH0035,AUS_1468189521,1217,527,48,453,1813,1,4.85E+11,1500US484530018131,Block Group 1,G5030,S,1287404,0,30.3487772,-97.6880936,14681895,AUS_14681895,30.35806933,-97.68814856,2,1,3,16,2,21,2,1,4,11,1,4,N,4,NA,NA,4,97,97,,,0,1,0,0,0,1,0,N,N,N,N,N,N,N,9/29/2015,9:49 PM,227,22,N,Y,NA,NA,19,NA,,1,800,W,RUNDBERG,LN,N,N,30,N,N,,Y,1,35,,2,9400,S,N IH 35 SVRD,HWY,NA,NA,,,,NA,11,3,2,2,1,1,6,9:49 PM,DISPATCH,9:54 PM,9/29/2015,Y,74,NA,NA,123,8,5,1,1,64,54,2,1,1,21,21,227,22,30.35806933,-97.68814856,IH,35,NA,241.088,NA,15,13,24.682,242,-0.36,,NA,NA,E RUNDBERG LN,NA,NA,NA,NA,Y,Y,N,2,9,Y,TUE,5,0,10,10,23,2,6,300,112,72,4,0,0,2,20,5,2,20,5,2,3,4,11,124466,2014,124466,3.3,9.4,12.7,NA,NA,NA,NA,NA,NA,NA,NA,NA,NA,NA,NA,NA,NA,NA,NA,NA,NA,NA,NA,NA,NA,NA,NA,NA,NA,0,1,0,1,0,1,0,90,NA,NA,47,No
IH0035,AUS_1263162811,338,449,48,453,2304,2,4.85E+11,1500US484530023042,Block Group 2,G5030,S,401183,145886,30.2462908,-97.7297119,12631628,AUS_12631628,30.24820627,-97.73539073,1,1,3,16,5,30,1,1,4,11,1,4,N,4,NA,NA,4,97,97,,,0,0,0,1,0,0,0,N,N,N,N,N,N,N,3/26/2012,2:19 PM,227,22,N,Y,NA,NA,19,NA,,2,1100,E,RIVERSIDE,DR,N,N,35,Y,N,,Y,1,35,,NA,,N,WF,,NA,NA,,,,NA,11,1,4,2,1,1,5,2:20 PM,DISPATCH,2:24 PM,3/26/2012,Y,74,NA,NA,35,8,5,2,1,64,49,1,1,1,21,21,227,22,30.24820627,-97.73539073,IH,35,NA,232.618,NA,15,13,16.5,233,0.458,,NA,NA,E RIVERSIDE DR,NA,NA,NA,NA,Y,Y,N,5,9,Y,MON,5,0,2,10,7,2,6,300,96,72,4,0,0,2,4,5,2,20,5,2,3,4,11,144620,2012,144620,2.8,7.7,10.5,1,238,3,1,37,NA,NA,NA,NA,NA,NA,NA,NA,NA,NA,NA,NA,NA,NA,NA,NA,NA,NA,NA,NA,NA,0,0,0,2,0,0,0,90,126316281,1263162811,47,No
IH0035,AUS_1395082921,952,48,48,453,307,1,4.85E+11,1500US484530003071,Block Group 1,G5030,S,1214064,0,30.2970324,-97.7125662,13950829,AUS_13950829,30.2975474,-97.71796894,2,1,3,16,2,39,1,1,4,11,1,4,N,4,NA,NA,4,97,97,,,0,1,0,0,0,1,0,N,N,N,N,N,N,N,7/15/2014,6:45 PM,227,22,N,N,NA,NA,1,35,I,2,NA,N,N IH 35 SVRD SB,HWY,N,N,-1,N,N,,Y,19,NA,,1,,,41ST ST,ST,NA,NA,,,,NA,12,1,4,2,1,1,5,6:45 PM,DISPATCH,6:50 PM,7/15/2014,Y,74,1061,10,14,8,5,1,1,64,54,2,1,1,21,21,227,22,30.2975474,-97.71796894,IH,35,NA,236.269,NA,15,13,20.15,237,0.114,,NA,NA,E 41ST ST,NA,NA,NA,NA,Y,Y,N,2,9,Y,TUE,5,0,2,10,7,2,8,310,182,96,4,0,0,2,20,5,2,40,5,2,3,4,11,191460,2012,191460,2.5,6.6,9.1,NA,NA,NA,NA,NA,NA,NA,NA,NA,NA,NA,NA,NA,NA,NA,NA,NA,NA,NA,NA,NA,NA,NA,NA,NA,NA,0,2,0,0,0,2,0,90,139508292,1395082921,47,No
IH0035,AUS_1357857221,221,418,48,453,2307,4,4.85E+11,1500US484530023074,Block Group 4,G5030,S,428094,0,30.2300496,-97.7399091,13578572,AUS_13578572,30.23360917,-97.74126511,2,1,3,16,3,NA,3,1,4,11,1,4,N,4,NA,NA,4,97,97,,,0,0,1,0,0,1,0,N,N,N,N,N,N,N,10/13/2013,2:47 AM,227,22,N,N,NA,NA,1,35,I,2,2200,,NOT REPORTED,HWY,N,N,55,N,N,S IH 35 SB SVRD,Y,19,NA,,1,,E,OLTORF,ST,NA,NA,,,,NA,2,4,4,2,1,2,5,2:47 AM,DISPATCH,2:58 AM,10/13/2013,Y,74,1043,93,112,8,5,1,1,64,54,2,1,1,21,21,227,22,30.23360917,-97.74126511,IH,35,NA,231.524,NA,15,13,15.403,232,0.353,,NA,NA,E OLTORF ST,NA,NA,NA,NA,Y,Y,N,3,9,Y,SUN,5,0,2,10,7,2,6,300,96,72,4,0,0,2,4,5,2,20,5,2,3,4,11,157520,2012,157520,2.7,7.3,10,NA,NA,NA,NA,NA,NA,NA,NA,NA,NA,NA,NA,NA,NA,NA,NA,NA,NA,NA,NA,NA,NA,NA,NA,NA,NA,0,0,1,0,1,1,0,90,135785722,1357857221,47,No
IH0035,AUS_1283711421,1065,472,48,453,2105,2,4.85E+11,1500US484530021052,Block Group 2,G5030,S,857352,0,30.3176518,-97.7037163,12837114,AUS_12837114,30.31168731,-97.70908471,2,1,3,16,2,68,1,1,4,11,1,3,N,4,NA,NA,4,97,97,,,0,1,0,0,0,1,0,N,N,N,N,N,N,N,6/9/2012,10:42 AM,227,22,N,N,NA,NA,1,35,,2,5400,N,SVRD NB,,N,N,45,N,N,,N,19,NA,,NA,,E,53RD,ST,NA,NA,,,,NA,11,1,98,2,1,1,8,10:42 AM,DISPATCH,10:47 AM,6/9/2012,N,74,NA,158,95,8,5,3,1,64,14,2,1,1,32,21,227,22,30.31168731,-97.70908471,IH,35,NA,237.377,NA,15,13,21.274,238,0.236,,NA,NA,N/A,NA,NA,NA,NA,Y,Y,N,2,9,Y,SAT,5,0,4,10,32,2,8,300,124,96,4,0,0,2,8,5,2,20,5,2,24,4,11,184540,2012,184540,2.5,6.8,9.3,NA,NA,NA,NA,NA,NA,NA,NA,NA,NA,NA,NA,NA,NA,NA,NA,NA,NA,NA,NA,NA,NA,NA,NA,NA,NA,0,1,0,0,1,1,0,90,128371142,1283711421,47,No
IH0035,AUS_1412469121,1394,551,48,453,1840,1,4.85E+11,1500US484530018401,Block Group 1,G5030,S,5256605,5331,30.4273273,-97.6533265,14124691,AUS_14124691,30.44011575,-97.66855656,2,1,3,16,2,17,1,1,4,11,1,4,N,4,NA,NA,4,97,97,,,0,1,0,0,0,1,0,N,N,N,N,N,N,N,11/7/2014,7:05 AM,227,22,N,N,NA,NA,1,35,A,2,14100,N,IH 35 NB SVC,RD,N,N,55,N,N,,Y,19,NA,,1,1400,,WELLS BRANCH,PKWY,NA,NA,,,,NA,11,1,4,2,1,1,15,7:15 AM,DISPATCH,7:26 AM,11/7/2014,N,74,NA,46,64,8,5,2,1,64,54,2,1,1,21,21,227,22,30.44011575,-97.66855656,IH,35,NA,246.778,NA,15,10,0.373,248,-0.403,,NA,NA,WELLS BRANCH PKY,NA,NA,NA,NA,Y,Y,N,2,9,Y,FRI,5,0,4,10,11,2,6,300,100,72,4,0,0,2,8,5,2,20,5,2,3,4,11,121890,2012,121890,3.1,8.5,11.6,NA,NA,NA,NA,NA,NA,NA,NA,NA,NA,NA,NA,NA,NA,NA,NA,NA,NA,NA,NA,NA,NA,NA,NA,NA,NA,0,1,0,1,0,1,0,90,141246912,1412469121,47,No
IH0035,AUS_1269898611,575,344,48,453,902,4,4.85E+11,1500US484530009024,Block Group 4,G5030,S,809825,0,30.2619393,-97.7293714,12698986,AUS_12698986,30.26593145,-97.73458773,1,1,3,16,2,30,1,2,4,11,1,4,N,4,NA,NA,4,97,97,,,0,1,0,0,0,1,0,N,N,N,N,N,N,N,5/11/2012,3:35 AM,227,22,N,N,NA,NA,1,35,,1,600,,NB,,N,N,60,N,N,,N,19,NA,,NA,,E,6TH,ST,NA,NA,,,,NA,12,4,0,2,2,2,20,3:32 AM,DISPATCHED,3:37 AM,5/11/2012,Y,74,NA,NA,359,8,5,4,1,64,54,1,1,1,21,21,227,22,30.26593145,-97.73458773,IH,35,NA,233.869,NA,15,13,17.734,235,-0.307,,NA,NA,N/A,NA,NA,NA,NA,Y,Y,N,2,9,Y,FRI,5,0,2,5,7,2,6,300,86,72,4,0,0,2,4,5,2,10,5,2,3,4,11,174200,2012,174200,2.6,6.9,9.5,NA,NA,NA,NA,NA,NA,NA,NA,NA,NA,NA,NA,NA,NA,NA,NA,NA,NA,NA,NA,NA,NA,NA,NA,NA,NA,0,1,0,1,0,1,0,90,126989861,1269898611,47,No
IH0035,AUS_1437492921,554,344,48,453,902,4,4.85E+11,1500US484530009024,Block Group 4,G5030,S,809825,0,30.2619393,-97.7293714,14374929,AUS_14374929,30.26479309,-97.73498848,2,1,3,16,3,31,2,1,4,11,1,4,N,4,NA,NA,4,97,97,,,0,0,1,0,0,1,0,N,N,N,N,N,N,N,4/6/2015,9:20 AM,227,22,N,N,NA,NA,19,NA,,1,700,E,5TH,ST,N,N,30,N,N,,Y,1,35,,2,500,N,N IH 35 SVRD SB,,NA,NA,,,,NA,11,1,2,2,1,1,8,9:56 AM,DISPATCH,10:00 AM,4/6/2015,Y,74,NA,NA,115,8,5,1,2,64,54,2,1,1,21,21,227,22,30.26479309,-97.73498848,IH,35,NA,234.021,NA,15,13,17.606,235,-0.438,,NA,NA,E 5TH ST,NA,NA,NA,NA,Y,Y,N,3,9,Y,MON,5,0,2,5,7,2,6,300,86,72,4,0,0,2,4,5,2,10,5,2,3,4,11,148494,2014,148494,3.3,9.4,12.7,NA,NA,NA,NA,NA,NA,NA,NA,NA,NA,NA,NA,NA,NA,NA,NA,NA,NA,NA,NA,NA,NA,NA,NA,NA,NA,0,0,1,0,1,1,0,90,NA,NA,47,No
IH0035,AUS_1325234221,772,360,48,453,402,3,4.85E+11,1500US484530004023,Block Group 3,G5030,S,619665,0,30.2816518,-97.7219621,13252342,AUS_13252342,30.27853699,-97.72991679,2,1,3,16,2,29,1,1,4,11,1,4,N,4,NA,NA,4,97,97,,,0,1,0,0,0,1,0,N,N,N,N,N,N,N,2/7/2013,3:17 PM,227,22,N,N,NA,NA,1,35,,2,NA,N,EAST FRONTAGE,,N,N,0,N,N,,Y,19,NA,,NA,,E,MLK JR,BLVD,NA,NA,,,,NA,11,1,0,2,3,1,5,3:19 PM,DISPATCHED,3:22 PM,2/7/2013,Y,74,12,81,106,8,5,1,1,64,54,2,1,1,21,21,227,22,30.27853699,-97.72991679,IH,35,NA,234.78,NA,15,13,18.639,236,-0.385,SL,343,NA,SL0343,NA,NA,NA,NA,Y,Y,N,2,9,Y,THU,5,0,4,10,11,2,8,300,124,96,4,0,0,2,8,5,2,20,5,2,3,4,11,191460,2012,191460,2.5,6.6,9.1,NA,NA,NA,NA,NA,NA,NA,NA,NA,NA,NA,NA,NA,NA,NA,NA,NA,NA,NA,NA,NA,NA,NA,NA,NA,NA,0,1,0,1,0,1,0,90,132523422,1325234221,47,No