Street_Name,Crash_UP_ID,FID,FID_Austin,STATEFP,COUNTYFP,TRACTCE,BLKGRPCE,GEOID1,GEOID,NAMELSAD,MTFCC,FUNCSTAT,ALAND,AWATER,INTPTLAT,INTPTLON,CrashID,CrashID1,Latitude,Longitude,Unit_Nbr,Prsn_Nbr,Prsn_Type_ID,Prsn_Occpnt_Pos_ID,Prsn_Injry_Sev_ID,Prsn_Age,Prsn_Ethnicity_ID,Prsn_Gndr_ID,Prsn_Ejct_ID,Prsn_Rest_ID,Prsn_Airbag_ID,Prsn_Helmet_ID,Prsn_Sol_Fl,Prsn_Alc_Spec_Type_ID,Prsn_Alc_Rslt_ID,Prsn_Bac_Test_Rslt,Prsn_Drg_Spec_Type_ID,Prsn_Drg_Rslt_ID,Drvr_Drg_Cat_1_ID,Prsn_Death_Date,Prsn_Death_Time,Incap_Injry_Cnt.x,Nonincap_Injry_Cnt.x,Poss_Injry_Cnt.x,Non_Injry_Cnt.x,Unkn_Injry_Cnt.x,Tot_Injry_Cnt.x,Death_Cnt.x,Crash_Fatal_Fl,Cmv_Involv_Fl,Schl_Bus_Fl,Rr_Relat_Fl,Medical_Advisory_Fl,Amend_Supp_Fl,Active_School_Zone_Fl,Crash_Date,Crash_Time,Rpt_CRIS_Cnty_ID,Rpt_City_ID,Rpt_Outside_City_Limit_Fl,Thousand_Damage_Fl,Rpt_Latitude,Rpt_Longitude,Rpt_Rdwy_Sys_ID,Rpt_Hwy_Num,Rpt_Hwy_Sfx,Rpt_Road_Part_ID,Rpt_Block_Num,Rpt_Street_Pfx,Rpt_Street_Name,Rpt_Street_Sfx,Private_Dr_Fl,Toll_Road_Fl,Crash_Speed_Limit,Road_Constr_Zone_Fl,Road_Constr_Zone_Wrkr_Fl,Rpt_Street_Desc,At_Intrsct_Fl,Rpt_Sec_Rdwy_Sys_ID,Rpt_Sec_Hwy_Num,Rpt_Sec_Hwy_Sfx,Rpt_Sec_Road_Part_ID,Rpt_Sec_Block_Num,Rpt_Sec_Street_Pfx,Rpt_Sec_Street_Name,Rpt_Sec_Street_Sfx,Rpt_Ref_Mark_Offset_Amt,Rpt_Ref_Mark_Dist_Uom,Rpt_Ref_Mark_Dir,Rpt_Ref_Mark_Nbr,Rpt_Sec_Street_Desc,Rpt_CrossingNumber,Wthr_Cond_ID,Light_Cond_ID,Entr_Road_ID,Road_Type_ID,Road_Algn_ID,Surf_Cond_ID,Traffic_Cntl_ID,Investigat_Notify_Time,Investigat_Notify_Meth,Investigat_Arrv_Time,Report_Date,Investigat_Comp_Fl,Investigat_Agency_ID,Investigat_Area_ID,Investigat_District_ID,Investigat_Region_ID,Bridge_Detail_ID,Harm_Evnt_ID,Intrsct_Relat_ID,FHE_Collsn_ID,Obj_Struck_ID,Othr_Factr_ID,Road_Part_Adj_ID,Road_Cls_ID,Road_Relat_ID,Phys_Featr_1_ID,Phys_Featr_2_ID,Cnty_ID,City_ID,Latitude.1,Longitude.1,Hwy_Sys,Hwy_Nbr,Hwy_Sfx,Dfo,Street_Nbr,Control,Section,Milepoint,Ref_Mark_Nbr,Ref_Mark_Displ,Hwy_Sys_2,Hwy_Nbr_2,Hwy_Sfx_2,Street_Name_2,Street_Nbr_2,Control_2,Section_2,Milepoint_2,Txdot_Rptable_Fl,Onsys_Fl,Rural_Fl,Crash_Sev_ID,Pop_Group_ID,Located_Fl,Day_of_Week,Hwy_Dsgn_Lane_ID,Hwy_Dsgn_Hrt_ID,Hp_Shldr_Left,Hp_Shldr_Right,Hp_Median_Width,Base_Type_ID,Nbr_Of_Lane,Row_Width_Usual,Roadbed_Width,Surf_Width,Surf_Type_ID,Curb_Type_Left_ID,Curb_Type_Right_ID,Shldr_Type_Left_ID,Shldr_Width_Left,Shldr_Use_Left_ID,Shldr_Type_Right_ID,Shldr_Width_Right,Shldr_Use_Right_ID,Median_Type_ID,Median_Width,Rural_Urban_Type_ID,Func_Sys_ID,Adt_Curnt_Amt,Adt_Curnt_Year,Adt_Adj_Curnt_Amt,Pct_Single_Trk_Adt,Pct_Combo_Trk_Adt,Trk_Aadt_Pct,Curve_Type_ID,Curve_Lngth,Cd_Degr,Delta_Left_Right_ID,Dd_Degr,Feature_Crossed,Structure_Number,I_R_Min_Vert_Clear,Approach_Width,Bridge_Median_ID,Bridge_Loading_Type_ID,Bridge_Loading_In_1000_Lbs,Bridge_Srvc_Type_On_ID,Bridge_Srvc_Type_Under_ID,Culvert_Type_ID,Roadway_Width,Deck_Width,Bridge_Dir_Of_Traffic_ID,Bridge_Rte_Struct_Func_ID,Bridge_IR_Struct_Func_ID,CrossingNumber,RRCo,Poscrossing_ID,WDCode_ID,Standstop,Yield,Incap_Injry_Cnt.y,Nonincap_Injry_Cnt.y,Poss_Injry_Cnt.y,Non_Injry_Cnt.y,Unkn_Injry_Cnt.y,Tot_Injry_Cnt.y,Death_Cnt.y,MPO_ID,Unit_ID,Unit_Prsn_ID,Count,BikePath
IH0035,AUS_1389182221,1193,527,48,453,1813,1,4.85E+11,1500US484530018131,Block Group 1,G5030,S,1287404,0,30.3487772,-97.6880936,13891822,AUS_13891822,30.34921473,-97.693766,2,1,3,16,2,32,3,1,4,11,1,4,N,4,NA,NA,4,97,97,,,0,1,0,0,0,1,0,N,N,N,N,N,N,N,6/3/2014,2:58 PM,227,22,N,N,NA,NA,1,35,I,2,8500,N,N IH 35 SVRD NB,HWY,N,N,55,N,N,,Y,19,NA,,1,N,,HERMITAGE,DR,NA,NA,,,,NA,6,1,98,2,1,1,8,2:58 PM,DISPATCH,3:27 PM,6/3/2014,Y,74,63,123,143,8,5,1,2,64,54,2,1,1,21,21,227,22,30.34921473,-97.693766,IH,35,NA,240.153,NA,15,13,24.049,241,0.004,,NA,NA,HERMITAGE DR,NA,NA,NA,NA,Y,Y,N,2,9,Y,TUE,5,0,10,10,23,2,6,300,112,72,4,0,0,2,20,5,2,20,5,2,3,4,11,120470,2012,120470,3.2,8.5,11.7,NA,NA,NA,NA,NA,NA,NA,NA,NA,NA,NA,NA,NA,NA,NA,NA,NA,NA,NA,NA,NA,NA,NA,NA,NA,NA,0,1,0,1,0,1,0,90,138918222,1389182221,47,No
IH0035,AUS_1207934711,555,344,48,453,902,4,4.85E+11,1500US484530009024,Block Group 4,G5030,S,809825,0,30.2619393,-97.7293714,12079347,AUS_12079347,30.26490625,-97.7349474,1,1,3,16,5,25,1,1,4,11,1,4,N,4,NA,NA,4,97,97,,,0,0,0,1,0,0,0,N,N,N,N,N,N,N,2/20/2011,2:23 AM,227,22,N,N,30.26495,-97.73529,1,35,,2,500,N,IH 35 SB SVRD,,N,N,35,N,N,,N,19,NA,,1,700,E,5TH,ST,NA,NA,,,,NA,11,4,0,2,1,1,20,2:47 AM,DISPATCHED,2:55 AM,2/20/2011,N,74,NA,131,411,8,5,3,2,64,14,2,1,1,32,21,227,22,30.26490625,-97.7349474,IH,35,NA,233.795,NA,15,13,17.661,235,-0.381,,NA,NA,N/A,NA,NA,NA,NA,Y,Y,N,2,9,Y,SUN,5,0,2,5,7,2,6,300,86,72,4,0,0,2,4,5,2,10,5,2,3,4,11,169360,2012,169360,2.6,7.1,9.7,NA,NA,NA,NA,NA,NA,NA,NA,NA,NA,NA,NA,NA,NA,NA,NA,NA,NA,NA,NA,NA,NA,NA,NA,NA,NA,0,1,1,3,0,2,0,90,120793471,1207934711,47,No
IH0035,AUS_1389337721,966,48,48,453,307,1,4.85E+11,1500US484530003071,Block Group 1,G5030,S,1214064,0,30.2970324,-97.7125662,13893377,AUS_13893377,30.29993487,-97.71648563,2,1,3,16,2,NA,1,1,4,11,1,4,N,4,NA,NA,4,97,97,,,0,1,0,0,0,1,0,N,N,N,N,N,N,N,6/7/2014,12:14 PM,227,22,N,Y,NA,NA,19,NA,,1,4200,,CLARKSON AVE,AVE,N,N,-1,N,N,,Y,1,35,,2,,,NOT REPORTED,,NA,NA,,,,NA,11,1,3,2,1,1,8,12:14 PM,BY CITIZEN,12:14 PM,6/7/2014,Y,74,1061,10,14,8,5,1,2,64,54,2,1,1,21,21,227,22,30.29993487,-97.71648563,IH,35,NA,236.456,NA,15,13,20.339,237,0.301,,NA,NA,CLARKSON AVE,NA,NA,NA,NA,Y,Y,N,2,9,Y,SAT,5,0,2,10,7,2,8,310,182,96,4,0,0,2,20,5,2,40,5,2,3,4,11,191460,2012,191460,2.5,6.6,9.1,NA,NA,NA,NA,NA,NA,NA,NA,NA,NA,NA,NA,NA,NA,NA,NA,NA,NA,NA,NA,NA,NA,NA,NA,NA,NA,0,1,0,1,0,1,0,90,138933772,1389337721,47,No
IH0035,AUS_1437045921,335,449,48,453,2304,2,4.85E+11,1500US484530023042,Block Group 2,G5030,S,401183,145886,30.2462908,-97.7297119,14370459,AUS_14370459,30.24802183,-97.73534685,2,1,3,16,1,29,1,2,4,11,1,4,N,4,NA,NA,4,97,97,,,1,0,0,0,0,1,0,N,N,N,N,N,N,N,4/1/2015,9:16 PM,227,22,N,Y,NA,NA,1,35,,2,NA,S,IH 35 SERVICE,RD,N,N,-1,N,N,,Y,19,NA,,1,,E,E RIVERSIDE,DR,NA,NA,,,,NA,11,4,4,2,1,1,5,9:18 PM,DISPATCH,9:25 PM,4/1/2015,Y,74,NA,NA,98,8,5,1,1,64,54,2,1,1,21,21,227,22,30.24802183,-97.73534685,IH,35,NA,232.837,NA,15,13,16.444,233,0.404,SL,343,NA,SL0343,NA,NA,NA,NA,Y,Y,N,1,9,Y,WED,5,0,2,10,7,2,6,300,96,72,4,0,0,2,4,5,2,20,5,2,3,4,11,197636,2014,197636,3.3,9.4,12.7,NA,NA,NA,NA,NA,NA,NA,NA,NA,NA,NA,NA,NA,NA,NA,NA,NA,NA,NA,NA,NA,NA,NA,NA,NA,NA,1,0,0,1,0,1,0,90,NA,NA,47,No
IH0035,AUS_1435261321,1174,527,48,453,1813,1,4.85E+11,1500US484530018131,Block Group 1,G5030,S,1287404,0,30.3487772,-97.6880936,14352613,AUS_14352613,30.3392898,-97.70004109,2,1,3,16,3,23,1,1,4,11,1,4,N,4,NA,NA,4,97,97,,,0,0,1,0,0,1,0,N,N,N,N,N,N,N,3/16/2015,4:10 PM,227,22,N,N,NA,NA,2,35,,2,7800,N,IH 35,,N,N,50,N,N,,N,2,183,,2,,,ANDERSON,,NA,NA,,,,NA,11,1,0,2,5,1,9,4:10 PM,DISPATCH,4:23 PM,3/16/2015,Y,74,NA,NA,123,8,5,2,1,64,54,2,1,1,21,21,227,22,30.3392898,-97.70004109,IH,35,NA,239.613,NA,15,13,23.192,240,0.145,US,183,NA,US0183,NA,NA,NA,NA,Y,Y,N,3,9,Y,MON,5,0,10,10,23,2,6,300,112,72,4,0,0,2,20,5,2,20,5,2,3,4,11,130691,2014,130691,3.3,9.4,12.7,NA,NA,NA,NA,NA,NA,NA,NA,NA,NA,NA,NA,NA,NA,NA,NA,NA,NA,NA,NA,NA,NA,NA,NA,NA,NA,0,0,1,3,0,1,0,90,NA,NA,47,No
IH0035,AUS_1223039311,1389,551,48,453,1840,1,4.85E+11,1500US484530018401,Block Group 1,G5030,S,5256605,5331,30.4273273,-97.6533265,12230393,AUS_12230393,30.43383372,-97.66973843,1,1,3,16,3,43,2,1,4,11,1,4,N,4,NA,NA,4,97,97,,,0,0,1,0,0,1,0,N,N,N,N,N,N,N,7/15/2011,1:18 PM,227,22,N,N,NA,NA,1,35,,2,14300,N,IH 35 SB SVRD,HWY,N,N,0,N,N,,N,19,NA,,1,,,KORMAN,DR,NA,NA,,,,NA,11,1,0,2,1,1,11,1:19 PM,911,1:21 PM,7/15/2011,Y,74,NA,NA,NA,8,5,3,1,64,14,2,1,1,32,21,227,22,30.43383372,-97.66973843,IH,35,NA,246.341,NA,15,13,30.215,247,0.172,,NA,NA,N/A,NA,NA,NA,NA,Y,Y,N,3,9,Y,FRI,5,0,4,10,11,2,6,300,100,72,4,0,0,2,8,5,2,20,5,2,3,4,11,125090,2012,125090,3.1,8.3,11.4,NA,NA,NA,NA,NA,NA,NA,NA,NA,NA,NA,NA,NA,NA,NA,NA,NA,NA,NA,NA,NA,NA,NA,NA,NA,NA,0,0,1,3,0,1,0,90,122303931,1223039311,47,No
IH0035,AUS_1229164721,1135,255,48,453,1812,1,4.85E+11,1500US484530018121,Block Group 1,G5030,S,693261,0,30.324736,-97.7009756,12291647,AUS_12291647,30.32588706,-97.70625417,2,1,3,16,3,21,1,2,4,11,2,4,N,4,NA,NA,4,97,97,,,0,0,1,0,0,1,0,N,N,N,N,N,N,N,9/26/2011,10:52 PM,227,22,N,N,NA,NA,19,NA,,2,900,,LA POSADA,DR,N,N,30,N,N,LOCAL ROAD,Y,1,35,,2,6400,N,IH 35 NB SVRD,HWY,NA,NA,,,SERVICE ROAD,NA,11,4,2,2,1,1,8,10:53 PM,911 CALL,10:56 PM,9/26/2011,Y,74,NA,NA,281,8,5,2,1,64,54,2,1,1,21,21,227,22,30.32588706,-97.70625417,IH,35,NA,238.371,NA,15,13,22.252,239,0.217,,NA,NA,LA POSADA DR,NA,NA,NA,NA,Y,Y,N,3,9,Y,MON,5,0,4,10,32,2,8,300,124,96,4,0,0,2,8,5,2,20,5,2,24,4,11,188830,2012,188830,2.5,6.7,9.2,NA,NA,NA,NA,NA,NA,NA,NA,NA,NA,NA,NA,NA,NA,NA,NA,NA,NA,NA,NA,NA,NA,NA,NA,NA,NA,0,0,1,0,1,1,0,90,122916472,1229164721,47,No
IH0035,AUS_1276909811,50,436,48,453,2427,3,4.85E+11,1500US484530024273,Block Group 3,G5030,S,1690421,0,30.1815026,-97.7698571,12769098,AUS_12769098,30.1903938,-97.77057047,1,1,3,16,3,30,2,1,4,11,1,4,N,4,NA,NA,4,97,97,,,0,0,1,0,0,1,0,N,N,N,N,N,N,N,6/16/2012,5:39 AM,227,22,N,Y,NA,NA,1,35,,2,6500,S,SVRD NB,,N,N,0,N,N,,N,19,NA,,NA,1600,E,WILLIAM CANNON,,NA,NA,,,,NA,11,4,4,2,1,1,5,5:39 AM,DISPATCHED,5:41 AM,6/16/2012,Y,74,NA,169,130,8,5,4,1,64,54,1,1,1,21,21,227,22,30.1903938,-97.77057047,IH,35,NA,228.068,NA,15,13,11.882,229,-0.16,,NA,NA,N/A,NA,NA,NA,NA,Y,Y,N,3,9,Y,SAT,5,0,3,10,36,2,6,300,98,72,4,0,0,2,6,5,2,20,5,NA,30,4,11,159520,2012,159520,2.5,7.9,10.4,NA,NA,NA,NA,NA,NA,NA,NA,NA,NA,NA,NA,NA,NA,NA,NA,NA,NA,NA,NA,NA,NA,NA,NA,NA,NA,0,0,1,1,0,1,0,90,127690981,1276909811,47,No
IH0035,AUS_1446710921,522,344,48,453,902,4,4.85E+11,1500US484530009024,Block Group 4,G5030,S,809825,0,30.2619393,-97.7293714,14467109,AUS_14467109,30.26390097,-97.73535224,2,1,3,16,2,59,1,1,4,11,1,4,N,4,NA,NA,4,97,97,,,0,1,0,0,0,1,0,N,N,N,N,N,N,N,6/1/2015,4:35 PM,227,22,N,N,NA,NA,19,NA,,1,NA,E,4TH,ST,N,N,30,N,N,,Y,1,35,,2,,N,NOT REPORTED,,NA,NA,,,N IH 35 SVRD NB,NA,11,1,2,2,1,1,8,4:35 PM,DISPATCH,4:45 PM,6/1/2015,Y,74,NA,NA,67,8,5,2,1,64,3,1,1,1,21,21,227,22,30.26390097,-97.73535224,IH,35,NA,233.955,NA,15,13,17.541,234,0.503,,NA,NA,E 4TH ST,NA,NA,NA,NA,Y,Y,N,2,9,Y,MON,5,0,2,5,7,2,6,300,86,72,4,0,0,2,4,5,2,10,5,2,3,4,11,148494,2014,148494,3.3,9.4,12.7,NA,NA,NA,NA,NA,NA,NA,NA,NA,NA,NA,NA,NA,NA,NA,NA,NA,NA,NA,NA,NA,NA,NA,NA,NA,NA,0,1,0,1,0,1,0,90,NA,NA,47,No
IH0035,AUS_1188593921,1113,472,48,453,2105,2,4.85E+11,1500US484530021052,Block Group 2,G5030,S,857352,0,30.3176518,-97.7037163,11885939,AUS_11885939,30.32212067,-97.70681763,2,1,3,16,3,32,2,1,4,11,1,3,N,4,NA,NA,4,97,97,,,0,0,1,0,0,1,0,N,N,N,N,N,N,N,1/19/2011,6:43 PM,227,22,N,N,NA,NA,1,35,,2,NA,N,IH 35 SB SVRD,HWY,N,N,45,N,N,,Y,19,NA,,2,,E,KOENIG,LN,NA,NA,,,,NA,11,4,0,2,1,1,5,6:44 PM,ON SITE,6:45 PM,1/19/2011,Y,74,NA,NA,281,8,5,1,1,64,54,2,1,1,21,21,227,22,30.32212067,-97.70681763,IH,35,NA,238.109,NA,15,13,21.996,239,-0.045,US,290,NA,US0290,NA,NA,NA,NA,Y,Y,N,3,9,Y,WED,5,0,4,10,32,2,8,300,124,96,4,0,0,2,8,5,2,20,5,2,24,4,11,188830,2012,188830,2.5,6.7,9.2,NA,NA,NA,NA,NA,NA,NA,NA,NA,NA,NA,NA,NA,NA,NA,NA,NA,NA,NA,NA,NA,NA,NA,NA,NA,NA,0,0,1,1,0,1,0,90,118859392,1188593921,47,No
IH0035,AUS_1411582121,1374,551,48,453,1840,1,4.85E+11,1500US484530018401,Block Group 1,G5030,S,5256605,5331,30.4273273,-97.6533265,14115821,AUS_14115821,30.4270496,-97.67102639,2,1,3,16,5,41,1,1,4,11,1,97,N,4,NA,NA,4,97,97,,,0,0,0,1,0,0,0,N,N,N,N,N,N,N,10/24/2014,8:21 PM,227,1792,Y,N,NA,NA,1,35,,2,13800,N,IH 35 SVRD NB,,N,N,55,N,N,,N,19,NA,,NA,,,HOWARD,LN,NA,NA,,,,NA,11,4,0,2,1,1,20,8:26 PM,DISPATCH,8:30 PM,10/24/2014,Y,74,63,123,143,8,5,4,1,64,54,2,1,1,21,21,227,22,30.4270496,-97.67102639,IH,35,NA,245.868,NA,15,13,29.75,247,-0.301,,NA,NA,N/A,NA,NA,NA,NA,N,Y,N,5,9,Y,FRI,5,0,6,10,11,2,6,300,100,72,4,0,0,2,8,5,2,20,5,2,3,4,11,125090,2012,125090,3.1,8.3,11.4,NA,NA,NA,NA,NA,NA,NA,NA,NA,NA,NA,NA,NA,NA,NA,NA,NA,NA,NA,NA,NA,NA,NA,NA,NA,NA,0,0,0,2,0,0,0,90,141158212,1411582121,47,No
IH0035,AUS_1302686921,139,402,48,453,2307,2,4.85E+11,1500US484530023072,Block Group 2,G5030,S,663657,0,30.221473,-97.7455325,13026869,AUS_13026869,30.22071356,-97.74882327,2,1,3,16,3,32,3,1,4,11,1,4,N,4,NA,NA,4,97,97,,,0,0,1,0,0,1,0,N,N,N,N,N,N,N,11/6/2012,9:30 AM,227,22,N,N,NA,NA,1,35,,1,3600,S,EF,,N,N,60,N,N,,N,19,NA,,NA,,,WOODWARD,ST,NA,NA,,,,NA,11,1,0,2,1,1,1,10:06 AM,DISPATCH,10:10 AM,11/6/2012,Y,74,NA,NA,265,8,5,3,2,64,13,1,1,1,32,21,227,22,30.22071356,-97.74882327,IH,35,NA,230.529,NA,15,13,14.397,231,0.348,,NA,NA,N/A,NA,NA,NA,NA,Y,Y,N,3,9,Y,TUE,5,0,12,12,66,2,6,300,120,72,5,0,0,2,24,5,2,24,5,2,42,4,11,156050,2012,156050,2.7,7.4,10.1,NA,NA,NA,NA,NA,NA,NA,NA,NA,NA,NA,NA,NA,NA,NA,NA,NA,NA,NA,NA,NA,NA,NA,NA,NA,NA,0,0,1,0,1,1,0,90,130268692,1302686921,47,No
IH0035,AUS_1465303721,43,436,48,453,2427,3,4.85E+11,1500US484530024273,Block Group 3,G5030,S,1690421,0,30.1815026,-97.7698571,14653037,AUS_14653037,30.18811688,-97.77224121,2,1,3,16,2,21,2,1,4,11,1,4,N,4,NA,NA,4,97,97,,,0,1,0,0,0,1,0,N,N,N,N,N,N,N,9/19/2015,3:07 PM,227,22,N,Y,NA,NA,1,35,,2,6600,S,IH 35 S,HWY,N,N,50,N,N,BLACKTOP,N,19,NA,,1,800,E,E WILLIAM CANNON DR,DR,NA,NA,,,BLACKTOP,NA,11,1,0,2,1,1,1,3:07 PM,DISPATCH,3:15 PM,9/19/2015,Y,74,NA,NA,464,8,5,3,1,64,14,2,1,1,32,21,227,22,30.18811688,-97.77224121,IH,35,NA,228.11,NA,15,13,11.665,229,-0.372,,NA,NA,N/A,NA,NA,NA,NA,Y,Y,N,2,9,Y,SAT,5,0,3,10,36,2,6,300,98,72,4,0,0,2,6,5,2,20,5,NA,30,4,11,142526,2014,142526,4.9,8,13,NA,NA,NA,NA,NA,NA,NA,NA,NA,NA,NA,NA,NA,NA,NA,NA,NA,NA,NA,NA,NA,NA,NA,NA,NA,NA,0,1,0,1,0,1,0,90,NA,NA,47,No
IH0035,AUS_1365552421,569,344,48,453,902,4,4.85E+11,1500US484530009024,Block Group 4,G5030,S,809825,0,30.2619393,-97.7293714,13655524,AUS_13655524,30.26574748,-97.73465227,2,1,3,16,2,32,2,1,4,11,1,97,N,4,NA,NA,4,97,97,,,0,1,0,0,0,1,0,N,N,N,N,N,N,N,1/11/2014,2:25 AM,227,22,N,N,NA,NA,1,35,,2,NA,,NOT REPORTED,,N,N,-1,N,N,N. IH-35 SVRD S/B,Y,19,NA,,1,,E,6TH ST,ST,NA,NA,,,,NA,11,4,4,2,1,1,5,2:25 AM,DISPATCH,2:29 AM,1/11/2014,N,74,36,67,282,8,5,2,1,64,54,2,1,1,21,21,227,22,30.26574748,-97.73465227,IH,35,NA,233.856,NA,15,13,17.721,235,-0.32,,NA,NA,E 6TH ST,NA,NA,NA,NA,Y,Y,N,2,9,Y,SAT,5,0,2,5,7,2,6,300,86,72,4,0,0,2,4,5,2,10,5,2,3,4,11,169360,2012,169360,2.6,7.1,9.7,NA,NA,NA,NA,NA,NA,NA,NA,NA,NA,NA,NA,NA,NA,NA,NA,NA,NA,NA,NA,NA,NA,NA,NA,NA,NA,0,1,0,0,1,1,0,90,136555242,1365552421,47,No
IH0035,AUS_1329418321,928,339,48,453,401,1,4.85E+11,1500US484530004011,Block Group 1,G5030,S,839804,0,30.2885489,-97.7200794,13294183,AUS_13294183,30.29422139,-97.72004519,2,1,3,16,2,57,1,1,4,11,1,2,N,4,NA,NA,4,97,97,,,0,1,0,0,0,1,0,N,N,N,N,N,N,N,5/18/2013,12:51 PM,227,22,N,N,NA,NA,1,35,,2,3800,N,SB SVRD,,N,N,35,N,N,,N,19,NA,,NA,,E,38TH,ST,NA,NA,,,,NA,11,1,4,2,1,1,5,12:52 PM,DISPATCH,12:55 PM,5/18/2013,Y,74,216,10,14,8,5,1,2,64,3,2,1,1,21,21,227,22,30.29422139,-97.72004519,IH,35,NA,236.009,NA,15,13,19.887,237,-0.146,,NA,NA,E 38TH ST,NA,NA,NA,NA,Y,Y,N,2,9,Y,SAT,5,0,2,10,7,2,8,310,182,96,4,0,0,2,20,5,2,40,5,2,3,4,11,191460,2012,191460,2.5,6.6,9.1,NA,NA,NA,NA,NA,NA,NA,NA,NA,NA,NA,NA,NA,NA,NA,NA,NA,NA,NA,NA,NA,NA,NA,NA,NA,NA,0,1,0,1,0,1,0,90,132941832,1329418321,47,No
IH0035,AUS_1339128621,1287,545,48,453,1833,2,4.85E+11,1500US484530018332,Block Group 2,G5030,S,1429239,0,30.3696206,-97.6737614,13391286,AUS_13391286,30.37690542,-97.67617247,2,1,3,16,2,15,2,1,4,11,1,4,N,4,NA,NA,4,97,97,,,0,1,0,0,0,1,0,N,N,N,N,N,N,N,6/11/2013,6:14 PM,227,22,N,N,NA,NA,1,35,,2,11100,,NB SVRD,,N,N,0,N,N,,Y,19,NA,,NA,804,E,BRAKER,LN,NA,NA,,,,NA,11,1,4,2,3,1,5,6:14 PM,DISPATCH,6:34 PM,6/11/2013,Y,74,NA,114,143,8,5,1,1,64,54,2,1,1,21,21,227,22,30.37690542,-97.67617247,IH,35,NA,242.327,NA,15,13,26.256,243,0.207,,NA,NA,E BRAKER LN,NA,NA,NA,NA,Y,Y,N,2,9,Y,TUE,5,0,4,10,11,2,6,300,100,72,4,0,0,2,8,5,2,20,5,2,3,4,11,141600,2012,141600,2.9,7.7,10.6,NA,NA,NA,NA,NA,NA,NA,NA,NA,NA,NA,NA,NA,NA,NA,NA,NA,NA,NA,NA,NA,NA,NA,NA,NA,NA,0,1,0,1,0,1,0,90,133912862,1339128621,47,No
IH0035,AUS_1219773121,223,418,48,453,2307,4,4.85E+11,1500US484530023074,Block Group 4,G5030,S,428094,0,30.2300496,-97.7399091,12197731,AUS_12197731,30.23362137,-97.74125785,2,1,3,16,3,31,2,2,4,11,1,4,N,4,NA,NA,4,97,97,,,0,0,1,0,0,1,0,N,N,N,N,N,N,N,7/20/2011,10:38 AM,227,22,N,N,NA,NA,1,35,,2,2300,S,S I 35 EB SVRD,,N,N,0,N,N,,N,19,NA,,1,1700,E,OLTORF,ST,NA,NA,,,,NA,11,1,4,2,1,1,5,10:39 AM,911,10:40 AM,7/20/2011,Y,74,NA,NA,90,8,5,2,1,64,54,2,1,1,21,21,227,22,30.23362137,-97.74125785,IH,35,NA,231.525,NA,15,13,15.404,232,0.354,,NA,NA,E OLTORF ST,NA,NA,NA,NA,Y,Y,N,3,9,Y,WED,5,0,2,10,7,2,6,300,96,72,4,0,0,2,4,5,2,20,5,2,3,4,11,157520,2012,157520,2.7,7.3,10,NA,NA,NA,NA,NA,NA,NA,NA,NA,NA,NA,NA,NA,NA,NA,NA,NA,NA,NA,NA,NA,NA,NA,NA,NA,NA,0,0,1,1,0,1,0,90,121977312,1219773121,47,No
IH0035,AUS_1420339421,1176,527,48,453,1813,1,4.85E+11,1500US484530018131,Block Group 1,G5030,S,1287404,0,30.3487772,-97.6880936,14203394,AUS_14203394,30.33943463,-97.69995375,2,1,3,16,2,58,1,1,4,11,1,2,N,4,NA,NA,4,97,97,,,0,1,0,0,0,1,0,N,N,N,N,N,N,N,12/27/2014,7:18 AM,227,22,N,N,NA,NA,2,35,I,2,7800,N,IH 35,HWY,N,N,50,N,N,,N,19,NA,,NA,800,E,ANDERSON,LN,NA,NA,,,,NA,2,2,0,2,2,2,20,7:21 AM,DISPATCH,7:32 AM,12/27/2014,Y,74,NA,121,95,8,5,4,1,64,54,2,1,2,21,21,227,22,30.33943463,-97.69995375,IH,35,NA,239.386,NA,15,13,23.27,240,0.221,,NA,NA,N/A,NA,NA,NA,NA,Y,Y,N,2,9,Y,SAT,5,0,10,10,23,2,6,300,112,72,4,0,0,2,20,5,2,20,5,2,3,4,11,120470,2012,120470,3.2,8.5,11.7,NA,NA,NA,NA,NA,NA,NA,NA,NA,NA,NA,NA,NA,NA,NA,NA,NA,NA,NA,NA,NA,NA,NA,NA,NA,NA,0,1,0,1,0,1,0,90,142033942,1420339421,47,No