Street_Name,Crash_UP_ID,FID,FID_Austin,STATEFP,COUNTYFP,TRACTCE,BLKGRPCE,GEOID1,GEOID,NAMELSAD,MTFCC,FUNCSTAT,ALAND,AWATER,INTPTLAT,INTPTLON,CrashID,CrashID1,Latitude,Longitude,Unit_Nbr,Prsn_Nbr,Prsn_Type_ID,Prsn_Occpnt_Pos_ID,Prsn_Injry_Sev_ID,Prsn_Age,Prsn_Ethnicity_ID,Prsn_Gndr_ID,Prsn_Ejct_ID,Prsn_Rest_ID,Prsn_Airbag_ID,Prsn_Helmet_ID,Prsn_Sol_Fl,Prsn_Alc_Spec_Type_ID,Prsn_Alc_Rslt_ID,Prsn_Bac_Test_Rslt,Prsn_Drg_Spec_Type_ID,Prsn_Drg_Rslt_ID,Drvr_Drg_Cat_1_ID,Prsn_Death_Date,Prsn_Death_Time,Incap_Injry_Cnt.x,Nonincap_Injry_Cnt.x,Poss_Injry_Cnt.x,Non_Injry_Cnt.x,Unkn_Injry_Cnt.x,Tot_Injry_Cnt.x,Death_Cnt.x,Crash_Fatal_Fl,Cmv_Involv_Fl,Schl_Bus_Fl,Rr_Relat_Fl,Medical_Advisory_Fl,Amend_Supp_Fl,Active_School_Zone_Fl,Crash_Date,Crash_Time,Rpt_CRIS_Cnty_ID,Rpt_City_ID,Rpt_Outside_City_Limit_Fl,Thousand_Damage_Fl,Rpt_Latitude,Rpt_Longitude,Rpt_Rdwy_Sys_ID,Rpt_Hwy_Num,Rpt_Hwy_Sfx,Rpt_Road_Part_ID,Rpt_Block_Num,Rpt_Street_Pfx,Rpt_Street_Name,Rpt_Street_Sfx,Private_Dr_Fl,Toll_Road_Fl,Crash_Speed_Limit,Road_Constr_Zone_Fl,Road_Constr_Zone_Wrkr_Fl,Rpt_Street_Desc,At_Intrsct_Fl,Rpt_Sec_Rdwy_Sys_ID,Rpt_Sec_Hwy_Num,Rpt_Sec_Hwy_Sfx,Rpt_Sec_Road_Part_ID,Rpt_Sec_Block_Num,Rpt_Sec_Street_Pfx,Rpt_Sec_Street_Name,Rpt_Sec_Street_Sfx,Rpt_Ref_Mark_Offset_Amt,Rpt_Ref_Mark_Dist_Uom,Rpt_Ref_Mark_Dir,Rpt_Ref_Mark_Nbr,Rpt_Sec_Street_Desc,Rpt_CrossingNumber,Wthr_Cond_ID,Light_Cond_ID,Entr_Road_ID,Road_Type_ID,Road_Algn_ID,Surf_Cond_ID,Traffic_Cntl_ID,Investigat_Notify_Time,Investigat_Notify_Meth,Investigat_Arrv_Time,Report_Date,Investigat_Comp_Fl,Investigat_Agency_ID,Investigat_Area_ID,Investigat_District_ID,Investigat_Region_ID,Bridge_Detail_ID,Harm_Evnt_ID,Intrsct_Relat_ID,FHE_Collsn_ID,Obj_Struck_ID,Othr_Factr_ID,Road_Part_Adj_ID,Road_Cls_ID,Road_Relat_ID,Phys_Featr_1_ID,Phys_Featr_2_ID,Cnty_ID,City_ID,Latitude.1,Longitude.1,Hwy_Sys,Hwy_Nbr,Hwy_Sfx,Dfo,Street_Nbr,Control,Section,Milepoint,Ref_Mark_Nbr,Ref_Mark_Displ,Hwy_Sys_2,Hwy_Nbr_2,Hwy_Sfx_2,Street_Name_2,Street_Nbr_2,Control_2,Section_2,Milepoint_2,Txdot_Rptable_Fl,Onsys_Fl,Rural_Fl,Crash_Sev_ID,Pop_Group_ID,Located_Fl,Day_of_Week,Hwy_Dsgn_Lane_ID,Hwy_Dsgn_Hrt_ID,Hp_Shldr_Left,Hp_Shldr_Right,Hp_Median_Width,Base_Type_ID,Nbr_Of_Lane,Row_Width_Usual,Roadbed_Width,Surf_Width,Surf_Type_ID,Curb_Type_Left_ID,Curb_Type_Right_ID,Shldr_Type_Left_ID,Shldr_Width_Left,Shldr_Use_Left_ID,Shldr_Type_Right_ID,Shldr_Width_Right,Shldr_Use_Right_ID,Median_Type_ID,Median_Width,Rural_Urban_Type_ID,Func_Sys_ID,Adt_Curnt_Amt,Adt_Curnt_Year,Adt_Adj_Curnt_Amt,Pct_Single_Trk_Adt,Pct_Combo_Trk_Adt,Trk_Aadt_Pct,Curve_Type_ID,Curve_Lngth,Cd_Degr,Delta_Left_Right_ID,Dd_Degr,Feature_Crossed,Structure_Number,I_R_Min_Vert_Clear,Approach_Width,Bridge_Median_ID,Bridge_Loading_Type_ID,Bridge_Loading_In_1000_Lbs,Bridge_Srvc_Type_On_ID,Bridge_Srvc_Type_Under_ID,Culvert_Type_ID,Roadway_Width,Deck_Width,Bridge_Dir_Of_Traffic_ID,Bridge_Rte_Struct_Func_ID,Bridge_IR_Struct_Func_ID,CrossingNumber,RRCo,Poscrossing_ID,WDCode_ID,Standstop,Yield,Incap_Injry_Cnt.y,Nonincap_Injry_Cnt.y,Poss_Injry_Cnt.y,Non_Injry_Cnt.y,Unkn_Injry_Cnt.y,Tot_Injry_Cnt.y,Death_Cnt.y,MPO_ID,Unit_ID,Unit_Prsn_ID,Count,BikePath
JOLLYVILLE RD,AUS_1291380621,1316,175,48,453,1722,2,4.85E+11,1500US484530017222,Block Group 2,G5030,S,1192674,0,30.3924165,-97.7490858,12913806,AUS_12913806,30.39728542,-97.7499585,2,1,3,16,2,29,3,1,4,11,1,4,N,4,NA,NA,4,97,97,,,0,1,0,0,0,1,0,N,N,N,N,N,N,N,9/19/2012,2:32 PM,227,22,N,Y,NA,NA,19,NA,,1,10300,,JOLLYVILLE,RD,N,N,35,N,N,,N,19,NA,,NA,,W,BRAKER,LN,NA,NA,,,,NA,11,1,98,NA,1,1,16,7:37 PM,DISPATCH,7:40 PM,9/19/2012,N,74,22,46,64,8,5,3,2,64,13,1,5,1,1,21,227,22,30.39728542,-97.7499585,,NA,NA,NA,10232,NA,NA,NA,NA,NA,,NA,NA,N/A,NA,NA,NA,NA,Y,N,N,2,9,Y,WED,NA,NA,NA,NA,NA,NA,NA,NA,NA,NA,NA,NA,NA,NA,NA,NA,NA,NA,NA,NA,NA,NA,NA,NA,NA,NA,NA,NA,NA,NA,NA,NA,NA,NA,NA,NA,NA,NA,NA,NA,NA,NA,NA,NA,NA,NA,NA,NA,NA,NA,NA,NA,NA,NA,NA,0,1,0,0,1,1,0,90,129138062,1291380621,18,Yes
JOLLYVILLE RD,AUS_1407113421,1335,196,48,453,1722,1,4.85E+11,1500US484530017221,Block Group 1,G5030,S,544482,0,30.4064242,-97.7539495,14071134,AUS_14071134,30.40567344,-97.74775394,2,1,3,16,2,39,1,2,4,11,1,5,N,4,NA,NA,4,97,97,,,0,1,0,0,0,1,0,N,N,N,N,N,N,N,9/21/2014,7:44 PM,227,22,N,Y,NA,NA,19,NA,,1,11028,,JOLLYVILLE,RD,N,N,-1,N,N,,N,19,NA,,NA,,,BALCONES WOODS,DR,NA,NA,,,,NA,11,4,98,NA,1,1,20,7:45 PM,DISPATCH,7:52 PM,9/21/2014,Y,74,NA,46,64,8,5,3,3,64,13,1,5,2,32,21,227,22,30.40567344,-97.74775394,,NA,NA,NA,11029,NA,NA,NA,NA,NA,,NA,NA,N/A,NA,NA,NA,NA,Y,N,N,2,9,Y,SUN,NA,NA,NA,NA,NA,NA,NA,NA,NA,NA,NA,NA,NA,NA,NA,NA,NA,NA,NA,NA,NA,NA,NA,NA,NA,NA,NA,NA,NA,NA,NA,NA,NA,NA,NA,NA,NA,NA,NA,NA,NA,NA,NA,NA,NA,NA,NA,NA,NA,NA,NA,NA,NA,NA,NA,0,1,0,1,0,1,0,90,140711342,1407113421,18,Yes
JOLLYVILLE RD,AUS_1309041521,1329,175,48,453,1722,2,4.85E+11,1500US484530017222,Block Group 2,G5030,S,1192674,0,30.3924165,-97.7490858,13090415,AUS_13090415,30.40090018,-97.74879566,2,1,3,16,2,20,1,2,4,11,1,4,N,4,NA,NA,4,97,97,,,0,1,0,0,0,1,0,N,N,N,N,N,N,N,8/30/2012,8:15 PM,227,22,N,N,NA,NA,19,NA,,1,10413,,JOLLYVILLE,,N,N,0,N,N,,N,19,NA,,NA,,,BRAKER,,NA,NA,,,,NA,11,4,0,NA,1,1,16,8:15 PM,DISPATCHED,,8/31/2012,Y,74,22,46,64,8,5,3,3,64,13,1,5,1,32,21,227,22,30.40090018,-97.74879566,,NA,NA,NA,10744,NA,NA,NA,NA,NA,,NA,NA,N/A,NA,NA,NA,NA,Y,N,N,2,9,Y,THU,NA,NA,NA,NA,NA,NA,NA,NA,NA,NA,NA,NA,NA,NA,NA,NA,NA,NA,NA,NA,NA,NA,NA,NA,NA,NA,NA,NA,NA,NA,NA,NA,NA,NA,NA,NA,NA,NA,NA,NA,NA,NA,NA,NA,NA,NA,NA,NA,NA,NA,NA,NA,NA,NA,NA,0,1,0,1,0,1,0,90,130904152,1309041521,18,Yes
JOLLYVILLE RD,AUS_1272003521,1326,175,48,453,1722,2,4.85E+11,1500US484530017222,Block Group 2,G5030,S,1192674,0,30.3924165,-97.7490858,12720035,AUS_12720035,30.4007,-97.74885,2,1,3,16,3,28,1,1,4,11,1,2,N,4,NA,NA,4,97,97,,,0,0,1,0,0,1,0,N,N,N,N,N,N,N,5/22/2012,7:38 PM,227,22,N,Y,NA,NA,19,NA,,1,NA,,JOLLYVILLE,RD,N,N,40,N,N,,Y,19,NA,,NA,,W,BRAKER,LN,NA,NA,,,,NA,11,1,4,NA,1,1,5,7:38 PM,DISPATCH,7:48 PM,5/22/2012,Y,74,NA,46,64,8,5,1,3,64,54,1,5,1,21,21,227,22,30.4007,-97.74885,,NA,NA,NA,10729,NA,NA,NA,NA,NA,,NA,NA,W BRAKER LN,NA,NA,NA,NA,Y,N,N,3,9,Y,TUE,NA,NA,NA,NA,NA,NA,NA,NA,NA,NA,NA,NA,NA,NA,NA,NA,NA,NA,NA,NA,NA,NA,NA,NA,NA,NA,NA,NA,NA,NA,NA,NA,NA,NA,NA,NA,NA,NA,NA,NA,NA,NA,NA,NA,NA,NA,NA,NA,NA,NA,NA,NA,NA,NA,NA,0,0,1,1,0,1,0,90,127200352,1272003521,18,Yes
JOLLYVILLE RD,AUS_1454162321,1332,196,48,453,1722,1,4.85E+11,1500US484530017221,Block Group 1,G5030,S,544482,0,30.4064242,-97.7539495,14541623,AUS_14541623,30.40320475,-97.74805246,2,1,3,16,3,60,1,1,4,11,1,4,N,4,NA,NA,4,97,97,,,0,0,1,0,0,1,0,N,N,N,N,N,N,N,7/17/2015,7:52 AM,227,22,N,Y,NA,NA,16,NA,,7,10900,,JOLLYVILLE,RD,N,N,40,N,N,,Y,19,NA,,1,9000,,HAMILTON,LN,NA,NA,,,,NA,11,1,2,NA,1,1,16,7:52 AM,ON SIGHT,7:52 AM,7/17/2015,Y,74,NA,NA,46,8,5,3,2,64,14,1,5,1,32,21,227,22,30.40320475,-97.74805246,,NA,NA,NA,10927,NA,NA,NA,NA,NA,,NA,NA,N/A,NA,NA,NA,NA,Y,N,N,3,9,Y,FRI,NA,NA,NA,NA,NA,NA,NA,NA,NA,NA,NA,NA,NA,NA,NA,NA,NA,NA,NA,NA,NA,NA,NA,NA,NA,NA,NA,NA,NA,NA,NA,NA,NA,NA,NA,NA,NA,NA,NA,NA,NA,NA,NA,NA,NA,NA,NA,NA,NA,NA,NA,NA,NA,NA,NA,0,0,1,1,0,1,0,90,NA,NA,18,Yes
JOLLYVILLE RD,AUS_1325232721,1353,525,48,453,2500,4,4.85E+11,1500US484530025004,Block Group 4,G5030,S,662885,0,30.4157263,-97.7523567,13252327,AUS_13252327,30.41363945,-97.7476495,2,1,3,16,2,50,1,2,4,11,1,3,N,4,NA,NA,4,97,97,,,0,1,0,0,0,1,0,N,N,N,N,N,N,N,2/23/2013,1:00 PM,227,22,N,N,NA,NA,19,NA,,1,11570,,JOLLYVILLE,RD,N,N,45,N,N,,N,19,NA,,NA,,,THUNDER CREEK,RD,NA,NA,,,,NA,11,1,98,NA,1,1,16,6:30 PM,DISPATCHED,6:55 PM,2/25/2013,Y,74,129,10,14,8,5,3,1,64,14,1,5,1,32,21,227,22,30.41363945,-97.7476495,,NA,NA,NA,11446,NA,NA,NA,NA,NA,,NA,NA,N/A,NA,NA,NA,NA,Y,N,N,2,9,Y,SAT,NA,NA,NA,NA,NA,NA,NA,NA,NA,NA,NA,NA,NA,NA,NA,NA,NA,NA,NA,NA,NA,NA,NA,NA,NA,NA,NA,NA,NA,NA,NA,NA,NA,NA,NA,NA,NA,NA,NA,NA,NA,NA,NA,NA,NA,NA,NA,NA,NA,NA,NA,NA,NA,NA,NA,0,1,0,1,0,1,0,90,132523272,1325232721,18,Yes
JOLLYVILLE RD,AUS_1453334421,1371,526,48,453,2500,2,4.85E+11,1500US484530025002,Block Group 2,G5030,S,1263438,0,30.4211711,-97.7536436,14533344,AUS_14533344,30.42381144,-97.7566332,2,1,3,16,2,28,1,1,4,11,1,4,N,5,NA,NA,4,97,97,,,0,1,0,0,0,1,0,N,N,N,N,N,N,N,7/10/2015,12:34 PM,227,22,N,N,NA,NA,19,NA,,7,11881,,JOLLYVILLE RD,RD,N,N,45,N,N,11881 JOLLYVILLE RD,N,19,NA,,1,11900,,PAVILION BLVD,BLVD,NA,NA,,,PAVILION BLVD,NA,12,1,0,NA,1,1,20,12:48 PM,DISPATCH,1:10 PM,7/10/2015,Y,74,NA,NA,46,8,5,3,2,64,13,1,5,1,32,21,227,22,30.42381144,-97.7566332,,NA,NA,NA,11885,NA,NA,NA,NA,NA,,NA,NA,N/A,NA,NA,NA,NA,Y,N,N,2,9,Y,FRI,NA,NA,NA,NA,NA,NA,NA,NA,NA,NA,NA,NA,NA,NA,NA,NA,NA,NA,NA,NA,NA,NA,NA,NA,NA,NA,NA,NA,NA,NA,NA,NA,NA,NA,NA,NA,NA,NA,NA,NA,NA,NA,NA,NA,NA,NA,NA,NA,NA,NA,NA,NA,NA,NA,NA,0,1,0,1,0,1,0,90,NA,NA,18,Yes
JOLLYVILLE RD,AUS_1194339121,1327,175,48,453,1722,2,4.85E+11,1500US484530017222,Block Group 2,G5030,S,1192674,0,30.3924165,-97.7490858,11943391,AUS_11943391,30.4007,-97.74885,2,1,3,16,2,48,1,1,4,11,1,2,N,4,NA,NA,4,97,97,,,0,1,0,0,0,1,0,N,N,N,N,N,N,N,2/27/2011,11:25 AM,227,22,N,N,NA,NA,19,NA,,1,10400,N,JOLLYVILLE,RD,N,N,45,N,N,,Y,19,NA,,1,4800,W,BRAKER,LN,NA,NA,,,,NA,12,1,0,NA,1,2,5,11:25 AM,DISPATCH,11:28 AM,2/27/2011,Y,74,65,283,27,8,5,2,2,64,54,1,5,1,21,21,227,22,30.4007,-97.74885,,NA,NA,NA,10729,NA,NA,NA,NA,NA,,NA,NA,W BRAKER LN,NA,NA,NA,NA,Y,N,N,2,9,Y,SUN,NA,NA,NA,NA,NA,NA,NA,NA,NA,NA,NA,NA,NA,NA,NA,NA,NA,NA,NA,NA,NA,NA,NA,NA,NA,NA,NA,NA,NA,NA,NA,NA,NA,NA,NA,NA,NA,NA,NA,NA,NA,NA,NA,NA,NA,NA,NA,NA,NA,NA,NA,NA,NA,NA,NA,0,1,0,2,0,1,0,90,119433912,1194339121,18,Yes
JOLLYVILLE RD,AUS_1453964321,1383,260,48,453,1756,2,4.85E+11,1500US484530017562,Block Group 2,G5030,S,938157,0,30.427587,-97.7657012,14539643,AUS_14539643,30.43119157,-97.766016,2,1,3,16,2,56,1,1,4,11,1,2,N,4,NA,NA,4,97,97,,,0,1,0,0,0,1,0,N,N,N,N,N,N,N,7/15/2015,7:31 AM,227,22,N,Y,NA,NA,19,NA,,1,12200,,JOLLYVILLE,RD,N,N,45,N,N,,N,19,NA,,1,,,COMMONWEALTH,WAY,NA,NA,,,,NA,11,1,0,NA,1,1,20,7:31 AM,DISPATCH,7:38 AM,7/15/2015,Y,74,NA,NA,46,8,5,4,1,64,36,1,5,1,21,21,227,22,30.43119157,-97.766016,,NA,NA,NA,12207,NA,NA,NA,NA,NA,,NA,NA,N/A,NA,NA,NA,NA,Y,N,N,2,9,Y,WED,NA,NA,NA,NA,NA,NA,NA,NA,NA,NA,NA,NA,NA,NA,NA,NA,NA,NA,NA,NA,NA,NA,NA,NA,NA,NA,NA,NA,NA,NA,NA,NA,NA,NA,NA,NA,NA,NA,NA,NA,NA,NA,NA,NA,NA,NA,NA,NA,NA,NA,NA,NA,NA,NA,NA,0,1,0,1,0,1,0,90,NA,NA,18,Yes
JOLLYVILLE RD,AUS_1438334321,1357,525,48,453,2500,4,4.85E+11,1500US484530025004,Block Group 4,G5030,S,662885,0,30.4157263,-97.7523567,14383343,AUS_14383343,30.41569475,-97.74835245,2,1,3,16,3,29,1,1,4,11,1,3,N,4,NA,NA,4,97,97,,,0,0,1,0,0,1,0,N,N,N,N,N,N,N,4/14/2015,9:42 PM,227,22,N,Y,NA,NA,19,NA,,1,NA,,JOLLYVILLE,RD,N,N,45,N,N,,Y,19,NA,,1,,,THUNDER CREEK,RD,NA,NA,,,,NA,11,4,2,NA,1,1,8,9:43 PM,DISPATCH,9:48 PM,4/14/2015,Y,74,NA,NA,46,8,5,1,3,64,54,1,5,1,21,21,227,22,30.41569475,-97.74835245,,NA,NA,NA,11581,NA,NA,NA,NA,NA,,NA,NA,THUNDER CREEK RD,NA,NA,NA,NA,Y,N,N,3,9,Y,TUE,NA,NA,NA,NA,NA,NA,NA,NA,NA,NA,NA,NA,NA,NA,NA,NA,NA,NA,NA,NA,NA,NA,NA,NA,NA,NA,NA,NA,NA,NA,NA,NA,NA,NA,NA,NA,NA,NA,NA,NA,NA,NA,NA,NA,NA,NA,NA,NA,NA,NA,NA,NA,NA,NA,NA,0,0,1,1,0,1,0,90,NA,NA,18,Yes
JOLLYVILLE RD,AUS_1390446021,1360,525,48,453,2500,4,4.85E+11,1500US484530025004,Block Group 4,G5030,S,662885,0,30.4157263,-97.7523567,13904460,AUS_13904460,30.41620756,-97.74889394,2,1,3,16,2,40,1,1,4,11,1,97,N,4,NA,NA,4,97,97,,,0,1,0,0,0,1,0,N,N,N,N,N,N,N,6/20/2014,8:36 AM,227,22,N,N,NA,NA,19,NA,,7,11500,,JOLLIVILLE,RD,N,N,45,N,N,,N,19,NA,,NA,5300,,THUNDER CREEK,RD,NA,NA,,,,NA,12,1,0,NA,1,1,20,8:36 AM,DISPATCH,8:43 AM,6/20/2014,Y,74,NA,46,64,8,5,3,1,64,14,1,5,1,32,21,227,22,30.41620756,-97.74889394,,NA,NA,NA,11591,NA,NA,NA,NA,NA,,NA,NA,N/A,NA,NA,NA,NA,Y,N,N,2,9,Y,FRI,NA,NA,NA,NA,NA,NA,NA,NA,NA,NA,NA,NA,NA,NA,NA,NA,NA,NA,NA,NA,NA,NA,NA,NA,NA,NA,NA,NA,NA,NA,NA,NA,NA,NA,NA,NA,NA,NA,NA,NA,NA,NA,NA,NA,NA,NA,NA,NA,NA,NA,NA,NA,NA,NA,NA,0,1,0,1,0,1,0,90,139044602,1390446021,18,Yes
JOLLYVILLE RD,AUS_1400331321,1324,175,48,453,1722,2,4.85E+11,1500US484530017222,Block Group 2,G5030,S,1192674,0,30.3924165,-97.7490858,14003313,AUS_14003313,30.3999281,-97.74917871,2,1,3,16,2,59,1,1,4,11,1,97,N,4,NA,NA,4,97,97,,,0,1,0,0,0,1,0,N,N,N,N,N,N,N,9/2/2014,7:50 PM,227,22,N,Y,NA,NA,19,NA,,1,10800,N,JOLLYVILLE,RD,N,N,40,N,N,,N,19,NA,,NA,5000,W,BRAKER,LN,NA,NA,,,,NA,11,4,0,NA,1,1,16,7:55 PM,BY CITIZEN,8:00 PM,9/2/2014,Y,74,NA,46,64,8,5,3,1,64,13,1,5,2,32,21,227,22,30.3999281,-97.74917871,,NA,NA,NA,10613,NA,NA,NA,NA,NA,,NA,NA,N/A,NA,NA,NA,NA,Y,N,N,2,9,Y,TUE,NA,NA,NA,NA,NA,NA,NA,NA,NA,NA,NA,NA,NA,NA,NA,NA,NA,NA,NA,NA,NA,NA,NA,NA,NA,NA,NA,NA,NA,NA,NA,NA,NA,NA,NA,NA,NA,NA,NA,NA,NA,NA,NA,NA,NA,NA,NA,NA,NA,NA,NA,NA,NA,NA,NA,0,1,0,1,0,1,0,90,140033132,1400331321,18,Yes
JOLLYVILLE RD,AUS_1393507721,1346,526,48,453,2500,2,4.85E+11,1500US484530025002,Block Group 2,G5030,S,1263438,0,30.4211711,-97.7536436,13935077,AUS_13935077,30.41104305,-97.74780326,2,1,3,16,3,20,4,1,4,11,1,2,N,4,NA,NA,4,97,97,,,0,0,1,0,0,1,0,N,N,N,N,N,N,N,7/15/2014,7:03 PM,227,22,N,N,NA,NA,17,NA,,1,11316,,JOLLYVILLE,RD,N,N,35,N,N,,N,19,NA,,NA,,,TAYLOR DRAPER,LN,NA,NA,,,,NA,2,1,0,NA,4,2,1,7:03 PM,DISPATCH,7:15 PM,7/15/2014,Y,74,NA,46,64,8,5,3,2,64,13,1,5,3,32,21,227,22,30.41104305,-97.74780326,,NA,NA,NA,11286,NA,NA,NA,NA,NA,,NA,NA,N/A,NA,NA,NA,NA,Y,N,N,3,9,Y,TUE,NA,NA,NA,NA,NA,NA,NA,NA,NA,NA,NA,NA,NA,NA,NA,NA,NA,NA,NA,NA,NA,NA,NA,NA,NA,NA,NA,NA,NA,NA,NA,NA,NA,NA,NA,NA,NA,NA,NA,NA,NA,NA,NA,NA,NA,NA,NA,NA,NA,NA,NA,NA,NA,NA,NA,0,0,1,1,0,1,0,90,139350772,1393507721,18,Yes
JOLLYVILLE RD,AUS_1224839721,1359,525,48,453,2500,4,4.85E+11,1500US484530025004,Block Group 4,G5030,S,662885,0,30.4157263,-97.7523567,12248397,AUS_12248397,30.4157,-97.74836,2,1,3,16,2,36,1,1,4,11,1,2,N,4,NA,NA,4,97,97,,,0,1,0,0,0,1,0,N,N,N,N,N,N,N,8/27/2011,1:30 PM,227,22,N,N,NA,NA,19,NA,,7,11500,,JOLLYVILLE,RD,N,N,0,N,N,PARKING LOT,N,19,NA,,1,5300,,THUNDER CREEK,RD,NA,NA,,,,NA,11,1,0,NA,1,1,16,1:50 PM,DISPATCHED,1:58 PM,8/27/2011,Y,74,22,46,64,8,5,3,1,64,14,1,5,1,32,21,227,22,30.4157,-97.74836,,NA,NA,NA,11579,NA,NA,NA,NA,NA,,NA,NA,N/A,NA,NA,NA,NA,Y,N,N,2,9,Y,SAT,NA,NA,NA,NA,NA,NA,NA,NA,NA,NA,NA,NA,NA,NA,NA,NA,NA,NA,NA,NA,NA,NA,NA,NA,NA,NA,NA,NA,NA,NA,NA,NA,NA,NA,NA,NA,NA,NA,NA,NA,NA,NA,NA,NA,NA,NA,NA,NA,NA,NA,NA,NA,NA,NA,NA,0,1,0,1,0,1,0,90,122483972,1224839721,18,Yes
JOLLYVILLE RD,AUS_1366402331,1373,526,48,453,2500,2,4.85E+11,1500US484530025002,Block Group 2,G5030,S,1263438,0,30.4211711,-97.7536436,13664023,AUS_13664023,30.42499593,-97.75745832,3,1,3,16,2,32,1,1,4,11,1,97,N,4,NA,NA,4,97,97,,,0,1,0,0,0,1,0,N,Y,N,N,N,N,N,1/16/2014,7:04 AM,227,22,N,N,NA,NA,19,NA,,1,11900,,JOLLIVILLE,RD,N,N,45,N,N,,N,19,NA,,NA,11800,,PAVILION,BLVD,NA,NA,,,,NA,11,3,0,NA,1,1,16,7:05 AM,DISPATCH,7:06 AM,1/16/2014,N,74,NA,46,64,8,5,3,3,64,13,1,5,1,32,21,227,22,30.42499593,-97.75745832,,NA,NA,NA,11918,NA,NA,NA,NA,NA,,NA,NA,N/A,NA,NA,NA,NA,Y,N,N,2,9,Y,THU,NA,NA,NA,NA,NA,NA,NA,NA,NA,NA,NA,NA,NA,NA,NA,NA,NA,NA,NA,NA,NA,NA,NA,NA,NA,NA,NA,NA,NA,NA,NA,NA,NA,NA,NA,NA,NA,NA,NA,NA,NA,NA,NA,NA,NA,NA,NA,NA,NA,NA,NA,NA,NA,NA,NA,0,1,0,1,0,1,0,90,136640233,1366402331,18,Yes
MANOR RD,AUS_1369031121,841,359,48,453,402,1,4.85E+11,1500US484530004021,Block Group 1,G5030,S,496682,0,30.2876981,-97.7122017,13690311,AUS_13690311,30.28628,-97.70638,2,1,3,16,2,NA,1,1,4,11,1,5,N,4,NA,NA,4,97,97,,,0,1,0,0,0,1,0,N,N,N,N,N,N,N,2/2/2014,12:52 AM,227,22,N,Y,NA,NA,19,NA,,1,2900,,MANOR,RD,N,N,-1,N,N,,Y,19,NA,,1,2200,,AIRPORT,BLVD,NA,NA,,,,NA,2,4,4,NA,1,2,5,12:52 AM,DISPATCH,12:57 AM,2/2/2014,Y,74,NA,34,48,8,5,1,1,64,54,1,5,1,21,21,227,22,30.28628,-97.70638,,NA,NA,NA,3101,NA,NA,NA,NA,NA,,NA,NA,AIRPORT BLVD,NA,NA,NA,NA,Y,N,N,2,9,Y,SUN,NA,NA,NA,NA,NA,NA,NA,NA,NA,NA,NA,NA,NA,NA,NA,NA,NA,NA,NA,NA,NA,NA,NA,NA,NA,NA,NA,NA,NA,NA,NA,NA,NA,NA,NA,NA,NA,NA,NA,NA,NA,NA,NA,NA,NA,NA,NA,NA,NA,NA,NA,NA,NA,NA,NA,0,2,0,2,0,2,0,90,136903112,1369031121,16,Yes
MANOR RD,AUS_1260311421,828,359,48,453,402,1,4.85E+11,1500US484530004021,Block Group 1,G5030,S,496682,0,30.2876981,-97.7122017,12603114,AUS_12603114,30.28444201,-97.71828293,2,1,3,16,2,28,1,1,4,11,1,2,N,4,NA,NA,4,97,97,,,0,1,0,0,0,1,0,N,N,N,N,N,N,N,10/20/2011,3:05 PM,227,22,N,N,NA,NA,19,NA,,1,2300,,MANOR,RD,N,N,35,N,N,,N,19,NA,,NA,2200,,CHESTNUT,,NA,NA,,,,NA,11,1,4,NA,1,1,1,3:05 PM,DISPATCH,3:15 PM,10/20/2011,Y,74,22,34,48,8,5,3,2,64,13,1,5,1,32,21,227,22,30.28444201,-97.71828293,,NA,NA,NA,2276,NA,NA,NA,NA,NA,,NA,NA,N/A,NA,NA,NA,NA,Y,N,N,2,9,Y,THU,NA,NA,NA,NA,NA,NA,NA,NA,NA,NA,NA,NA,NA,NA,NA,NA,NA,NA,NA,NA,NA,NA,NA,NA,NA,NA,NA,NA,NA,NA,NA,NA,NA,NA,NA,NA,NA,NA,NA,NA,NA,NA,NA,NA,NA,NA,NA,NA,NA,NA,NA,NA,NA,NA,NA,0,1,0,1,0,1,0,90,126031142,1260311421,16,Yes
MANOR RD,AUS_1355956421,835,359,48,453,402,1,4.85E+11,1500US484530004021,Block Group 1,G5030,S,496682,0,30.2876981,-97.7122017,13559564,AUS_13559564,30.28569,-97.71021,2,1,3,16,2,23,1,1,4,11,1,4,N,4,NA,NA,4,97,97,,,0,1,0,0,0,1,0,N,N,N,N,N,N,N,10/8/2013,5:15 PM,227,22,N,N,NA,NA,19,NA,,1,NA,,MANOR,RD,N,N,30,N,N,,Y,19,NA,,1,,,ALEXANDER,AVE,NA,NA,,,,NA,11,1,0,NA,2,1,20,5:15 PM,DISPATCH,5:25 PM,10/8/2013,Y,74,NA,34,48,8,5,1,3,64,54,1,5,1,21,21,227,22,30.28569,-97.71021,,NA,NA,NA,2901,NA,NA,NA,NA,NA,,NA,NA,ALEXANDER AVE,NA,NA,NA,NA,Y,N,N,2,9,Y,TUE,NA,NA,NA,NA,NA,NA,NA,NA,NA,NA,NA,NA,NA,NA,NA,NA,NA,NA,NA,NA,NA,NA,NA,NA,NA,NA,NA,NA,NA,NA,NA,NA,NA,NA,NA,NA,NA,NA,NA,NA,NA,NA,NA,NA,NA,NA,NA,NA,NA,NA,NA,NA,NA,NA,NA,0,1,0,1,0,1,0,90,135595642,1355956421,16,Yes