Street_Name,Crash_UP_ID,FID,FID_Austin,STATEFP,COUNTYFP,TRACTCE,BLKGRPCE,GEOID1,GEOID,NAMELSAD,MTFCC,FUNCSTAT,ALAND,AWATER,INTPTLAT,INTPTLON,CrashID,CrashID1,Latitude,Longitude,Unit_Nbr,Prsn_Nbr,Prsn_Type_ID,Prsn_Occpnt_Pos_ID,Prsn_Injry_Sev_ID,Prsn_Age,Prsn_Ethnicity_ID,Prsn_Gndr_ID,Prsn_Ejct_ID,Prsn_Rest_ID,Prsn_Airbag_ID,Prsn_Helmet_ID,Prsn_Sol_Fl,Prsn_Alc_Spec_Type_ID,Prsn_Alc_Rslt_ID,Prsn_Bac_Test_Rslt,Prsn_Drg_Spec_Type_ID,Prsn_Drg_Rslt_ID,Drvr_Drg_Cat_1_ID,Prsn_Death_Date,Prsn_Death_Time,Incap_Injry_Cnt.x,Nonincap_Injry_Cnt.x,Poss_Injry_Cnt.x,Non_Injry_Cnt.x,Unkn_Injry_Cnt.x,Tot_Injry_Cnt.x,Death_Cnt.x,Crash_Fatal_Fl,Cmv_Involv_Fl,Schl_Bus_Fl,Rr_Relat_Fl,Medical_Advisory_Fl,Amend_Supp_Fl,Active_School_Zone_Fl,Crash_Date,Crash_Time,Rpt_CRIS_Cnty_ID,Rpt_City_ID,Rpt_Outside_City_Limit_Fl,Thousand_Damage_Fl,Rpt_Latitude,Rpt_Longitude,Rpt_Rdwy_Sys_ID,Rpt_Hwy_Num,Rpt_Hwy_Sfx,Rpt_Road_Part_ID,Rpt_Block_Num,Rpt_Street_Pfx,Rpt_Street_Name,Rpt_Street_Sfx,Private_Dr_Fl,Toll_Road_Fl,Crash_Speed_Limit,Road_Constr_Zone_Fl,Road_Constr_Zone_Wrkr_Fl,Rpt_Street_Desc,At_Intrsct_Fl,Rpt_Sec_Rdwy_Sys_ID,Rpt_Sec_Hwy_Num,Rpt_Sec_Hwy_Sfx,Rpt_Sec_Road_Part_ID,Rpt_Sec_Block_Num,Rpt_Sec_Street_Pfx,Rpt_Sec_Street_Name,Rpt_Sec_Street_Sfx,Rpt_Ref_Mark_Offset_Amt,Rpt_Ref_Mark_Dist_Uom,Rpt_Ref_Mark_Dir,Rpt_Ref_Mark_Nbr,Rpt_Sec_Street_Desc,Rpt_CrossingNumber,Wthr_Cond_ID,Light_Cond_ID,Entr_Road_ID,Road_Type_ID,Road_Algn_ID,Surf_Cond_ID,Traffic_Cntl_ID,Investigat_Notify_Time,Investigat_Notify_Meth,Investigat_Arrv_Time,Report_Date,Investigat_Comp_Fl,Investigat_Agency_ID,Investigat_Area_ID,Investigat_District_ID,Investigat_Region_ID,Bridge_Detail_ID,Harm_Evnt_ID,Intrsct_Relat_ID,FHE_Collsn_ID,Obj_Struck_ID,Othr_Factr_ID,Road_Part_Adj_ID,Road_Cls_ID,Road_Relat_ID,Phys_Featr_1_ID,Phys_Featr_2_ID,Cnty_ID,City_ID,Latitude.1,Longitude.1,Hwy_Sys,Hwy_Nbr,Hwy_Sfx,Dfo,Street_Nbr,Control,Section,Milepoint,Ref_Mark_Nbr,Ref_Mark_Displ,Hwy_Sys_2,Hwy_Nbr_2,Hwy_Sfx_2,Street_Name_2,Street_Nbr_2,Control_2,Section_2,Milepoint_2,Txdot_Rptable_Fl,Onsys_Fl,Rural_Fl,Crash_Sev_ID,Pop_Group_ID,Located_Fl,Day_of_Week,Hwy_Dsgn_Lane_ID,Hwy_Dsgn_Hrt_ID,Hp_Shldr_Left,Hp_Shldr_Right,Hp_Median_Width,Base_Type_ID,Nbr_Of_Lane,Row_Width_Usual,Roadbed_Width,Surf_Width,Surf_Type_ID,Curb_Type_Left_ID,Curb_Type_Right_ID,Shldr_Type_Left_ID,Shldr_Width_Left,Shldr_Use_Left_ID,Shldr_Type_Right_ID,Shldr_Width_Right,Shldr_Use_Right_ID,Median_Type_ID,Median_Width,Rural_Urban_Type_ID,Func_Sys_ID,Adt_Curnt_Amt,Adt_Curnt_Year,Adt_Adj_Curnt_Amt,Pct_Single_Trk_Adt,Pct_Combo_Trk_Adt,Trk_Aadt_Pct,Curve_Type_ID,Curve_Lngth,Cd_Degr,Delta_Left_Right_ID,Dd_Degr,Feature_Crossed,Structure_Number,I_R_Min_Vert_Clear,Approach_Width,Bridge_Median_ID,Bridge_Loading_Type_ID,Bridge_Loading_In_1000_Lbs,Bridge_Srvc_Type_On_ID,Bridge_Srvc_Type_Under_ID,Culvert_Type_ID,Roadway_Width,Deck_Width,Bridge_Dir_Of_Traffic_ID,Bridge_Rte_Struct_Func_ID,Bridge_IR_Struct_Func_ID,CrossingNumber,RRCo,Poscrossing_ID,WDCode_ID,Standstop,Yield,Incap_Injry_Cnt.y,Nonincap_Injry_Cnt.y,Poss_Injry_Cnt.y,Non_Injry_Cnt.y,Unkn_Injry_Cnt.y,Tot_Injry_Cnt.y,Death_Cnt.y,MPO_ID,Unit_ID,Unit_Prsn_ID,Count,BikePath
MANOR RD,AUS_1205973421,829,359,48,453,402,1,4.85E+11,1500US484530004021,Block Group 1,G5030,S,496682,0,30.2876981,-97.7122017,12059734,AUS_12059734,30.28446,-97.71818999,2,1,3,16,2,31,1,2,4,11,1,4,N,4,NA,NA,4,97,97,,,0,1,0,0,0,1,0,N,N,N,N,N,N,N,5/5/2011,5:15 PM,227,22,N,Y,NA,NA,19,NA,,1,2200,,MANOR,RD,N,N,30,N,N,,Y,19,NA,,1,2200,,CHESTNUT,AVE,NA,NA,,,,NA,11,1,0,NA,1,1,5,5:17 PM,DISPATCH,5:26 PM,5/5/2011,Y,74,NA,151,16,8,5,2,1,64,54,1,5,1,21,21,227,22,30.28446,-97.71818999,,NA,NA,NA,2299,NA,NA,NA,NA,NA,,NA,NA,CHESTNUT AVE,NA,NA,NA,NA,Y,N,N,2,9,Y,THU,NA,NA,NA,NA,NA,NA,NA,NA,NA,NA,NA,NA,NA,NA,NA,NA,NA,NA,NA,NA,NA,NA,NA,NA,NA,NA,NA,NA,NA,NA,NA,NA,NA,NA,NA,NA,NA,NA,NA,NA,NA,NA,NA,NA,NA,NA,NA,NA,NA,NA,NA,NA,NA,NA,NA,0,1,0,1,0,1,0,90,120597342,1205973421,16,Yes
MANOR RD,AUS_1452870921,865,66,48,453,306,1,4.85E+11,1500US484530003061,Block Group 1,G5030,S,3371879,0,30.2971559,-97.7002732,14528709,AUS_14528709,30.28819477,-97.70032247,2,1,3,16,2,30,1,1,4,11,1,4,N,4,NA,NA,4,97,97,,,0,1,0,0,0,1,0,N,N,N,N,N,N,N,7/6/2015,6:06 PM,227,22,N,N,NA,NA,19,NA,,1,NA,,MANOR,RD,N,N,35,N,N,,Y,19,NA,,1,,,GREENWOOD,AVE,NA,NA,,,,NA,11,1,2,NA,1,1,8,6:07 PM,DISPATCH,6:16 PM,7/6/2015,Y,74,NA,NA,10,8,5,1,1,64,24,1,5,1,21,21,227,22,30.28819477,-97.70032247,,NA,NA,NA,3499,NA,NA,NA,NA,NA,,NA,NA,GREENWOOD AVE,NA,NA,NA,NA,Y,N,N,2,9,Y,MON,NA,NA,NA,NA,NA,NA,NA,NA,NA,NA,NA,NA,NA,NA,NA,NA,NA,NA,NA,NA,NA,NA,NA,NA,NA,NA,NA,NA,NA,NA,NA,NA,NA,NA,NA,NA,NA,NA,NA,NA,NA,NA,NA,NA,NA,NA,NA,NA,NA,NA,NA,NA,NA,NA,NA,0,1,0,1,0,1,0,90,NA,NA,16,Yes
MANOR RD,AUS_1233047021,827,339,48,453,401,1,4.85E+11,1500US484530004011,Block Group 1,G5030,S,839804,0,30.2885489,-97.7200794,12330470,AUS_12330470,30.2844,-97.7185,2,1,3,16,1,27,1,2,4,11,1,4,N,4,NA,NA,4,97,97,,,1,0,0,0,0,1,0,N,N,N,N,N,N,N,10/18/2011,6:12 PM,227,22,N,N,NA,NA,19,NA,,1,NA,,MANOR,RD,N,N,40,N,N,,Y,19,NA,,NA,,,CHERRYWOOD,RD,NA,NA,,,,NA,11,1,0,NA,1,1,5,6:12 PM,DISPATCH,6:16 PM,10/18/2011,Y,74,NA,34,48,8,5,1,3,64,54,1,5,1,21,21,227,22,30.2844,-97.7185,,NA,NA,NA,2221,NA,NA,NA,NA,NA,,NA,NA,CHERRYWOOD RD,NA,NA,NA,NA,Y,N,N,1,9,Y,TUE,NA,NA,NA,NA,NA,NA,NA,NA,NA,NA,NA,NA,NA,NA,NA,NA,NA,NA,NA,NA,NA,NA,NA,NA,NA,NA,NA,NA,NA,NA,NA,NA,NA,NA,NA,NA,NA,NA,NA,NA,NA,NA,NA,NA,NA,NA,NA,NA,NA,NA,NA,NA,NA,NA,NA,1,0,0,1,0,1,0,90,123304702,1233047021,16,Yes
MANOR RD,AUS_1233039521,1042,298,48,453,2112,3,4.85E+11,1500US484530021123,Block Group 3,G5030,S,824374,0,30.3097424,-97.6800964,12330395,AUS_12330395,30.30822,-97.67203,2,1,3,16,2,10,2,1,4,11,1,4,N,4,NA,NA,4,97,97,,,0,1,0,0,0,1,0,N,N,N,N,N,N,N,10/13/2011,7:16 PM,227,22,N,Y,NA,NA,19,NA,,1,6300,,MANOR,RD,N,N,30,N,N,,Y,19,NA,,NA,,,HYSIDE,DR,NA,NA,,,,NA,11,1,2,NA,1,1,8,7:16 PM,DISPATCH,7:25 PM,10/13/2011,Y,74,NA,NA,NA,8,5,2,1,64,54,1,5,1,21,21,227,22,30.30822,-97.67203,,NA,NA,NA,6307,NA,NA,NA,NA,NA,,NA,NA,HYSIDE DR,NA,NA,NA,NA,Y,N,N,2,9,Y,THU,NA,NA,NA,NA,NA,NA,NA,NA,NA,NA,NA,NA,NA,NA,NA,NA,NA,NA,NA,NA,NA,NA,NA,NA,NA,NA,NA,NA,NA,NA,NA,NA,NA,NA,NA,NA,NA,NA,NA,NA,NA,NA,NA,NA,NA,NA,NA,NA,NA,NA,NA,NA,NA,NA,NA,0,1,0,2,0,1,0,90,123303952,1233039521,16,Yes
MANOR RD,AUS_1416329621,821,360,48,453,402,3,4.85E+11,1500US484530004023,Block Group 3,G5030,S,619665,0,30.2816518,-97.7219621,14163296,AUS_14163296,30.28379,-97.72207,2,1,3,16,2,34,1,1,4,11,1,1,N,4,NA,NA,4,97,97,,,0,1,0,0,0,1,0,N,N,N,N,N,N,N,12/1/2014,7:00 AM,227,22,N,N,NA,NA,19,NA,,1,1800,,MANOR,RD,N,N,35,N,N,,Y,19,NA,,1,2200,,CHICON,ST,NA,NA,,,,NA,12,4,4,NA,1,1,6,7:00 AM,DISPATCH,7:00 AM,12/1/2014,N,74,NA,34,48,8,5,1,3,64,54,1,5,1,21,21,227,22,30.28379,-97.72207,,NA,NA,NA,1819,NA,NA,NA,NA,NA,,NA,NA,CHICON ST,NA,NA,NA,NA,Y,N,N,2,9,Y,MON,NA,NA,NA,NA,NA,NA,NA,NA,NA,NA,NA,NA,NA,NA,NA,NA,NA,NA,NA,NA,NA,NA,NA,NA,NA,NA,NA,NA,NA,NA,NA,NA,NA,NA,NA,NA,NA,NA,NA,NA,NA,NA,NA,NA,NA,NA,NA,NA,NA,NA,NA,NA,NA,NA,NA,0,1,0,1,0,1,0,90,141632962,1416329621,16,Yes
MANOR RD,AUS_1262008721,870,66,48,453,306,1,4.85E+11,1500US484530003061,Block Group 1,G5030,S,3371879,0,30.2971559,-97.7002732,12620087,AUS_12620087,30.28847473,-97.69978054,2,1,3,16,3,23,1,1,4,11,1,2,N,6,NA,NA,4,97,97,,,0,0,1,0,0,1,0,N,N,N,N,N,N,N,1/18/2012,11:00 AM,227,22,N,N,NA,NA,19,NA,,1,NA,,MANOR,RD,N,N,35,N,N,,N,19,NA,,NA,,,GREENWOOD,,NA,NA,,,,NA,11,1,4,NA,1,1,5,11:00 AM,DISPATCH,11:06 AM,4/18/2012,Y,74,NA,NA,119,8,5,1,2,64,54,1,5,1,21,21,227,22,30.28847473,-97.69978054,,NA,NA,NA,3532,NA,NA,NA,NA,NA,,NA,NA,GREENWOOD AVE,NA,NA,NA,NA,Y,N,N,3,9,Y,WED,NA,NA,NA,NA,NA,NA,NA,NA,NA,NA,NA,NA,NA,NA,NA,NA,NA,NA,NA,NA,NA,NA,NA,NA,NA,NA,NA,NA,NA,NA,NA,NA,NA,NA,NA,NA,NA,NA,NA,NA,NA,NA,NA,NA,NA,NA,NA,NA,NA,NA,NA,NA,NA,NA,NA,0,0,1,0,1,1,0,90,126200872,1262008721,16,Yes
MANOR RD,AUS_1327848921,968,477,48,453,2107,2,4.85E+11,1500US484530021072,Block Group 2,G5030,S,567887,0,30.2959769,-97.6810895,13278489,AUS_13278489,30.30011,-97.68588,2,1,3,16,2,28,1,1,4,11,1,4,N,4,NA,NA,4,97,97,,,0,1,0,0,0,1,0,N,N,N,N,N,N,N,5/13/2013,10:13 AM,227,22,N,Y,NA,NA,19,NA,,1,NA,,MANOR,RD,N,N,35,N,N,,Y,19,NA,,NA,,,WESTMINISTER,DR,NA,NA,,,,NA,11,1,3,NA,3,1,20,8:35 AM,DISPATCH,8:41 AM,5/13/2013,Y,74,NA,273,95,8,5,1,3,64,54,1,5,1,21,21,227,22,30.30011,-97.68588,,NA,NA,NA,NA,NA,NA,NA,NA,NA,,NA,NA,WESTMINSTER DR,NA,NA,NA,NA,Y,N,N,2,9,Y,MON,NA,NA,NA,NA,NA,NA,NA,NA,NA,NA,NA,NA,NA,NA,NA,NA,NA,NA,NA,NA,NA,NA,NA,NA,NA,NA,NA,NA,NA,NA,NA,NA,NA,NA,NA,NA,NA,NA,NA,NA,NA,NA,NA,NA,NA,NA,NA,NA,NA,NA,NA,NA,NA,NA,NA,0,1,0,1,0,1,0,90,132784892,1327848921,16,Yes
MANOR RD,AUS_1186817221,837,253,48,453,402,2,4.85E+11,1500US484530004022,Block Group 2,G5030,S,428149,0,30.2836183,-97.7100421,11868172,AUS_11868172,30.28602,-97.708,2,1,3,16,2,23,2,1,4,11,1,5,N,4,NA,NA,4,97,97,,,0,1,0,0,0,1,0,N,N,N,N,N,N,N,1/11/2011,5:40 PM,227,22,N,N,NA,NA,19,NA,,1,2900,,MANOR,RD,N,N,35,N,N,,Y,15,NA,,1,3400,,BANTON,RD,NA,NA,,,,NA,11,1,2,NA,2,1,16,5:48 PM,FLAGGED DOWN,5:48 PM,1/11/2011,Y,74,NA,NA,92,8,5,1,3,64,54,1,5,1,21,21,227,22,30.28602,-97.708,,NA,NA,NA,2961,NA,NA,NA,NA,NA,,NA,NA,BANTON RD,NA,NA,NA,NA,Y,N,N,2,9,Y,TUE,NA,NA,NA,NA,NA,NA,NA,NA,NA,NA,NA,NA,NA,NA,NA,NA,NA,NA,NA,NA,NA,NA,NA,NA,NA,NA,NA,NA,NA,NA,NA,NA,NA,NA,NA,NA,NA,NA,NA,NA,NA,NA,NA,NA,NA,NA,NA,NA,NA,NA,NA,NA,NA,NA,NA,0,1,0,0,1,1,0,90,118681722,1186817221,16,Yes
MANOR RD,AUS_1325232321,825,339,48,453,401,1,4.85E+11,1500US484530004011,Block Group 1,G5030,S,839804,0,30.2885489,-97.7200794,13252323,AUS_13252323,30.2843,-97.71914,2,1,3,16,3,26,1,2,4,11,1,4,N,4,NA,NA,4,97,97,,,0,0,1,0,0,1,0,N,N,N,N,N,N,N,3/30/2013,7:54 PM,227,22,N,N,NA,NA,19,NA,,1,NA,,MANOR,RD,N,N,0,N,N,,Y,19,NA,,NA,,,COLETO,ST,NA,NA,,,,NA,11,5,2,NA,1,1,20,7:54 PM,DISPATCHED,7:56 PM,3/30/2013,Y,74,NA,34,48,8,5,1,3,64,54,1,5,1,21,21,227,22,30.2843,-97.71914,,NA,NA,NA,2201,NA,NA,NA,NA,NA,,NA,NA,COLETO ST,NA,NA,NA,NA,Y,N,N,3,9,Y,SAT,NA,NA,NA,NA,NA,NA,NA,NA,NA,NA,NA,NA,NA,NA,NA,NA,NA,NA,NA,NA,NA,NA,NA,NA,NA,NA,NA,NA,NA,NA,NA,NA,NA,NA,NA,NA,NA,NA,NA,NA,NA,NA,NA,NA,NA,NA,NA,NA,NA,NA,NA,NA,NA,NA,NA,0,0,1,1,0,1,0,90,132523232,1325232321,16,Yes
MANOR RD,AUS_1273994221,850,557,48,453,2109,1,4.85E+11,1500US484530021091,Block Group 1,G5030,S,857113,0,30.2827117,-97.6997804,12739942,AUS_12739942,30.28752,-97.70132,2,1,3,16,2,26,1,1,4,11,1,1,N,4,NA,NA,4,97,97,,,0,1,0,0,0,1,0,N,N,N,N,N,N,N,5/7/2012,9:57 AM,227,22,N,N,NA,NA,19,NA,,1,3400,,MANOR,RD,N,N,35,N,N,,Y,19,NA,,NA,2200,,ANCHOR,LN,NA,NA,,,,NA,11,1,3,NA,1,1,20,9:57 AM,DISPATCH,10:10 AM,5/7/2012,Y,74,NA,120,14,8,5,1,2,64,54,1,5,1,21,21,227,22,30.28752,-97.70132,,NA,NA,NA,3397,NA,NA,NA,NA,NA,,NA,NA,ANCHOR LN,NA,NA,NA,NA,Y,N,N,2,9,Y,MON,NA,NA,NA,NA,NA,NA,NA,NA,NA,NA,NA,NA,NA,NA,NA,NA,NA,NA,NA,NA,NA,NA,NA,NA,NA,NA,NA,NA,NA,NA,NA,NA,NA,NA,NA,NA,NA,NA,NA,NA,NA,NA,NA,NA,NA,NA,NA,NA,NA,NA,NA,NA,NA,NA,NA,0,1,0,0,1,1,0,90,127399422,1273994221,16,Yes
MANOR RD,AUS_1458331521,979,478,48,453,2107,3,4.85E+11,1500US484530021073,Block Group 3,G5030,S,481368,0,30.3007794,-97.6789798,14583315,AUS_14583315,30.30100477,-97.68507248,2,1,3,16,3,59,2,1,4,11,1,4,N,4,NA,NA,4,97,97,,,0,0,1,0,0,1,0,N,N,N,N,N,N,N,8/7/2015,7:33 PM,227,22,N,N,NA,NA,19,NA,,1,5400,,MANOR,RD,N,N,-1,N,N,,Y,19,NA,,1,2900,,PECAN SPRINGS,RD,NA,NA,,,,NA,11,1,4,NA,1,1,16,7:33 PM,DISPATCH,7:34 PM,8/7/2015,Y,74,NA,NA,121,8,5,1,1,64,54,1,5,1,21,21,227,22,30.30100477,-97.68507248,,NA,NA,NA,5401,NA,NA,NA,NA,NA,,NA,NA,PECAN SPRINGS RD,NA,NA,NA,NA,Y,N,N,3,9,Y,FRI,NA,NA,NA,NA,NA,NA,NA,NA,NA,NA,NA,NA,NA,NA,NA,NA,NA,NA,NA,NA,NA,NA,NA,NA,NA,NA,NA,NA,NA,NA,NA,NA,NA,NA,NA,NA,NA,NA,NA,NA,NA,NA,NA,NA,NA,NA,NA,NA,NA,NA,NA,NA,NA,NA,NA,0,0,1,1,0,1,0,90,NA,NA,16,Yes
MANOR RD,AUS_1238094421,836,359,48,453,402,1,4.85E+11,1500US484530004021,Block Group 1,G5030,S,496682,0,30.2876981,-97.7122017,12380944,AUS_12380944,30.28569,-97.71021,2,1,3,16,1,24,1,1,4,11,1,1,,4,NA,NA,4,97,97,,,1,0,0,0,0,1,0,N,N,N,N,N,N,N,10/17/2011,6:24 PM,227,22,N,Y,NA,NA,19,NA,,1,2800,,MANOR,RD,N,N,35,N,N,,Y,19,NA,,NA,3200,,ALEXANDER,AVE,NA,NA,,,,NA,11,1,3,NA,2,1,16,6:24 PM,DISPATCH,6:25 PM,10/17/2011,Y,74,NA,NA,92,8,5,1,3,64,54,1,5,1,21,21,227,22,30.28569,-97.71021,,NA,NA,NA,2901,NA,NA,NA,NA,NA,,NA,NA,ALEXANDER AVE,NA,NA,NA,NA,Y,N,N,1,9,Y,MON,NA,NA,NA,NA,NA,NA,NA,NA,NA,NA,NA,NA,NA,NA,NA,NA,NA,NA,NA,NA,NA,NA,NA,NA,NA,NA,NA,NA,NA,NA,NA,NA,NA,NA,NA,NA,NA,NA,NA,NA,NA,NA,NA,NA,NA,NA,NA,NA,NA,NA,NA,NA,NA,NA,NA,1,0,0,1,0,1,0,90,123809442,1238094421,16,Yes
MANOR RD,AUS_1477040721,1054,520,48,453,2113,2,4.85E+11,1500US484530021132,Block Group 2,G5030,S,671309,0,30.3144785,-97.6755587,14770407,AUS_14770407,30.31009477,-97.66720248,2,1,3,16,2,16,3,1,4,11,1,4,N,4,NA,NA,4,97,97,,,0,1,0,0,0,1,0,N,N,N,N,N,N,N,11/8/2015,10:52 AM,227,22,N,Y,NA,NA,19,NA,,1,6600,,MANOR,RD,N,N,35,N,N,,Y,19,NA,,1,3500,,LOYOLA,LN,NA,NA,,,,NA,11,1,0,NA,2,1,5,10:52 AM,DISPATCH,3:59 PM,11/8/2015,Y,74,NA,NA,34,8,5,2,1,64,54,1,5,1,21,21,227,22,30.31009477,-97.66720248,,NA,NA,NA,NA,NA,NA,NA,NA,NA,,NA,NA,LOYOLA LN,NA,NA,NA,NA,Y,N,N,2,9,Y,SUN,NA,NA,NA,NA,NA,NA,NA,NA,NA,NA,NA,NA,NA,NA,NA,NA,NA,NA,NA,NA,NA,NA,NA,NA,NA,NA,NA,NA,NA,NA,NA,NA,NA,NA,NA,NA,NA,NA,NA,NA,NA,NA,NA,NA,NA,NA,NA,NA,NA,NA,NA,NA,NA,NA,NA,0,1,0,1,0,1,0,90,NA,NA,16,Yes
METRIC BLVD,AUS_1331414811,1322,291,48,453,1844,1,4.85E+11,1500US484530018441,Block Group 1,G5030,S,343681,0,30.399397,-97.6997896,13314148,AUS_13314148,30.39900519,-97.70386305,1,1,3,16,2,36,1,1,4,11,1,4,N,4,NA,NA,4,97,97,,,0,1,0,0,0,1,0,N,N,N,N,N,N,N,6/1/2013,11:17 PM,227,22,N,N,NA,NA,19,NA,,1,12000,,METRIC,BLVD,N,N,0,N,N,,N,19,NA,,NA,,,SUNHILLOW,BLVD,NA,NA,,,,NA,11,4,2,NA,1,1,16,11:17 PM,DISPATCH,11:25 PM,6/2/2013,Y,74,NA,114,143,8,5,2,2,64,54,1,5,1,21,21,227,22,30.39900519,-97.70386305,,NA,NA,NA,11898,NA,NA,NA,NA,NA,,NA,NA,SUNHILLOW BND,NA,NA,NA,NA,Y,N,N,2,9,Y,SAT,NA,NA,NA,NA,NA,NA,NA,NA,NA,NA,NA,NA,NA,NA,NA,NA,NA,NA,NA,NA,NA,NA,NA,NA,NA,NA,NA,NA,NA,NA,NA,NA,NA,NA,NA,NA,NA,NA,NA,NA,NA,NA,NA,NA,NA,NA,NA,NA,NA,NA,NA,NA,NA,NA,NA,0,1,0,0,1,1,0,90,133141481,1331414811,11,Yes
METRIC BLVD,AUS_1261138211,1293,540,48,453,1821,3,4.85E+11,1500US484530018213,Block Group 3,G5030,S,1562257,0,30.3843405,-97.7110759,12611382,AUS_12611382,30.38063,-97.71595,1,1,3,16,3,26,3,1,4,11,1,4,N,4,NA,NA,4,97,97,,,0,0,1,0,0,1,0,N,N,N,N,N,N,N,2/22/2012,2:17 AM,227,22,N,N,NA,NA,19,NA,,1,10100,,METRIC,BLVD,N,N,0,N,N,,Y,19,NA,,NA,2100,,RUTLAND,DR,NA,NA,,,,NA,2,4,4,NA,1,2,5,2:17 AM,DISPATCH,2:17 AM,2/22/2012,Y,74,NA,114,143,8,5,1,5,64,54,1,5,1,21,21,227,22,30.38063,-97.71595,,NA,NA,NA,10099,NA,NA,NA,NA,NA,,NA,NA,RUTLAND DR,NA,NA,NA,NA,Y,N,N,3,9,Y,WED,NA,NA,NA,NA,NA,NA,NA,NA,NA,NA,NA,NA,NA,NA,NA,NA,NA,NA,NA,NA,NA,NA,NA,NA,NA,NA,NA,NA,NA,NA,NA,NA,NA,NA,NA,NA,NA,NA,NA,NA,NA,NA,NA,NA,NA,NA,NA,NA,NA,NA,NA,NA,NA,NA,NA,0,0,1,0,1,1,0,90,126113821,1261138211,11,Yes
METRIC BLVD,AUS_1357928621,1339,313,48,453,1850,3,4.85E+11,1500US484530018503,Block Group 3,G5030,S,298519,0,30.4122185,-97.6952895,13579286,AUS_13579286,30.40831638,-97.69705137,2,1,3,16,1,38,1,1,4,11,1,5,N,4,NA,NA,4,97,97,,,1,0,0,0,0,1,0,N,N,N,N,N,N,N,11/21/2013,12:00 PM,227,22,N,N,NA,NA,19,NA,,1,12100,,METRIC,BLVD,N,N,-1,N,N,,N,19,NA,,NA,19010,,CEDAR BEND,DR,NA,NA,,,,NA,12,1,4,NA,2,1,5,12:30 PM,WALK-IN,12:30 PM,11/22/2013,Y,74,63,123,143,8,5,2,2,64,3,1,5,1,21,21,227,22,30.40831638,-97.69705137,,NA,NA,NA,NA,NA,NA,NA,NA,NA,,NA,NA,CEDAR BEND DR,NA,NA,NA,NA,Y,N,N,1,9,Y,THU,NA,NA,NA,NA,NA,NA,NA,NA,NA,NA,NA,NA,NA,NA,NA,NA,NA,NA,NA,NA,NA,NA,NA,NA,NA,NA,NA,NA,NA,NA,NA,NA,NA,NA,NA,NA,NA,NA,NA,NA,NA,NA,NA,NA,NA,NA,NA,NA,NA,NA,NA,NA,NA,NA,NA,1,0,0,0,1,1,0,90,135792862,1357928621,11,Yes
METRIC BLVD,AUS_1382031221,1313,155,48,453,1849,4,4.85E+11,1500US484530018494,Block Group 4,G5030,S,1098173,0,30.3964822,-97.7102904,13820312,AUS_13820312,30.39475,-97.70681,2,1,3,16,2,19,1,2,4,11,1,97,N,4,NA,NA,4,97,97,,,0,1,0,0,0,1,0,N,N,N,N,N,N,N,5/2/2014,2:47 PM,227,22,N,Y,NA,NA,19,NA,,1,11400,,METRIC,BLVD,N,N,45,N,N,,Y,19,NA,,1,11500,,STONEHOLLOW,DR,NA,NA,,,,NA,11,4,0,NA,1,1,20,2:48 PM,DISPATCH,3:08 PM,5/2/2014,Y,74,NA,46,64,8,5,2,2,64,54,1,5,1,21,21,227,22,30.39475,-97.70681,,NA,NA,NA,NA,NA,NA,NA,NA,NA,,NA,NA,STONEHOLLOW DR,NA,NA,NA,NA,Y,N,N,2,9,Y,FRI,NA,NA,NA,NA,NA,NA,NA,NA,NA,NA,NA,NA,NA,NA,NA,NA,NA,NA,NA,NA,NA,NA,NA,NA,NA,NA,NA,NA,NA,NA,NA,NA,NA,NA,NA,NA,NA,NA,NA,NA,NA,NA,NA,NA,NA,NA,NA,NA,NA,NA,NA,NA,NA,NA,NA,0,1,0,1,0,1,0,90,138203122,1382031221,11,Yes
METRIC BLVD,AUS_1386885421,1352,313,48,453,1850,3,4.85E+11,1500US484530018503,Block Group 3,G5030,S,298519,0,30.4122185,-97.6952895,13868854,AUS_13868854,30.4132,-97.69068,2,1,3,16,2,21,1,1,4,11,1,5,N,4,NA,NA,4,97,97,,,0,1,0,0,0,1,0,N,N,N,N,N,N,N,5/28/2014,10:56 PM,227,22,N,N,NA,NA,19,NA,,1,NA,,METRIC BLVD,BLVD,N,N,40,N,N,,Y,19,NA,,1,,,W PARMER LN,LN,NA,NA,,,,NA,11,4,4,NA,1,1,5,10:56 PM,DISPATCH,11:00 PM,5/28/2014,Y,74,NA,46,64,8,5,2,1,64,54,1,5,1,21,21,227,22,30.4132,-97.69068,,NA,NA,NA,NA,NA,NA,NA,NA,NA,,NA,NA,W PARMER LN,NA,NA,NA,NA,Y,N,N,2,9,Y,WED,NA,NA,NA,NA,NA,NA,NA,NA,NA,NA,NA,NA,NA,NA,NA,NA,NA,NA,NA,NA,NA,NA,NA,NA,NA,NA,NA,NA,NA,NA,NA,NA,NA,NA,NA,NA,NA,NA,NA,NA,NA,NA,NA,NA,NA,NA,NA,NA,NA,NA,NA,NA,NA,NA,NA,0,1,0,1,0,1,0,90,138688542,1386885421,11,Yes