Street_Name,Crash_UP_ID,FID,FID_Austin,STATEFP,COUNTYFP,TRACTCE,BLKGRPCE,GEOID1,GEOID,NAMELSAD,MTFCC,FUNCSTAT,ALAND,AWATER,INTPTLAT,INTPTLON,CrashID,CrashID1,Latitude,Longitude,Unit_Nbr,Prsn_Nbr,Prsn_Type_ID,Prsn_Occpnt_Pos_ID,Prsn_Injry_Sev_ID,Prsn_Age,Prsn_Ethnicity_ID,Prsn_Gndr_ID,Prsn_Ejct_ID,Prsn_Rest_ID,Prsn_Airbag_ID,Prsn_Helmet_ID,Prsn_Sol_Fl,Prsn_Alc_Spec_Type_ID,Prsn_Alc_Rslt_ID,Prsn_Bac_Test_Rslt,Prsn_Drg_Spec_Type_ID,Prsn_Drg_Rslt_ID,Drvr_Drg_Cat_1_ID,Prsn_Death_Date,Prsn_Death_Time,Incap_Injry_Cnt.x,Nonincap_Injry_Cnt.x,Poss_Injry_Cnt.x,Non_Injry_Cnt.x,Unkn_Injry_Cnt.x,Tot_Injry_Cnt.x,Death_Cnt.x,Crash_Fatal_Fl,Cmv_Involv_Fl,Schl_Bus_Fl,Rr_Relat_Fl,Medical_Advisory_Fl,Amend_Supp_Fl,Active_School_Zone_Fl,Crash_Date,Crash_Time,Rpt_CRIS_Cnty_ID,Rpt_City_ID,Rpt_Outside_City_Limit_Fl,Thousand_Damage_Fl,Rpt_Latitude,Rpt_Longitude,Rpt_Rdwy_Sys_ID,Rpt_Hwy_Num,Rpt_Hwy_Sfx,Rpt_Road_Part_ID,Rpt_Block_Num,Rpt_Street_Pfx,Rpt_Street_Name,Rpt_Street_Sfx,Private_Dr_Fl,Toll_Road_Fl,Crash_Speed_Limit,Road_Constr_Zone_Fl,Road_Constr_Zone_Wrkr_Fl,Rpt_Street_Desc,At_Intrsct_Fl,Rpt_Sec_Rdwy_Sys_ID,Rpt_Sec_Hwy_Num,Rpt_Sec_Hwy_Sfx,Rpt_Sec_Road_Part_ID,Rpt_Sec_Block_Num,Rpt_Sec_Street_Pfx,Rpt_Sec_Street_Name,Rpt_Sec_Street_Sfx,Rpt_Ref_Mark_Offset_Amt,Rpt_Ref_Mark_Dist_Uom,Rpt_Ref_Mark_Dir,Rpt_Ref_Mark_Nbr,Rpt_Sec_Street_Desc,Rpt_CrossingNumber,Wthr_Cond_ID,Light_Cond_ID,Entr_Road_ID,Road_Type_ID,Road_Algn_ID,Surf_Cond_ID,Traffic_Cntl_ID,Investigat_Notify_Time,Investigat_Notify_Meth,Investigat_Arrv_Time,Report_Date,Investigat_Comp_Fl,Investigat_Agency_ID,Investigat_Area_ID,Investigat_District_ID,Investigat_Region_ID,Bridge_Detail_ID,Harm_Evnt_ID,Intrsct_Relat_ID,FHE_Collsn_ID,Obj_Struck_ID,Othr_Factr_ID,Road_Part_Adj_ID,Road_Cls_ID,Road_Relat_ID,Phys_Featr_1_ID,Phys_Featr_2_ID,Cnty_ID,City_ID,Latitude.1,Longitude.1,Hwy_Sys,Hwy_Nbr,Hwy_Sfx,Dfo,Street_Nbr,Control,Section,Milepoint,Ref_Mark_Nbr,Ref_Mark_Displ,Hwy_Sys_2,Hwy_Nbr_2,Hwy_Sfx_2,Street_Name_2,Street_Nbr_2,Control_2,Section_2,Milepoint_2,Txdot_Rptable_Fl,Onsys_Fl,Rural_Fl,Crash_Sev_ID,Pop_Group_ID,Located_Fl,Day_of_Week,Hwy_Dsgn_Lane_ID,Hwy_Dsgn_Hrt_ID,Hp_Shldr_Left,Hp_Shldr_Right,Hp_Median_Width,Base_Type_ID,Nbr_Of_Lane,Row_Width_Usual,Roadbed_Width,Surf_Width,Surf_Type_ID,Curb_Type_Left_ID,Curb_Type_Right_ID,Shldr_Type_Left_ID,Shldr_Width_Left,Shldr_Use_Left_ID,Shldr_Type_Right_ID,Shldr_Width_Right,Shldr_Use_Right_ID,Median_Type_ID,Median_Width,Rural_Urban_Type_ID,Func_Sys_ID,Adt_Curnt_Amt,Adt_Curnt_Year,Adt_Adj_Curnt_Amt,Pct_Single_Trk_Adt,Pct_Combo_Trk_Adt,Trk_Aadt_Pct,Curve_Type_ID,Curve_Lngth,Cd_Degr,Delta_Left_Right_ID,Dd_Degr,Feature_Crossed,Structure_Number,I_R_Min_Vert_Clear,Approach_Width,Bridge_Median_ID,Bridge_Loading_Type_ID,Bridge_Loading_In_1000_Lbs,Bridge_Srvc_Type_On_ID,Bridge_Srvc_Type_Under_ID,Culvert_Type_ID,Roadway_Width,Deck_Width,Bridge_Dir_Of_Traffic_ID,Bridge_Rte_Struct_Func_ID,Bridge_IR_Struct_Func_ID,CrossingNumber,RRCo,Poscrossing_ID,WDCode_ID,Standstop,Yield,Incap_Injry_Cnt.y,Nonincap_Injry_Cnt.y,Poss_Injry_Cnt.y,Non_Injry_Cnt.y,Unkn_Injry_Cnt.y,Tot_Injry_Cnt.y,Death_Cnt.y,MPO_ID,Unit_ID,Unit_Prsn_ID,Count,BikePath
N LAMAR BLVD,AUS_1205983221,1153,574,48,453,1505,4,4.85E+11,1500US484530015054,Block Group 4,G5030,S,503507,0,30.3315451,-97.7268189,12059832,AUS_12059832,30.33012866,-97.72371209,2,1,3,16,3,57,1,NA,4,11,1,4,N,4,NA,NA,4,97,97,,,0,0,1,0,0,1,0,N,N,N,N,N,N,N,4/28/2011,8:42 AM,227,22,N,N,NA,NA,11,275,,1,6200,N,N LAMAR,BLVD,N,N,0,N,N,PAVEMENT,N,19,NA,,1,,,ROMERIA,ST,NA,NA,,,PAVEMENT,NA,11,1,2,NA,1,1,5,8:42 AM,DISPATCHED,8:47 AM,4/28/2011,N,74,NA,75,95,8,5,2,2,64,54,1,2,1,21,21,227,22,30.33012866,-97.72371209,,NA,NA,NA,6136,NA,NA,NA,NA,NA,,NA,NA,UNKNOWN,NA,NA,NA,NA,Y,N,N,3,9,Y,THU,NA,NA,NA,NA,NA,NA,NA,NA,NA,NA,NA,NA,NA,NA,NA,NA,NA,NA,NA,NA,NA,NA,NA,NA,NA,NA,NA,NA,NA,NA,NA,NA,NA,NA,NA,NA,NA,NA,NA,NA,NA,NA,NA,NA,NA,NA,NA,NA,NA,NA,NA,NA,NA,NA,NA,0,0,1,0,1,1,0,90,120598322,1205983221,31,No
RED RIVER ST,AUS_1272432821,897,65,48,453,401,2,4.85E+11,1500US484530004012,Block Group 2,G5030,S,1342888,0,30.2880599,-97.7281679,12724328,AUS_12724328,30.29116535,-97.72706195,2,1,3,16,1,49,1,1,4,11,1,4,N,4,NA,NA,4,97,97,,,1,0,0,0,0,1,0,N,N,N,N,N,N,N,5/5/2012,1:08 AM,227,22,N,N,30.29111,-97.72696,19,NA,,1,7200,,RGP RIVER,,N,N,30,N,N,,Y,19,NA,,NA,800,E,32ND,ST,NA,NA,,,,NA,11,4,4,NA,5,1,6,1:08 AM,DISPATCHED,1:16 AM,5/5/2012,Y,74,11,10,14,8,5,1,1,64,54,1,5,1,21,21,227,22,30.29116535,-97.72706195,,NA,NA,NA,3215,NA,NA,NA,NA,NA,,NA,NA,UNKNOWN,NA,NA,NA,NA,Y,N,N,1,9,Y,SAT,NA,NA,NA,NA,NA,NA,NA,NA,NA,NA,NA,NA,NA,NA,NA,NA,NA,NA,NA,NA,NA,NA,NA,NA,NA,NA,NA,NA,NA,NA,NA,NA,NA,NA,NA,NA,NA,NA,NA,NA,NA,NA,NA,NA,NA,NA,NA,NA,NA,NA,NA,NA,NA,NA,NA,1,0,0,0,1,1,0,90,127243282,1272432821,22,Yes
RED RIVER ST,AUS_1306395721,591,433,48,453,1100,1,4.85E+11,1500US484530011001,Block Group 1,G5030,S,2044061,66635,30.2687002,-97.7433003,13063957,AUS_13063957,30.26647855,-97.73719406,2,1,3,16,3,32,1,2,4,11,1,4,N,4,NA,NA,4,97,97,,,0,0,1,0,0,1,0,N,N,N,N,N,Y,N,10/26/2012,2:41 AM,227,22,N,Y,NA,NA,19,NA,,1,600,,RED RIVER,,N,N,0,N,N,,Y,19,NA,,NA,600,,RED RIVER,,NA,NA,,,,NA,2,4,0,NA,1,2,5,2:41 AM,VIEWED,2:41 AM,10/26/2012,Y,74,22,115,144,8,5,1,1,64,3,1,5,1,21,21,227,22,30.26647855,-97.73719406,,NA,NA,NA,598,NA,NA,NA,NA,NA,,NA,NA,UNKNOWN,NA,NA,NA,NA,Y,N,N,3,9,Y,FRI,NA,NA,NA,NA,NA,NA,NA,NA,NA,NA,NA,NA,NA,NA,NA,NA,NA,NA,NA,NA,NA,NA,NA,NA,NA,NA,NA,NA,NA,NA,NA,NA,NA,NA,NA,NA,NA,NA,NA,NA,NA,NA,NA,NA,NA,NA,NA,NA,NA,NA,NA,NA,NA,NA,NA,0,0,1,2,0,1,0,90,130639572,1306395721,22,Yes
RED RIVER ST,AUS_1356797521,561,433,48,453,1100,1,4.85E+11,1500US484530011001,Block Group 1,G5030,S,2044061,66635,30.2687002,-97.7433003,13567975,AUS_13567975,30.26529517,-97.73760197,2,1,3,16,2,26,3,1,4,11,1,97,N,4,NA,NA,4,97,97,,,0,1,0,0,0,1,0,N,N,N,N,N,N,N,8/25/2013,2:43 AM,227,22,N,N,NA,NA,19,NA,,1,NA,,RED RIVER,ST,N,N,30,N,N,,N,19,NA,,NA,,E,5TH,ST,NA,NA,,,,NA,11,4,0,NA,1,1,20,2:43 AM,ON SIGHT,2:43 AM,8/25/2013,Y,74,36,67,282,8,5,2,1,64,3,1,5,1,21,21,227,22,30.26529517,-97.73760197,,NA,NA,NA,473,NA,NA,NA,NA,NA,,NA,NA,E 5TH ST,NA,NA,NA,NA,Y,N,N,2,9,Y,SUN,NA,NA,NA,NA,NA,NA,NA,NA,NA,NA,NA,NA,NA,NA,NA,NA,NA,NA,NA,NA,NA,NA,NA,NA,NA,NA,NA,NA,NA,NA,NA,NA,NA,NA,NA,NA,NA,NA,NA,NA,NA,NA,NA,NA,NA,NA,NA,NA,NA,NA,NA,NA,NA,NA,NA,0,1,1,2,0,2,0,90,135679752,1356797521,22,Yes
RED RIVER ST,AUS_1300235011,730,67,48,453,700,1,4.85E+11,1500US484530007001,Block Group 1,G5030,S,1615130,0,30.2777004,-97.7411232,13002350,AUS_13002350,30.27453918,-97.73513609,1,1,3,16,2,22,1,2,4,11,1,4,N,4,NA,NA,4,97,97,,,0,1,0,0,0,1,0,N,N,N,N,N,N,N,11/16/2012,11:37 PM,227,22,N,N,NA,NA,19,NA,,1,1300,,RED RIVER,ST,N,N,35,N,N,,N,19,NA,,NA,,E,15TH,ST,NA,NA,,,,NA,11,4,0,NA,4,1,20,11:37 PM,DISPATCHED,11:40 PM,11/16/2012,Y,74,11,10,14,8,5,4,1,64,54,1,5,1,21,21,227,22,30.27453918,-97.73513609,,NA,NA,NA,1383,NA,NA,NA,NA,NA,,NA,NA,N/A,NA,NA,NA,NA,Y,N,N,2,9,Y,FRI,NA,NA,NA,NA,NA,NA,NA,NA,NA,NA,NA,NA,NA,NA,NA,NA,NA,NA,NA,NA,NA,NA,NA,NA,NA,NA,NA,NA,NA,NA,NA,NA,NA,NA,NA,NA,NA,NA,NA,NA,NA,NA,NA,NA,NA,NA,NA,NA,NA,NA,NA,NA,NA,NA,NA,0,1,0,1,0,1,0,90,130023501,1300235011,22,Yes
RED RIVER ST,AUS_1281870421,737,67,48,453,700,1,4.85E+11,1500US484530007001,Block Group 1,G5030,S,1615130,0,30.2777004,-97.7411232,12818704,AUS_12818704,30.27559,-97.73482,2,1,3,16,2,28,1,1,4,11,1,4,N,4,NA,NA,4,97,97,,,0,1,0,0,0,1,0,N,N,N,N,N,N,N,7/23/2012,7:41 AM,227,22,N,N,30.1632,-97.44884,19,NA,,1,1500,,RED RIVER,ST,N,N,30,N,N,,Y,19,NA,,1,400,E,15TH,ST,NA,NA,,,,NA,11,1,4,NA,1,1,5,7:43 AM,CITIZEN REPORT,7:51 AM,7/23/2012,Y,10000,NA,30,115,8,5,1,3,64,54,1,5,1,21,21,227,22,30.27559,-97.73482,,NA,NA,NA,1501,NA,NA,NA,NA,NA,,NA,NA,E 15TH ST,NA,NA,NA,NA,Y,N,N,2,9,Y,MON,NA,NA,NA,NA,NA,NA,NA,NA,NA,NA,NA,NA,NA,NA,NA,NA,NA,NA,NA,NA,NA,NA,NA,NA,NA,NA,NA,NA,NA,NA,NA,NA,NA,NA,NA,NA,NA,NA,NA,NA,NA,NA,NA,NA,NA,NA,NA,NA,NA,NA,NA,NA,NA,NA,NA,0,1,0,1,0,1,0,90,128187042,1281870421,22,Yes
RED RIVER ST,AUS_1313806421,651,433,48,453,1100,1,4.85E+11,1500US484530011001,Block Group 1,G5030,S,2044061,66635,30.2687002,-97.7433003,13138064,AUS_13138064,30.26929,-97.73615,2,1,3,16,2,28,1,2,4,11,1,4,N,4,NA,NA,4,97,97,,,0,1,0,0,0,1,0,N,N,N,N,N,N,N,2/7/2013,8:13 AM,227,22,N,N,NA,NA,19,NA,,1,NA,,RED RIVER,ST,N,N,30,N,N,,Y,19,NA,,NA,,E,9TH,ST,NA,NA,,,,NA,12,1,4,NA,1,1,11,8:14 AM,DISPATCH,8:17 AM,2/7/2013,N,74,NA,53,312,8,5,1,2,64,54,1,5,1,21,21,227,22,30.26929,-97.73615,,NA,NA,NA,899,NA,NA,NA,NA,NA,,NA,NA,E 9TH ST,NA,NA,NA,NA,Y,N,N,2,9,Y,THU,NA,NA,NA,NA,NA,NA,NA,NA,NA,NA,NA,NA,NA,NA,NA,NA,NA,NA,NA,NA,NA,NA,NA,NA,NA,NA,NA,NA,NA,NA,NA,NA,NA,NA,NA,NA,NA,NA,NA,NA,NA,NA,NA,NA,NA,NA,NA,NA,NA,NA,NA,NA,NA,NA,NA,0,1,0,0,1,1,0,90,131380642,1313806421,22,Yes
RED RIVER ST,AUS_1306395821,590,433,48,453,1100,1,4.85E+11,1500US484530011001,Block Group 1,G5030,S,2044061,66635,30.2687002,-97.7433003,13063958,AUS_13063958,30.26647757,-97.73719441,2,1,3,16,3,32,1,2,4,11,1,4,N,4,NA,NA,4,97,97,,,0,0,1,0,0,1,0,N,N,N,N,N,N,N,10/26/2012,2:41 AM,227,22,N,Y,NA,NA,19,NA,,1,600,,RED RIVER,,N,N,0,N,N,,Y,19,NA,,NA,600,,RED RIVER,,NA,NA,,,,NA,2,4,0,NA,1,2,5,2:41 AM,VIEWED,2:41 AM,10/26/2012,Y,74,22,115,144,8,5,4,1,64,3,1,5,1,21,21,227,22,30.26647757,-97.73719441,,NA,NA,NA,598,NA,NA,NA,NA,NA,,NA,NA,N/A,NA,NA,NA,NA,Y,N,N,3,9,Y,FRI,NA,NA,NA,NA,NA,NA,NA,NA,NA,NA,NA,NA,NA,NA,NA,NA,NA,NA,NA,NA,NA,NA,NA,NA,NA,NA,NA,NA,NA,NA,NA,NA,NA,NA,NA,NA,NA,NA,NA,NA,NA,NA,NA,NA,NA,NA,NA,NA,NA,NA,NA,NA,NA,NA,NA,0,0,1,2,0,1,0,90,130639582,1306395821,22,Yes
RED RIVER ST,AUS_1392217121,474,446,48,453,1100,2,4.85E+11,1500US484530011002,Block Group 2,G5030,S,393596,172901,30.2590809,-97.73992,13922171,AUS_13922171,30.2618,-97.73889,2,1,3,16,2,NA,2,1,4,11,1,2,N,4,NA,NA,4,97,97,,,0,1,0,0,0,1,0,N,N,N,N,N,N,N,7/1/2014,3:51 PM,227,22,N,N,NA,NA,19,NA,,1,NA,,RED RIVER ST,ST,N,N,35,N,N,,Y,19,NA,,1,,,E CESAR CHAVEZ ST,ST,NA,NA,,,,NA,11,1,4,NA,1,1,5,3:51 PM,DISPATCH,3:55 PM,7/1/2014,Y,74,36,67,282,8,5,1,1,64,3,1,5,1,21,21,227,22,30.2618,-97.73889,,NA,NA,NA,101,NA,NA,NA,NA,NA,,NA,NA,CESAR CHAVEZ ST E,NA,NA,NA,NA,Y,N,N,1,9,Y,TUE,NA,NA,NA,NA,NA,NA,NA,NA,NA,NA,NA,NA,NA,NA,NA,NA,NA,NA,NA,NA,NA,NA,NA,NA,NA,NA,NA,NA,NA,NA,NA,NA,NA,NA,NA,NA,NA,NA,NA,NA,NA,NA,NA,NA,NA,NA,NA,NA,NA,NA,NA,NA,NA,NA,NA,1,1,0,1,0,2,0,90,139221712,1392217121,22,Yes
RED RIVER ST,AUS_1237903811,775,67,48,453,700,1,4.85E+11,1500US484530007001,Block Group 1,G5030,S,1615130,0,30.2777004,-97.7411232,12379038,AUS_12379038,30.27896,-97.73217,1,1,3,16,2,29,1,1,4,11,2,4,N,4,NA,NA,4,97,97,,,0,1,0,0,0,1,0,N,N,N,N,N,N,N,10/20/2011,10:17 PM,227,22,N,Y,NA,NA,19,NA,,1,1900,,RED RIVER,,N,N,40,N,N,,Y,19,NA,,NA,1000,E,MLK,,NA,NA,,,,NA,11,4,4,NA,1,1,5,10:17 PM,DISPATCH,10:19 PM,10/20/2011,Y,74,11,10,14,8,5,2,1,64,54,1,5,1,21,21,227,22,30.27896,-97.73217,,NA,NA,NA,NA,NA,NA,NA,NA,NA,,NA,NA,UNKNOWN,NA,NA,NA,NA,Y,N,N,2,9,Y,THU,NA,NA,NA,NA,NA,NA,NA,NA,NA,NA,NA,NA,NA,NA,NA,NA,NA,NA,NA,NA,NA,NA,NA,NA,NA,NA,NA,NA,NA,NA,NA,NA,NA,NA,NA,NA,NA,NA,NA,NA,NA,NA,NA,NA,NA,NA,NA,NA,NA,NA,NA,NA,NA,NA,NA,0,1,0,1,0,1,0,90,123790381,1237903811,22,Yes
RED RIVER ST,AUS_1204347421,1019,380,48,453,304,1,4.85E+11,1500US484530003041,Block Group 1,G5030,S,592215,0,30.3082262,-97.7144996,12043474,AUS_12043474,30.30619,-97.71873,2,1,3,16,2,41,0,1,4,11,1,3,N,4,NA,NA,4,97,97,,,0,1,0,0,0,1,0,N,N,N,N,N,N,N,4/13/2011,7:47 AM,227,22,N,N,NA,NA,19,NA,,1,4500,,RED RIVER,ST,N,N,35,N,N,,Y,19,NA,,1,800,E,46TH,ST,NA,NA,,,,NA,11,1,0,NA,1,1,1,7:47 AM,DISPATCH,7:49 AM,4/13/2011,Y,74,22,120,14,8,5,1,3,64,54,1,5,1,21,21,227,22,30.30619,-97.71873,,NA,NA,NA,4599,NA,NA,NA,NA,NA,,NA,NA,E 46TH ST,NA,NA,NA,NA,Y,N,N,2,9,Y,WED,NA,NA,NA,NA,NA,NA,NA,NA,NA,NA,NA,NA,NA,NA,NA,NA,NA,NA,NA,NA,NA,NA,NA,NA,NA,NA,NA,NA,NA,NA,NA,NA,NA,NA,NA,NA,NA,NA,NA,NA,NA,NA,NA,NA,NA,NA,NA,NA,NA,NA,NA,NA,NA,NA,NA,0,1,0,1,0,1,0,90,120434742,1204347421,22,Yes
RED RIVER ST,AUS_1447721721,941,65,48,453,401,2,4.85E+11,1500US484530004012,Block Group 2,G5030,S,1342888,0,30.2880599,-97.7281679,14477217,AUS_14477217,30.29560477,-97.72339247,2,1,3,16,5,39,2,1,4,11,1,4,N,4,NA,NA,4,97,97,,,0,0,0,1,0,0,0,N,N,N,N,N,N,N,6/7/2015,10:31 AM,227,22,N,N,NA,NA,19,NA,,1,3800,,RED RIVER,ST,N,N,35,N,N,,Y,19,NA,,1,,E,38TH,ST,NA,NA,,,,NA,11,1,4,NA,1,1,8,10:31 AM,DISPATCH,10:38 AM,6/7/2015,Y,74,NA,NA,10,8,5,1,2,64,54,1,5,1,21,21,227,22,30.29560477,-97.72339247,,NA,NA,NA,NA,NA,NA,NA,NA,NA,,NA,NA,E 38TH ST,NA,NA,NA,NA,N,N,N,5,9,Y,SUN,NA,NA,NA,NA,NA,NA,NA,NA,NA,NA,NA,NA,NA,NA,NA,NA,NA,NA,NA,NA,NA,NA,NA,NA,NA,NA,NA,NA,NA,NA,NA,NA,NA,NA,NA,NA,NA,NA,NA,NA,NA,NA,NA,NA,NA,NA,NA,NA,NA,NA,NA,NA,NA,NA,NA,0,0,0,2,0,0,0,90,NA,NA,22,Yes
RED RIVER ST,AUS_1324699521,896,65,48,453,401,2,4.85E+11,1500US484530004012,Block Group 2,G5030,S,1342888,0,30.2880599,-97.7281679,13246995,AUS_13246995,30.29116411,-97.72706263,2,1,3,16,2,27,1,1,4,11,1,2,N,4,NA,NA,4,97,97,,,0,1,0,0,0,1,0,N,N,N,N,N,N,N,4/23/2013,9:06 AM,227,22,N,Y,NA,NA,19,NA,,1,3200,,RED RIVER,ST,N,N,35,N,N,,N,19,NA,,NA,,E,32ND,ST,NA,NA,,,,NA,11,1,98,NA,2,1,16,9:06 AM,DISPATCH,9:11 AM,4/23/2013,Y,74,NA,NA,187,8,5,3,3,64,14,1,5,1,32,21,227,22,30.29116411,-97.72706263,,NA,NA,NA,3215,NA,NA,NA,NA,NA,,NA,NA,N/A,NA,NA,NA,NA,Y,N,N,2,9,Y,TUE,NA,NA,NA,NA,NA,NA,NA,NA,NA,NA,NA,NA,NA,NA,NA,NA,NA,NA,NA,NA,NA,NA,NA,NA,NA,NA,NA,NA,NA,NA,NA,NA,NA,NA,NA,NA,NA,NA,NA,NA,NA,NA,NA,NA,NA,NA,NA,NA,NA,NA,NA,NA,NA,NA,NA,0,1,0,1,0,1,0,90,132469952,1324699521,22,Yes
RED RIVER ST,AUS_1219766921,774,67,48,453,700,1,4.85E+11,1500US484530007001,Block Group 1,G5030,S,1615130,0,30.2777004,-97.7411232,12197669,AUS_12197669,30.27895182,-97.73218273,2,1,3,16,2,30,1,2,4,11,1,4,N,4,NA,NA,4,97,97,,,0,1,0,0,0,1,0,N,N,N,N,N,N,N,7/17/2011,2:45 AM,227,22,N,N,NA,NA,19,NA,,1,1800,,RED RIVER,ST,N,N,35,N,N,,N,19,NA,,1,,E,MARTIN LUTHER KING,BLVD,NA,NA,,,,NA,11,4,4,NA,2,1,5,12:34 PM,RADIO/MDC,12:40 PM,7/17/2011,Y,74,NA,NA,187,8,5,2,1,64,54,1,5,1,21,21,227,22,30.27895182,-97.73218273,,NA,NA,NA,1898,NA,NA,NA,NA,NA,,NA,NA,E MARTIN LUTHER KING JR BLVD,NA,NA,NA,NA,Y,N,N,2,9,Y,SUN,NA,NA,NA,NA,NA,NA,NA,NA,NA,NA,NA,NA,NA,NA,NA,NA,NA,NA,NA,NA,NA,NA,NA,NA,NA,NA,NA,NA,NA,NA,NA,NA,NA,NA,NA,NA,NA,NA,NA,NA,NA,NA,NA,NA,NA,NA,NA,NA,NA,NA,NA,NA,NA,NA,NA,0,1,0,0,1,1,0,90,121976692,1219766921,22,Yes
RED RIVER ST,AUS_1229105021,958,47,48,453,302,5,4.85E+11,1500US484530003025,Block Group 5,G5030,S,709657,0,30.3018016,-97.7277848,12291050,AUS_12291050,30.29859,-97.72268,2,1,3,16,2,26,1,2,4,11,1,5,N,4,NA,NA,4,97,97,,,0,1,0,0,0,1,0,N,N,N,N,N,N,N,9/26/2011,8:56 PM,227,22,N,N,NA,NA,19,NA,,1,NA,,RED RIVER,,N,N,35,N,N,,Y,19,NA,,NA,,,40TH,ST,NA,NA,,,,NA,11,4,2,NA,1,1,8,8:58 PM,DISPATCH,9:06 PM,9/26/2011,Y,74,22,120,14,8,5,1,1,64,47,1,5,1,21,21,227,22,30.29859,-97.72268,,NA,NA,NA,3999,NA,NA,NA,NA,NA,,NA,NA,UNKNOWN,NA,NA,NA,NA,Y,N,N,2,9,Y,MON,NA,NA,NA,NA,NA,NA,NA,NA,NA,NA,NA,NA,NA,NA,NA,NA,NA,NA,NA,NA,NA,NA,NA,NA,NA,NA,NA,NA,NA,NA,NA,NA,NA,NA,NA,NA,NA,NA,NA,NA,NA,NA,NA,NA,NA,NA,NA,NA,NA,NA,NA,NA,NA,NA,NA,0,1,0,1,0,1,0,90,122910502,1229105021,22,Yes
RED RIVER ST,AUS_1188575821,1013,337,48,453,302,4,4.85E+11,1500US484530003024,Block Group 4,G5030,S,488686,0,30.2997306,-97.7195394,11885758,AUS_11885758,30.30481,-97.71961,2,1,3,16,2,22,4,1,4,11,1,4,N,4,NA,NA,4,97,97,,,0,1,0,0,0,1,0,N,N,N,N,N,N,N,1/19/2011,9:40 PM,227,22,N,N,NA,NA,19,NA,,1,4400,,RED RIVER,ST,N,N,30,N,N,,Y,19,NA,,1,900,E,45TH,ST,NA,NA,,,,NA,11,4,4,NA,1,1,5,9:41 PM,DISPATCH,9:46 PM,1/19/2011,Y,74,NA,NA,NA,8,5,2,2,64,54,1,5,1,21,21,227,22,30.30481,-97.71961,,NA,NA,NA,4501,NA,NA,NA,NA,NA,,NA,NA,E 45TH ST,NA,NA,NA,NA,Y,N,N,2,9,Y,WED,NA,NA,NA,NA,NA,NA,NA,NA,NA,NA,NA,NA,NA,NA,NA,NA,NA,NA,NA,NA,NA,NA,NA,NA,NA,NA,NA,NA,NA,NA,NA,NA,NA,NA,NA,NA,NA,NA,NA,NA,NA,NA,NA,NA,NA,NA,NA,NA,NA,NA,NA,NA,NA,NA,NA,0,1,0,1,0,1,0,90,118857582,1188575821,22,Yes
RED RIVER ST,AUS_1198499821,618,433,48,453,1100,1,4.85E+11,1500US484530011001,Block Group 1,G5030,S,2044061,66635,30.2687002,-97.7433003,11984998,AUS_11984998,30.2672431,-97.73692849,2,1,3,16,3,24,1,1,4,11,1,4,N,4,NA,NA,4,97,97,,,0,0,1,0,0,1,0,N,N,N,N,N,N,N,3/16/2011,2:47 AM,227,22,N,Y,NA,NA,19,NA,,1,600,,RED RIVER,ST,N,N,30,N,N,,N,19,NA,,1,,E,7TH,ST,NA,NA,,,,NA,12,4,0,NA,1,1,5,2:47 AM,FLAGGED DOWN,2:47 AM,3/16/2011,Y,74,NA,115,144,8,5,4,1,64,54,1,5,1,21,21,227,22,30.2672431,-97.73692849,,NA,NA,NA,660,NA,NA,NA,NA,NA,,NA,NA,N/A,NA,NA,NA,NA,Y,N,N,3,9,Y,WED,NA,NA,NA,NA,NA,NA,NA,NA,NA,NA,NA,NA,NA,NA,NA,NA,NA,NA,NA,NA,NA,NA,NA,NA,NA,NA,NA,NA,NA,NA,NA,NA,NA,NA,NA,NA,NA,NA,NA,NA,NA,NA,NA,NA,NA,NA,NA,NA,NA,NA,NA,NA,NA,NA,NA,0,0,3,1,0,3,0,90,119849982,1198499821,22,Yes
RED RIVER ST,AUS_1292612421,944,47,48,453,302,5,4.85E+11,1500US484530003025,Block Group 5,G5030,S,709657,0,30.3018016,-97.7277848,12926124,AUS_12926124,30.29581001,-97.7233,2,1,3,16,2,17,1,1,4,11,1,2,N,4,NA,NA,4,97,97,,,0,1,0,0,0,1,0,N,N,N,N,N,N,N,9/28/2012,5:17 PM,227,22,N,N,NA,NA,19,NA,,1,3800,,RED RIVER,ST,N,N,30,N,N,,N,19,NA,,NA,800,E,38 12,ST,NA,NA,,,,NA,12,1,4,NA,1,1,1,5:17 PM,DISPATCH,5:27 PM,9/28/2012,Y,74,NA,NA,125,8,5,4,1,64,7,1,5,1,21,21,227,22,30.29581001,-97.7233,,NA,NA,NA,3800,NA,NA,NA,NA,NA,,NA,NA,N/A,NA,NA,NA,NA,Y,N,N,2,9,Y,FRI,NA,NA,NA,NA,NA,NA,NA,NA,NA,NA,NA,NA,NA,NA,NA,NA,NA,NA,NA,NA,NA,NA,NA,NA,NA,NA,NA,NA,NA,NA,NA,NA,NA,NA,NA,NA,NA,NA,NA,NA,NA,NA,NA,NA,NA,NA,NA,NA,NA,NA,NA,NA,NA,NA,NA,0,1,0,1,0,1,0,90,129261242,1292612421,22,Yes