Street_Name,Crash_UP_ID,FID,FID_Austin,STATEFP,COUNTYFP,TRACTCE,BLKGRPCE,GEOID1,GEOID,NAMELSAD,MTFCC,FUNCSTAT,ALAND,AWATER,INTPTLAT,INTPTLON,CrashID,CrashID1,Latitude,Longitude,Unit_Nbr,Prsn_Nbr,Prsn_Type_ID,Prsn_Occpnt_Pos_ID,Prsn_Injry_Sev_ID,Prsn_Age,Prsn_Ethnicity_ID,Prsn_Gndr_ID,Prsn_Ejct_ID,Prsn_Rest_ID,Prsn_Airbag_ID,Prsn_Helmet_ID,Prsn_Sol_Fl,Prsn_Alc_Spec_Type_ID,Prsn_Alc_Rslt_ID,Prsn_Bac_Test_Rslt,Prsn_Drg_Spec_Type_ID,Prsn_Drg_Rslt_ID,Drvr_Drg_Cat_1_ID,Prsn_Death_Date,Prsn_Death_Time,Incap_Injry_Cnt.x,Nonincap_Injry_Cnt.x,Poss_Injry_Cnt.x,Non_Injry_Cnt.x,Unkn_Injry_Cnt.x,Tot_Injry_Cnt.x,Death_Cnt.x,Crash_Fatal_Fl,Cmv_Involv_Fl,Schl_Bus_Fl,Rr_Relat_Fl,Medical_Advisory_Fl,Amend_Supp_Fl,Active_School_Zone_Fl,Crash_Date,Crash_Time,Rpt_CRIS_Cnty_ID,Rpt_City_ID,Rpt_Outside_City_Limit_Fl,Thousand_Damage_Fl,Rpt_Latitude,Rpt_Longitude,Rpt_Rdwy_Sys_ID,Rpt_Hwy_Num,Rpt_Hwy_Sfx,Rpt_Road_Part_ID,Rpt_Block_Num,Rpt_Street_Pfx,Rpt_Street_Name,Rpt_Street_Sfx,Private_Dr_Fl,Toll_Road_Fl,Crash_Speed_Limit,Road_Constr_Zone_Fl,Road_Constr_Zone_Wrkr_Fl,Rpt_Street_Desc,At_Intrsct_Fl,Rpt_Sec_Rdwy_Sys_ID,Rpt_Sec_Hwy_Num,Rpt_Sec_Hwy_Sfx,Rpt_Sec_Road_Part_ID,Rpt_Sec_Block_Num,Rpt_Sec_Street_Pfx,Rpt_Sec_Street_Name,Rpt_Sec_Street_Sfx,Rpt_Ref_Mark_Offset_Amt,Rpt_Ref_Mark_Dist_Uom,Rpt_Ref_Mark_Dir,Rpt_Ref_Mark_Nbr,Rpt_Sec_Street_Desc,Rpt_CrossingNumber,Wthr_Cond_ID,Light_Cond_ID,Entr_Road_ID,Road_Type_ID,Road_Algn_ID,Surf_Cond_ID,Traffic_Cntl_ID,Investigat_Notify_Time,Investigat_Notify_Meth,Investigat_Arrv_Time,Report_Date,Investigat_Comp_Fl,Investigat_Agency_ID,Investigat_Area_ID,Investigat_District_ID,Investigat_Region_ID,Bridge_Detail_ID,Harm_Evnt_ID,Intrsct_Relat_ID,FHE_Collsn_ID,Obj_Struck_ID,Othr_Factr_ID,Road_Part_Adj_ID,Road_Cls_ID,Road_Relat_ID,Phys_Featr_1_ID,Phys_Featr_2_ID,Cnty_ID,City_ID,Latitude.1,Longitude.1,Hwy_Sys,Hwy_Nbr,Hwy_Sfx,Dfo,Street_Nbr,Control,Section,Milepoint,Ref_Mark_Nbr,Ref_Mark_Displ,Hwy_Sys_2,Hwy_Nbr_2,Hwy_Sfx_2,Street_Name_2,Street_Nbr_2,Control_2,Section_2,Milepoint_2,Txdot_Rptable_Fl,Onsys_Fl,Rural_Fl,Crash_Sev_ID,Pop_Group_ID,Located_Fl,Day_of_Week,Hwy_Dsgn_Lane_ID,Hwy_Dsgn_Hrt_ID,Hp_Shldr_Left,Hp_Shldr_Right,Hp_Median_Width,Base_Type_ID,Nbr_Of_Lane,Row_Width_Usual,Roadbed_Width,Surf_Width,Surf_Type_ID,Curb_Type_Left_ID,Curb_Type_Right_ID,Shldr_Type_Left_ID,Shldr_Width_Left,Shldr_Use_Left_ID,Shldr_Type_Right_ID,Shldr_Width_Right,Shldr_Use_Right_ID,Median_Type_ID,Median_Width,Rural_Urban_Type_ID,Func_Sys_ID,Adt_Curnt_Amt,Adt_Curnt_Year,Adt_Adj_Curnt_Amt,Pct_Single_Trk_Adt,Pct_Combo_Trk_Adt,Trk_Aadt_Pct,Curve_Type_ID,Curve_Lngth,Cd_Degr,Delta_Left_Right_ID,Dd_Degr,Feature_Crossed,Structure_Number,I_R_Min_Vert_Clear,Approach_Width,Bridge_Median_ID,Bridge_Loading_Type_ID,Bridge_Loading_In_1000_Lbs,Bridge_Srvc_Type_On_ID,Bridge_Srvc_Type_Under_ID,Culvert_Type_ID,Roadway_Width,Deck_Width,Bridge_Dir_Of_Traffic_ID,Bridge_Rte_Struct_Func_ID,Bridge_IR_Struct_Func_ID,CrossingNumber,RRCo,Poscrossing_ID,WDCode_ID,Standstop,Yield,Incap_Injry_Cnt.y,Nonincap_Injry_Cnt.y,Poss_Injry_Cnt.y,Non_Injry_Cnt.y,Unkn_Injry_Cnt.y,Tot_Injry_Cnt.y,Death_Cnt.y,MPO_ID,Unit_ID,Unit_Prsn_ID,Count,BikePath
S 1ST ST,AUS_1342170321,348,369,48,453,1305,3,4.85E+11,1500US484530013053,Block Group 3,G5030,S,655707,0,30.2452677,-97.7539204,13421703,AUS_13421703,30.24933,-97.75518,2,1,3,16,2,27,1,1,4,11,1,2,N,4,NA,NA,4,97,97,,,0,1,0,0,0,1,0,N,N,N,N,N,N,N,8/15/2013,9:14 PM,227,22,N,Y,NA,NA,19,NA,,1,1600,S,1ST,ST,N,N,35,N,N,,Y,19,NA,,NA,500,W,MONROE,,NA,NA,,,,NA,2,4,5,NA,1,2,20,9:14 PM,DISPATCHED,9:18 PM,8/15/2013,Y,74,17,105,112,8,5,1,3,64,54,1,5,1,21,21,227,22,30.24933,-97.75518,,NA,NA,NA,1601,NA,NA,NA,NA,NA,,NA,NA,W MONROE ST,NA,NA,NA,NA,Y,N,N,2,9,Y,THU,NA,NA,NA,NA,NA,NA,NA,NA,NA,NA,NA,NA,NA,NA,NA,NA,NA,NA,NA,NA,NA,NA,NA,NA,NA,NA,NA,NA,NA,NA,NA,NA,NA,NA,NA,NA,NA,NA,NA,NA,NA,NA,NA,NA,NA,NA,NA,NA,NA,NA,NA,NA,NA,NA,NA,0,2,0,1,0,2,0,90,134217032,1342170321,29,Yes
S 1ST ST,AUS_1357180821,243,373,48,453,1307,3,4.85E+11,1500US484530013073,Block Group 3,G5030,S,691226,0,30.2373994,-97.7683911,13571808,AUS_13571808,30.23675803,-97.7630294,2,1,3,16,3,37,3,1,4,11,1,4,N,4,NA,NA,4,97,97,,,0,0,1,0,0,1,0,N,N,N,N,N,N,N,11/25/2013,1:22 AM,227,22,N,N,NA,NA,19,NA,,1,2900,,S 1ST ST,,N,N,35,N,N,,N,19,NA,,NA,,,EL PASO,ST,NA,NA,,,,NA,2,4,2,NA,1,2,20,1:22 AM,DISPATCH,1:24 AM,11/25/2013,Y,74,1043,93,112,8,5,4,1,64,3,1,5,1,21,21,227,22,30.23675803,-97.7630294,,NA,NA,NA,2807,NA,NA,NA,NA,NA,,NA,NA,N/A,NA,NA,NA,NA,Y,N,N,3,9,Y,MON,NA,NA,NA,NA,NA,NA,NA,NA,NA,NA,NA,NA,NA,NA,NA,NA,NA,NA,NA,NA,NA,NA,NA,NA,NA,NA,NA,NA,NA,NA,NA,NA,NA,NA,NA,NA,NA,NA,NA,NA,NA,NA,NA,NA,NA,NA,NA,NA,NA,NA,NA,NA,NA,NA,NA,0,0,1,2,0,1,0,90,135718082,1357180821,29,Yes
S 1ST ST,AUS_1276093121,448,450,48,453,1305,1,4.85E+11,1500US484530013051,Block Group 1,G5030,S,1106325,65346,30.2582419,-97.7524205,12760931,AUS_12760931,30.26029,-97.74964,2,1,3,16,2,24,0,1,4,11,1,4,N,4,NA,NA,4,97,97,,,0,1,0,0,0,1,0,N,N,N,N,N,N,N,6/15/2012,10:23 PM,227,22,N,Y,NA,NA,19,NA,,1,300,S,1ST,ST,N,N,35,N,N,,Y,19,NA,,1,600,W,RIVERSIDE,DR,NA,NA,,,,NA,11,4,4,NA,1,1,5,10:23 PM,ARRIVED ON SCENE,10:23 PM,6/15/2012,Y,74,NA,105,112,8,5,1,3,64,54,1,5,1,21,21,227,22,30.26029,-97.74964,,NA,NA,NA,NA,NA,NA,NA,NA,NA,,NA,NA,W RIVERSIDE DR,NA,NA,NA,NA,Y,N,N,2,9,Y,FRI,NA,NA,NA,NA,NA,NA,NA,NA,NA,NA,NA,NA,NA,NA,NA,NA,NA,NA,NA,NA,NA,NA,NA,NA,NA,NA,NA,NA,NA,NA,NA,NA,NA,NA,NA,NA,NA,NA,NA,NA,NA,NA,NA,NA,NA,NA,NA,NA,NA,NA,NA,NA,NA,NA,NA,0,1,0,1,0,1,0,90,127609312,1276093121,29,Yes
S 1ST ST,AUS_1192097421,418,450,48,453,1305,1,4.85E+11,1500US484530013051,Block Group 1,G5030,S,1106325,65346,30.2582419,-97.7524205,11920974,AUS_11920974,30.25842,-97.75011,2,1,3,16,5,21,1,1,4,11,1,4,N,4,NA,NA,4,97,97,,,0,0,0,1,0,0,0,N,N,N,N,N,N,N,2/15/2011,5:17 PM,227,22,N,N,NA,NA,19,NA,,1,NA,S,1ST,ST,N,N,35,N,N,,Y,19,NA,,1,,,BARTON SPRINGS,RD,NA,NA,,,,NA,11,1,4,NA,1,1,5,5:23 PM,DISPATCH,5:29 PM,2/15/2011,Y,74,12,105,112,8,5,2,2,64,54,1,5,1,21,21,227,22,30.25842,-97.75011,,NA,NA,NA,501,NA,NA,NA,NA,NA,,NA,NA,BARTON SPRINGS RD,NA,NA,NA,NA,N,N,N,5,9,Y,TUE,NA,NA,NA,NA,NA,NA,NA,NA,NA,NA,NA,NA,NA,NA,NA,NA,NA,NA,NA,NA,NA,NA,NA,NA,NA,NA,NA,NA,NA,NA,NA,NA,NA,NA,NA,NA,NA,NA,NA,NA,NA,NA,NA,NA,NA,NA,NA,NA,NA,NA,NA,NA,NA,NA,NA,0,0,0,2,0,0,0,90,119209742,1192097421,29,Yes
S 1ST ST,AUS_1312015121,148,20,48,453,2003,1,4.85E+11,1500US484530020031,Block Group 1,G5030,S,1127518,0,30.2190477,-97.7782358,13120151,AUS_13120151,30.22236022,-97.77209511,2,1,3,16,2,15,2,1,4,11,1,4,N,4,NA,NA,4,97,97,,,0,1,0,0,0,1,0,N,N,N,N,N,N,N,2/1/2013,12:25 PM,227,22,N,N,NA,NA,19,NA,,1,4300,S,1ST,ST,N,N,0,N,N,,Y,19,NA,,NA,600,E,ST ELMO,RD,NA,NA,,,,NA,11,1,4,NA,3,1,15,12:25 PM,DISPATCHED,12:25 PM,2/1/2013,Y,74,17,105,112,8,5,1,1,64,3,1,5,1,21,21,227,22,30.22236022,-97.77209511,,NA,NA,NA,4300,NA,NA,NA,NA,NA,,NA,NA,UNKNOWN,NA,NA,NA,NA,Y,N,N,2,9,Y,FRI,NA,NA,NA,NA,NA,NA,NA,NA,NA,NA,NA,NA,NA,NA,NA,NA,NA,NA,NA,NA,NA,NA,NA,NA,NA,NA,NA,NA,NA,NA,NA,NA,NA,NA,NA,NA,NA,NA,NA,NA,NA,NA,NA,NA,NA,NA,NA,NA,NA,NA,NA,NA,NA,NA,NA,0,1,0,1,0,1,0,90,131201512,1312015121,29,Yes
S 1ST ST,AUS_1423891321,76,282,48,453,2402,2,4.85E+11,1500US484530024022,Block Group 2,G5030,S,791124,0,30.202511,-97.779861,14238913,AUS_14238913,30.20077962,-97.78549596,2,1,3,16,1,62,2,1,4,11,1,97,N,4,NA,NA,4,97,97,,,1,0,0,0,0,1,0,N,N,N,N,N,N,N,12/12/2014,5:50 PM,227,22,N,N,NA,NA,19,NA,,1,6300,S,S 1ST,ST,N,N,30,N,N,,N,19,NA,,1,700,,EBERHART,LN,NA,NA,,,,NA,11,5,0,NA,1,1,1,5:50 PM,DISPATCHED,5:52 PM,12/12/2014,Y,74,1042,99,130,8,5,3,2,64,13,1,5,1,32,21,227,22,30.20077962,-97.78549596,,NA,NA,NA,6361,NA,NA,NA,NA,NA,,NA,NA,N/A,NA,NA,NA,NA,Y,N,N,1,9,Y,FRI,NA,NA,NA,NA,NA,NA,NA,NA,NA,NA,NA,NA,NA,NA,NA,NA,NA,NA,NA,NA,NA,NA,NA,NA,NA,NA,NA,NA,NA,NA,NA,NA,NA,NA,NA,NA,NA,NA,NA,NA,NA,NA,NA,NA,NA,NA,NA,NA,NA,NA,NA,NA,NA,NA,NA,1,0,0,1,0,1,0,90,142389132,1423891321,29,Yes
S 1ST ST,AUS_1363741131,367,450,48,453,1305,1,4.85E+11,1500US484530013051,Block Group 1,G5030,S,1106325,65346,30.2582419,-97.7524205,13637411,AUS_13637411,30.25261139,-97.75368516,3,1,3,16,3,NA,1,1,4,11,1,3,N,4,NA,NA,4,97,97,,,0,0,1,0,0,1,0,N,N,N,N,N,N,N,9/29/2013,9:28 PM,227,22,N,N,NA,NA,19,NA,,1,1100,NW,1100 S 1ST STREET,ST,N,N,35,N,N,1100 S. 1ST STREET,Y,19,NA,,1,,NW,1100 S 1ST STREET,ST,NA,NA,,,,NA,11,4,98,NA,1,1,11,9:28 PM,DISPATCH,9:33 PM,9/29/2013,N,74,1043,93,112,8,5,2,1,64,54,1,5,1,21,21,227,22,30.25261139,-97.75368516,,NA,NA,NA,1184,NA,NA,NA,NA,NA,,NA,NA,UNKNOWN,NA,NA,NA,NA,Y,N,N,3,9,Y,SUN,NA,NA,NA,NA,NA,NA,NA,NA,NA,NA,NA,NA,NA,NA,NA,NA,NA,NA,NA,NA,NA,NA,NA,NA,NA,NA,NA,NA,NA,NA,NA,NA,NA,NA,NA,NA,NA,NA,NA,NA,NA,NA,NA,NA,NA,NA,NA,NA,NA,NA,NA,NA,NA,NA,NA,0,0,2,0,1,2,0,90,136374113,1363741131,29,Yes
S 1ST ST,AUS_1355904421,37,510,48,453,2422,3,4.85E+11,1500US484530024223,Block Group 3,G5030,S,1656202,0,30.1802663,-97.7895956,13559044,AUS_13559044,30.1839,-97.79262,2,1,3,16,2,29,1,1,4,11,1,4,N,4,NA,NA,4,97,97,,,0,1,0,0,0,1,0,N,N,N,N,N,N,N,11/2/2013,5:45 PM,227,22,N,N,NA,NA,19,NA,,1,7814,S,1ST ST,ST,N,N,35,N,N,,Y,19,NA,,1,,,W DITTMAR,,NA,NA,,,,NA,11,1,4,NA,1,1,5,5:58 PM,DISPATCH,5:58 PM,11/2/2013,Y,74,1042,99,130,8,5,2,2,64,3,1,5,1,21,21,227,22,30.1839,-97.79262,,NA,NA,NA,7899,NA,NA,NA,NA,NA,,NA,NA,W DITTMAR RD,NA,NA,NA,NA,Y,N,N,2,9,Y,SAT,NA,NA,NA,NA,NA,NA,NA,NA,NA,NA,NA,NA,NA,NA,NA,NA,NA,NA,NA,NA,NA,NA,NA,NA,NA,NA,NA,NA,NA,NA,NA,NA,NA,NA,NA,NA,NA,NA,NA,NA,NA,NA,NA,NA,NA,NA,NA,NA,NA,NA,NA,NA,NA,NA,NA,0,1,0,1,0,1,0,90,135590442,1355904421,29,Yes
S 1ST ST,AUS_1425346421,208,374,48,453,1308,2,4.85E+11,1500US484530013082,Block Group 2,G5030,S,175368,0,30.2313836,-97.7620296,14253464,AUS_14253464,30.23243479,-97.76571246,2,1,3,16,0,NA,0,0,4,11,1,5,N,4,NA,NA,4,97,97,,,0,0,0,0,1,0,0,N,N,N,N,N,N,N,1/26/2015,10:47 AM,227,22,N,N,NA,NA,19,NA,,1,3300,S,1ST,ST,N,N,35,N,N,,Y,19,NA,,1,500,,LIGHTSEY,RD,NA,NA,,,,NA,11,1,2,NA,2,1,5,10:30 AM,DISPATCH,10:35 AM,1/26/2015,Y,74,NA,NA,93,8,5,1,1,64,54,1,5,1,21,21,227,22,30.23243479,-97.76571246,,NA,NA,NA,3301,NA,NA,NA,NA,NA,,NA,NA,LIGHTSEY RD,NA,NA,NA,NA,N,N,N,5,9,Y,MON,NA,NA,NA,NA,NA,NA,NA,NA,NA,NA,NA,NA,NA,NA,NA,NA,NA,NA,NA,NA,NA,NA,NA,NA,NA,NA,NA,NA,NA,NA,NA,NA,NA,NA,NA,NA,NA,NA,NA,NA,NA,NA,NA,NA,NA,NA,NA,NA,NA,NA,NA,NA,NA,NA,NA,0,0,0,2,1,0,0,90,NA,NA,29,Yes
S 1ST ST,AUS_1235764521,354,370,48,453,1305,4,4.85E+11,1500US484530013054,Block Group 4,G5030,S,701550,0,30.2533559,-97.758127,12357645,AUS_12357645,30.25002,-97.75495,2,1,3,16,2,40,2,1,4,11,1,4,N,4,NA,NA,4,97,97,,,0,1,0,0,0,1,0,N,N,N,N,N,N,N,10/11/2011,5:09 PM,227,22,N,N,NA,NA,19,NA,,1,1500,S,1ST,ST,N,N,0,N,N,,Y,19,NA,,1,500,W,ELIZABETH,ST,NA,NA,,,,NA,11,1,0,NA,1,1,8,5:09 PM,DISPATCH,5:13 PM,10/11/2011,Y,74,NA,53,24,8,5,2,2,64,54,1,5,1,21,21,227,22,30.25002,-97.75495,,NA,NA,NA,1501,NA,NA,NA,NA,NA,,NA,NA,W ELIZABETH ST,NA,NA,NA,NA,Y,N,N,2,9,Y,TUE,NA,NA,NA,NA,NA,NA,NA,NA,NA,NA,NA,NA,NA,NA,NA,NA,NA,NA,NA,NA,NA,NA,NA,NA,NA,NA,NA,NA,NA,NA,NA,NA,NA,NA,NA,NA,NA,NA,NA,NA,NA,NA,NA,NA,NA,NA,NA,NA,NA,NA,NA,NA,NA,NA,NA,0,1,0,1,0,1,0,90,123576452,1235764521,29,Yes
S 1ST ST,AUS_1345083121,306,371,48,453,1305,2,4.85E+11,1500US484530013052,Block Group 2,G5030,S,611066,0,30.2461455,-97.762065,13450831,AUS_13450831,30.24448,-97.7577,2,1,3,16,2,32,1,1,4,11,1,1,N,4,NA,NA,4,97,97,,,0,1,0,0,0,1,0,N,N,N,N,N,N,N,10/15/2012,5:38 PM,227,22,N,Y,NA,NA,19,NA,,1,2200,S,1ST,ST,N,N,35,N,N,,Y,19,NA,,NA,,W,LIVE OAK,ST,NA,NA,,,,NA,11,1,4,NA,1,1,5,5:38 PM,DISPATCH,5:43 PM,10/15/2012,Y,74,NA,105,112,8,5,2,1,64,54,1,5,1,21,21,227,22,30.24448,-97.7577,,NA,NA,NA,2199,NA,NA,NA,NA,NA,,NA,NA,W LIVE OAK ST,NA,NA,NA,NA,Y,N,N,2,9,Y,MON,NA,NA,NA,NA,NA,NA,NA,NA,NA,NA,NA,NA,NA,NA,NA,NA,NA,NA,NA,NA,NA,NA,NA,NA,NA,NA,NA,NA,NA,NA,NA,NA,NA,NA,NA,NA,NA,NA,NA,NA,NA,NA,NA,NA,NA,NA,NA,NA,NA,NA,NA,NA,NA,NA,NA,0,1,0,1,0,1,0,90,134508312,1345083121,29,Yes
S 1ST ST,AUS_1270848021,149,20,48,453,2003,1,4.85E+11,1500US484530020031,Block Group 1,G5030,S,1127518,0,30.2190477,-97.7782358,12708480,AUS_12708480,30.22236022,-97.77209511,2,1,3,16,2,21,1,2,4,11,1,2,N,4,NA,NA,4,97,97,,,0,1,0,0,0,1,0,N,N,N,N,N,N,N,4/7/2012,2:02 AM,227,22,N,Y,NA,NA,19,NA,,1,4300,S,1ST,ST,N,N,35,N,N,4 LANE RD WITH LIGHTING,N,19,NA,,1,500,W,ST ELMO,RD,NA,NA,,,2-LANE ROAD,NA,11,4,0,NA,2,1,7,2:02 AM,DISPATCHED,,4/7/2012,Y,74,12,105,112,8,5,4,1,64,54,1,5,1,21,21,227,22,30.22236022,-97.77209511,,NA,NA,NA,4300,NA,NA,NA,NA,NA,,NA,NA,N/A,NA,NA,NA,NA,Y,N,N,2,9,Y,SAT,NA,NA,NA,NA,NA,NA,NA,NA,NA,NA,NA,NA,NA,NA,NA,NA,NA,NA,NA,NA,NA,NA,NA,NA,NA,NA,NA,NA,NA,NA,NA,NA,NA,NA,NA,NA,NA,NA,NA,NA,NA,NA,NA,NA,NA,NA,NA,NA,NA,NA,NA,NA,NA,NA,NA,0,1,0,1,0,1,0,90,127084802,1270848021,29,Yes
S 1ST ST,AUS_1229109721,256,373,48,453,1307,3,4.85E+11,1500US484530013073,Block Group 3,G5030,S,691226,0,30.2373994,-97.7683911,12291097,AUS_12291097,30.23817,-97.76213,2,1,3,16,2,52,1,2,4,11,1,4,N,4,NA,NA,4,97,97,,,0,1,0,0,0,1,0,N,N,N,N,N,N,N,9/13/2011,8:06 AM,227,22,N,Y,NA,NA,19,NA,,1,NA,,CUMBERLANDS 1ST ST,RD,N,N,35,N,N,,Y,19,NA,,NA,,S,1ST,ST,NA,NA,,,,NA,11,1,0,NA,1,1,5,8:06 AM,DISPATCH,8:08 AM,9/13/2011,Y,74,NA,NA,NA,8,5,2,3,64,54,1,5,1,21,21,227,22,30.23817,-97.76213,,NA,NA,NA,2701,NA,NA,NA,NA,NA,,NA,NA,UNKNOWN,NA,NA,NA,NA,Y,N,N,2,9,Y,TUE,NA,NA,NA,NA,NA,NA,NA,NA,NA,NA,NA,NA,NA,NA,NA,NA,NA,NA,NA,NA,NA,NA,NA,NA,NA,NA,NA,NA,NA,NA,NA,NA,NA,NA,NA,NA,NA,NA,NA,NA,NA,NA,NA,NA,NA,NA,NA,NA,NA,NA,NA,NA,NA,NA,NA,0,1,0,1,0,1,0,90,122910972,1229109721,29,Yes
S 1ST ST,AUS_1231599321,353,370,48,453,1305,4,4.85E+11,1500US484530013054,Block Group 4,G5030,S,701550,0,30.2533559,-97.758127,12315993,AUS_12315993,30.25002,-97.75495,2,1,3,16,2,24,1,2,4,11,1,4,N,4,NA,NA,4,97,97,,,0,1,0,0,0,1,0,N,N,N,N,N,N,N,9/13/2011,10:17 PM,227,22,N,N,NA,NA,19,NA,,1,1500,S,1ST,,N,N,35,N,N,,Y,19,NA,,NA,,W,ELIZABETH,,NA,NA,,,,NA,11,3,4,NA,1,1,8,10:17 PM,DISPATCH,10:17 PM,9/13/2011,Y,74,42,93,112,8,5,1,1,64,54,1,5,1,21,21,227,22,30.25002,-97.75495,,NA,NA,NA,1501,NA,NA,NA,NA,NA,,NA,NA,W ELIZABETH ST,NA,NA,NA,NA,Y,N,N,2,9,Y,TUE,NA,NA,NA,NA,NA,NA,NA,NA,NA,NA,NA,NA,NA,NA,NA,NA,NA,NA,NA,NA,NA,NA,NA,NA,NA,NA,NA,NA,NA,NA,NA,NA,NA,NA,NA,NA,NA,NA,NA,NA,NA,NA,NA,NA,NA,NA,NA,NA,NA,NA,NA,NA,NA,NA,NA,0,1,0,2,0,1,0,90,123159932,1231599321,29,Yes
S 1ST ST,AUS_1363741121,368,450,48,453,1305,1,4.85E+11,1500US484530013051,Block Group 1,G5030,S,1106325,65346,30.2582419,-97.7524205,13637411,AUS_13637411,30.25261139,-97.75368516,2,1,3,16,3,22,1,2,4,11,1,3,N,4,NA,NA,4,97,97,,,0,0,1,0,0,1,0,N,N,N,N,N,N,N,9/29/2013,9:28 PM,227,22,N,N,NA,NA,19,NA,,1,1100,NW,1100 S 1ST STREET,ST,N,N,35,N,N,1100 S. 1ST STREET,Y,19,NA,,1,,NW,1100 S 1ST STREET,ST,NA,NA,,,,NA,11,4,98,NA,1,1,11,9:28 PM,DISPATCH,9:33 PM,9/29/2013,N,74,1043,93,112,8,5,2,1,64,54,1,5,1,21,21,227,22,30.25261139,-97.75368516,,NA,NA,NA,1184,NA,NA,NA,NA,NA,,NA,NA,UNKNOWN,NA,NA,NA,NA,Y,N,N,3,9,Y,SUN,NA,NA,NA,NA,NA,NA,NA,NA,NA,NA,NA,NA,NA,NA,NA,NA,NA,NA,NA,NA,NA,NA,NA,NA,NA,NA,NA,NA,NA,NA,NA,NA,NA,NA,NA,NA,NA,NA,NA,NA,NA,NA,NA,NA,NA,NA,NA,NA,NA,NA,NA,NA,NA,NA,NA,0,0,2,0,1,2,0,90,136374112,1363741121,29,Yes
S CONGRESS AVE,AUS_1302083221,144,152,48,453,2003,2,4.85E+11,1500US484530020032,Block Group 2,G5030,S,862608,0,30.2189672,-97.770144,13020832,AUS_13020832,30.22142,-97.76487,2,1,3,16,3,52,1,1,4,11,1,4,N,4,NA,NA,4,97,97,,,0,0,1,0,0,1,0,N,N,N,N,N,N,N,11/28/2012,5:38 PM,227,22,N,N,NA,NA,19,NA,,1,NA,S,CONGRESS,AVE,N,N,35,N,N,,Y,19,NA,,NA,,,RADAM,LN,NA,NA,,,,NA,11,5,2,NA,1,1,5,5:38 PM,DISPATCHED,5:39 PM,11/28/2012,Y,74,68,93,112,8,5,1,1,64,3,1,5,1,21,21,227,22,30.22142,-97.76487,,NA,NA,NA,4151,NA,NA,NA,NA,NA,,NA,NA,RADAM LN,NA,NA,NA,NA,Y,N,N,3,9,Y,WED,NA,NA,NA,NA,NA,NA,NA,NA,NA,NA,NA,NA,NA,NA,NA,NA,NA,NA,NA,NA,NA,NA,NA,NA,NA,NA,NA,NA,NA,NA,NA,NA,NA,NA,NA,NA,NA,NA,NA,NA,NA,NA,NA,NA,NA,NA,NA,NA,NA,NA,NA,NA,NA,NA,NA,0,0,1,1,0,1,0,90,130208322,1302083221,59,No
S CONGRESS AVE,AUS_1191297121,177,375,48,453,1308,3,4.85E+11,1500US484530013083,Block Group 3,G5030,S,498115,0,30.2274839,-97.7651592,11912971,AUS_11912971,30.22806,-97.7612,2,1,3,16,2,27,2,1,4,11,1,4,N,4,NA,NA,4,97,97,,,0,1,0,0,0,1,0,N,N,N,N,N,N,N,2/6/2011,6:30 AM,227,22,N,N,NA,NA,19,NA,,1,3500,S,CONGRESS,AVE,N,N,0,N,N,,Y,19,NA,,1,100,W,ALPINE,RD,NA,NA,,,,NA,11,6,2,NA,1,1,1,6:51 AM,DISPATCH,6:57 AM,2/27/2011,Y,74,NA,NA,153,8,5,1,5,64,54,1,5,1,21,21,227,22,30.22806,-97.7612,,NA,NA,NA,3599,NA,NA,NA,NA,NA,,NA,NA,W ALPINE RD,NA,NA,NA,NA,Y,N,N,2,9,Y,SUN,NA,NA,NA,NA,NA,NA,NA,NA,NA,NA,NA,NA,NA,NA,NA,NA,NA,NA,NA,NA,NA,NA,NA,NA,NA,NA,NA,NA,NA,NA,NA,NA,NA,NA,NA,NA,NA,NA,NA,NA,NA,NA,NA,NA,NA,NA,NA,NA,NA,NA,NA,NA,NA,NA,NA,0,1,0,0,1,1,0,90,119129712,1191297121,59,No
S CONGRESS AVE,AUS_1486166721,390,447,48,453,1401,1,4.85E+11,1500US484530014011,Block Group 1,G5030,S,650840,121283,30.2552815,-97.7457665,14861667,AUS_14861667,30.25584921,-97.74736164,2,1,3,16,1,31,1,1,4,11,1,4,N,4,NA,NA,4,97,97,,,1,0,0,0,0,1,0,N,N,N,N,N,N,Y,12/31/2015,12:31 PM,227,22,N,Y,NA,NA,19,NA,,1,600,S,CONGRESS,AVE,N,N,35,N,N,,N,19,NA,,1,,E,E RIVERSIDE,DR,NA,NA,,,,NA,11,1,0,NA,2,1,11,12:31 PM,DISPATCH,12:31 PM,12/31/2015,Y,74,NA,NA,93,8,5,3,3,64,13,1,5,1,32,21,227,22,30.25584921,-97.74736164,,NA,NA,NA,600,NA,NA,NA,NA,NA,,NA,NA,N/A,NA,NA,NA,NA,Y,N,N,1,9,Y,THU,NA,NA,NA,NA,NA,NA,NA,NA,NA,NA,NA,NA,NA,NA,NA,NA,NA,NA,NA,NA,NA,NA,NA,NA,NA,NA,NA,NA,NA,NA,NA,NA,NA,NA,NA,NA,NA,NA,NA,NA,NA,NA,NA,NA,NA,NA,NA,NA,NA,NA,NA,NA,NA,NA,NA,1,0,0,1,0,1,0,90,NA,NA,59,No