Street_Name,Crash_UP_ID,FID,FID_Austin,STATEFP,COUNTYFP,TRACTCE,BLKGRPCE,GEOID1,GEOID,NAMELSAD,MTFCC,FUNCSTAT,ALAND,AWATER,INTPTLAT,INTPTLON,CrashID,CrashID1,Latitude,Longitude,Unit_Nbr,Prsn_Nbr,Prsn_Type_ID,Prsn_Occpnt_Pos_ID,Prsn_Injry_Sev_ID,Prsn_Age,Prsn_Ethnicity_ID,Prsn_Gndr_ID,Prsn_Ejct_ID,Prsn_Rest_ID,Prsn_Airbag_ID,Prsn_Helmet_ID,Prsn_Sol_Fl,Prsn_Alc_Spec_Type_ID,Prsn_Alc_Rslt_ID,Prsn_Bac_Test_Rslt,Prsn_Drg_Spec_Type_ID,Prsn_Drg_Rslt_ID,Drvr_Drg_Cat_1_ID,Prsn_Death_Date,Prsn_Death_Time,Incap_Injry_Cnt.x,Nonincap_Injry_Cnt.x,Poss_Injry_Cnt.x,Non_Injry_Cnt.x,Unkn_Injry_Cnt.x,Tot_Injry_Cnt.x,Death_Cnt.x,Crash_Fatal_Fl,Cmv_Involv_Fl,Schl_Bus_Fl,Rr_Relat_Fl,Medical_Advisory_Fl,Amend_Supp_Fl,Active_School_Zone_Fl,Crash_Date,Crash_Time,Rpt_CRIS_Cnty_ID,Rpt_City_ID,Rpt_Outside_City_Limit_Fl,Thousand_Damage_Fl,Rpt_Latitude,Rpt_Longitude,Rpt_Rdwy_Sys_ID,Rpt_Hwy_Num,Rpt_Hwy_Sfx,Rpt_Road_Part_ID,Rpt_Block_Num,Rpt_Street_Pfx,Rpt_Street_Name,Rpt_Street_Sfx,Private_Dr_Fl,Toll_Road_Fl,Crash_Speed_Limit,Road_Constr_Zone_Fl,Road_Constr_Zone_Wrkr_Fl,Rpt_Street_Desc,At_Intrsct_Fl,Rpt_Sec_Rdwy_Sys_ID,Rpt_Sec_Hwy_Num,Rpt_Sec_Hwy_Sfx,Rpt_Sec_Road_Part_ID,Rpt_Sec_Block_Num,Rpt_Sec_Street_Pfx,Rpt_Sec_Street_Name,Rpt_Sec_Street_Sfx,Rpt_Ref_Mark_Offset_Amt,Rpt_Ref_Mark_Dist_Uom,Rpt_Ref_Mark_Dir,Rpt_Ref_Mark_Nbr,Rpt_Sec_Street_Desc,Rpt_CrossingNumber,Wthr_Cond_ID,Light_Cond_ID,Entr_Road_ID,Road_Type_ID,Road_Algn_ID,Surf_Cond_ID,Traffic_Cntl_ID,Investigat_Notify_Time,Investigat_Notify_Meth,Investigat_Arrv_Time,Report_Date,Investigat_Comp_Fl,Investigat_Agency_ID,Investigat_Area_ID,Investigat_District_ID,Investigat_Region_ID,Bridge_Detail_ID,Harm_Evnt_ID,Intrsct_Relat_ID,FHE_Collsn_ID,Obj_Struck_ID,Othr_Factr_ID,Road_Part_Adj_ID,Road_Cls_ID,Road_Relat_ID,Phys_Featr_1_ID,Phys_Featr_2_ID,Cnty_ID,City_ID,Latitude.1,Longitude.1,Hwy_Sys,Hwy_Nbr,Hwy_Sfx,Dfo,Street_Nbr,Control,Section,Milepoint,Ref_Mark_Nbr,Ref_Mark_Displ,Hwy_Sys_2,Hwy_Nbr_2,Hwy_Sfx_2,Street_Name_2,Street_Nbr_2,Control_2,Section_2,Milepoint_2,Txdot_Rptable_Fl,Onsys_Fl,Rural_Fl,Crash_Sev_ID,Pop_Group_ID,Located_Fl,Day_of_Week,Hwy_Dsgn_Lane_ID,Hwy_Dsgn_Hrt_ID,Hp_Shldr_Left,Hp_Shldr_Right,Hp_Median_Width,Base_Type_ID,Nbr_Of_Lane,Row_Width_Usual,Roadbed_Width,Surf_Width,Surf_Type_ID,Curb_Type_Left_ID,Curb_Type_Right_ID,Shldr_Type_Left_ID,Shldr_Width_Left,Shldr_Use_Left_ID,Shldr_Type_Right_ID,Shldr_Width_Right,Shldr_Use_Right_ID,Median_Type_ID,Median_Width,Rural_Urban_Type_ID,Func_Sys_ID,Adt_Curnt_Amt,Adt_Curnt_Year,Adt_Adj_Curnt_Amt,Pct_Single_Trk_Adt,Pct_Combo_Trk_Adt,Trk_Aadt_Pct,Curve_Type_ID,Curve_Lngth,Cd_Degr,Delta_Left_Right_ID,Dd_Degr,Feature_Crossed,Structure_Number,I_R_Min_Vert_Clear,Approach_Width,Bridge_Median_ID,Bridge_Loading_Type_ID,Bridge_Loading_In_1000_Lbs,Bridge_Srvc_Type_On_ID,Bridge_Srvc_Type_Under_ID,Culvert_Type_ID,Roadway_Width,Deck_Width,Bridge_Dir_Of_Traffic_ID,Bridge_Rte_Struct_Func_ID,Bridge_IR_Struct_Func_ID,CrossingNumber,RRCo,Poscrossing_ID,WDCode_ID,Standstop,Yield,Incap_Injry_Cnt.y,Nonincap_Injry_Cnt.y,Poss_Injry_Cnt.y,Non_Injry_Cnt.y,Unkn_Injry_Cnt.y,Tot_Injry_Cnt.y,Death_Cnt.y,MPO_ID,Unit_ID,Unit_Prsn_ID,Count,BikePath
S CONGRESS AVE,AUS_1481838921,171,375,48,453,1308,3,4.85E+11,1500US484530013083,Block Group 3,G5030,S,498115,0,30.2274839,-97.7651592,14818389,AUS_14818389,30.22727603,-97.76160372,2,1,3,16,2,35,1,1,4,11,1,4,N,4,NA,NA,4,97,97,,,0,1,0,0,0,1,0,N,N,N,N,N,N,N,12/15/2015,11:56 PM,227,22,N,N,NA,NA,19,NA,,7,3600,S,CONGRESS AVE,AVE,N,N,-1,N,N,,N,19,NA,,1,100,,PICKLE RD,,NA,NA,,,,NA,11,4,0,NA,1,1,11,10:18 PM,DISPATCH,10:04 PM,12/15/2015,N,74,NA,NA,105,8,5,4,1,64,54,1,5,2,21,21,227,22,30.22727603,-97.76160372,,NA,NA,NA,NA,NA,NA,NA,NA,NA,,NA,NA,N/A,NA,NA,NA,NA,Y,N,N,2,9,Y,TUE,NA,NA,NA,NA,NA,NA,NA,NA,NA,NA,NA,NA,NA,NA,NA,NA,NA,NA,NA,NA,NA,NA,NA,NA,NA,NA,NA,NA,NA,NA,NA,NA,NA,NA,NA,NA,NA,NA,NA,NA,NA,NA,NA,NA,NA,NA,NA,NA,NA,NA,NA,NA,NA,NA,NA,0,1,0,0,1,1,0,90,NA,NA,59,No
S CONGRESS AVE,AUS_1411630121,431,450,48,453,1305,1,4.85E+11,1500US484530013051,Block Group 1,G5030,S,1106325,65346,30.2582419,-97.7524205,14116301,AUS_14116301,30.25891,-97.74622,2,1,3,16,1,22,1,2,4,11,1,4,N,4,NA,NA,4,97,97,,,1,0,0,0,0,1,0,N,N,N,N,N,N,N,11/8/2014,7:39 PM,227,22,N,N,NA,NA,19,NA,,1,NA,,S CONGRESS,AVE,N,N,35,N,N,,Y,19,NA,,1,,,BARTON SPRINGS,RD,NA,NA,,,,NA,11,1,3,NA,1,1,21,7:39 PM,DISPATCH,7:39 PM,11/8/2014,N,74,1043,93,112,8,5,2,1,64,38,1,5,1,21,21,227,22,30.25891,-97.74622,,NA,NA,NA,301,NA,NA,NA,NA,NA,,NA,NA,BARTON SPRINGS RD,NA,NA,NA,NA,Y,N,N,1,9,Y,SAT,NA,NA,NA,NA,NA,NA,NA,NA,NA,NA,NA,NA,NA,NA,NA,NA,NA,NA,NA,NA,NA,NA,NA,NA,NA,NA,NA,NA,NA,NA,NA,NA,NA,NA,NA,NA,NA,NA,NA,NA,NA,NA,NA,NA,NA,NA,NA,NA,NA,NA,NA,NA,NA,NA,NA,1,0,0,2,0,1,0,90,141163012,1411630121,59,No
S CONGRESS AVE,AUS_1278405521,151,375,48,453,1308,3,4.85E+11,1500US484530013083,Block Group 3,G5030,S,498115,0,30.2274839,-97.7651592,12784055,AUS_12784055,30.22281665,-97.76400601,2,1,3,16,2,21,1,1,4,11,1,4,N,4,NA,NA,4,97,97,,,0,1,0,0,0,1,0,N,N,N,N,N,N,N,7/3/2012,4:41 PM,227,22,N,N,NA,NA,19,NA,,1,4100,S,CONGRESS,AVE,N,N,40,N,N,,N,19,NA,,NA,100,W,BEN WHITE SVRD,BLVD,NA,NA,,,,NA,11,1,0,NA,1,1,1,4:41 PM,DISPATCHED,4:50 PM,7/3/2012,Y,74,NA,105,112,8,5,3,2,64,14,1,5,1,32,21,227,22,30.22281665,-97.76400601,,NA,NA,NA,NA,NA,NA,NA,NA,NA,,NA,NA,N/A,NA,NA,NA,NA,Y,N,N,2,9,Y,TUE,NA,NA,NA,NA,NA,NA,NA,NA,NA,NA,NA,NA,NA,NA,NA,NA,NA,NA,NA,NA,NA,NA,NA,NA,NA,NA,NA,NA,NA,NA,NA,NA,NA,NA,NA,NA,NA,NA,NA,NA,NA,NA,NA,NA,NA,NA,NA,NA,NA,NA,NA,NA,NA,NA,NA,0,1,0,1,0,1,0,90,127840552,1278405521,59,No
S CONGRESS AVE,AUS_1355320921,358,369,48,453,1305,3,4.85E+11,1500US484530013053,Block Group 3,G5030,S,655707,0,30.2452677,-97.7539204,13553209,AUS_13553209,30.25109394,-97.74913986,2,1,3,16,3,NA,1,2,4,11,1,1,N,4,NA,NA,4,97,97,,,0,0,1,0,0,1,0,N,N,N,N,N,N,N,10/4/2013,8:48 PM,227,22,N,Y,NA,NA,19,NA,,1,1300,S,CONGRESS,AVE,N,N,40,N,N,,N,19,NA,,NA,100,W,JAMES,ST,NA,NA,,,,NA,11,4,0,NA,1,1,1,8:48 PM,DISPATCH,8:50 PM,10/4/2013,Y,74,1043,93,112,8,5,1,3,64,3,1,5,1,21,21,227,22,30.25109394,-97.74913986,,NA,NA,NA,1302,NA,NA,NA,NA,NA,,NA,NA,JAMES ST,NA,NA,NA,NA,Y,N,N,3,9,Y,FRI,NA,NA,NA,NA,NA,NA,NA,NA,NA,NA,NA,NA,NA,NA,NA,NA,NA,NA,NA,NA,NA,NA,NA,NA,NA,NA,NA,NA,NA,NA,NA,NA,NA,NA,NA,NA,NA,NA,NA,NA,NA,NA,NA,NA,NA,NA,NA,NA,NA,NA,NA,NA,NA,NA,NA,0,0,1,1,0,1,0,90,135532092,1355320921,59,No
S CONGRESS AVE,AUS_1318917831,435,450,48,453,1305,1,4.85E+11,1500US484530013051,Block Group 1,G5030,S,1106325,65346,30.2582419,-97.7524205,13189178,AUS_13189178,30.25904001,-97.74616977,3,1,3,16,3,30,1,2,4,11,1,5,N,4,NA,NA,4,97,97,,,0,0,1,0,0,1,0,N,N,N,N,N,N,N,3/14/2013,1:56 AM,227,22,N,Y,NA,NA,19,NA,,1,200,S,CONGRESS,AVE,N,N,30,N,N,,N,19,NA,,NA,,,BARTON SPRINGS,RD,NA,NA,,,,NA,11,4,0,NA,2,1,5,1:56 AM,DISPATCH,1:58 AM,3/14/2013,Y,74,NA,105,112,8,2,4,20,64,54,1,5,1,21,21,227,22,30.25904001,-97.74616977,,NA,NA,NA,277,NA,NA,NA,NA,NA,,NA,NA,N/A,NA,NA,NA,NA,Y,N,N,3,9,Y,THU,NA,NA,NA,NA,NA,NA,NA,NA,NA,NA,NA,NA,NA,NA,NA,NA,NA,NA,NA,NA,NA,NA,NA,NA,NA,NA,NA,NA,NA,NA,NA,NA,NA,NA,NA,NA,NA,NA,NA,NA,NA,NA,NA,NA,NA,NA,NA,NA,NA,NA,NA,NA,NA,NA,NA,0,0,3,2,0,3,0,90,131891783,1318917831,59,No
S CONGRESS AVE,AUS_1189730121,248,262,48,453,1308,4,4.85E+11,1500US484530013084,Block Group 4,G5030,S,318307,0,30.2387552,-97.7578847,11897301,AUS_11897301,30.23726558,-97.75485605,2,1,3,16,3,58,2,1,4,11,1,4,N,4,NA,NA,4,97,97,,,0,0,1,0,0,1,0,N,N,N,N,N,N,N,1/30/2011,3:00 PM,227,22,N,N,NA,NA,19,NA,,1,2500,S,CONGRESS,ST,N,N,40,N,N,,N,19,NA,,1,100,E,OHART,ST,NA,NA,,,,NA,11,1,2,NA,1,1,1,2:49 PM,DISPATCH,3:01 PM,1/30/2011,Y,74,NA,NA,32,8,5,3,1,64,14,1,5,1,32,21,227,22,30.23726558,-97.75485605,,NA,NA,NA,2500,NA,NA,NA,NA,NA,,NA,NA,N/A,NA,NA,NA,NA,Y,N,N,3,9,Y,SUN,NA,NA,NA,NA,NA,NA,NA,NA,NA,NA,NA,NA,NA,NA,NA,NA,NA,NA,NA,NA,NA,NA,NA,NA,NA,NA,NA,NA,NA,NA,NA,NA,NA,NA,NA,NA,NA,NA,NA,NA,NA,NA,NA,NA,NA,NA,NA,NA,NA,NA,NA,NA,NA,NA,NA,0,0,1,1,0,1,0,90,118973012,1189730121,59,No
S CONGRESS AVE,AUS_1392688321,285,369,48,453,1305,3,4.85E+11,1500US484530013053,Block Group 3,G5030,S,655707,0,30.2452677,-97.7539204,13926883,AUS_13926883,30.24189,-97.75252,2,1,3,16,3,18,1,1,4,11,1,4,N,4,NA,NA,4,97,97,,,0,0,1,0,0,1,0,N,N,N,N,N,N,N,7/4/2014,9:28 PM,227,22,N,N,NA,NA,19,NA,,1,2200,S,CONGRESS,AVE,N,N,30,N,N,,Y,19,NA,,1,100,E,LIVE OAK,ST,NA,NA,,,,NA,11,4,4,NA,1,1,5,9:19 PM,DISPATCH,9:22 PM,7/4/2014,Y,74,1043,93,112,8,5,2,2,64,54,1,5,1,21,21,227,22,30.24189,-97.75252,,NA,NA,NA,2199,NA,NA,NA,NA,NA,,NA,NA,W LIVE OAK ST,NA,NA,NA,NA,Y,N,N,3,9,Y,FRI,NA,NA,NA,NA,NA,NA,NA,NA,NA,NA,NA,NA,NA,NA,NA,NA,NA,NA,NA,NA,NA,NA,NA,NA,NA,NA,NA,NA,NA,NA,NA,NA,NA,NA,NA,NA,NA,NA,NA,NA,NA,NA,NA,NA,NA,NA,NA,NA,NA,NA,NA,NA,NA,NA,NA,0,0,1,1,0,1,0,90,139268832,1392688321,59,No
S CONGRESS AVE,AUS_1198553121,352,369,48,453,1305,3,4.85E+11,1500US484530013053,Block Group 3,G5030,S,655707,0,30.2452677,-97.7539204,11985531,AUS_11985531,30.24985,-97.7496,2,1,3,16,3,22,1,1,4,11,1,5,N,4,NA,NA,4,97,97,,,0,0,1,0,0,1,0,N,N,N,N,N,N,N,3/19/2011,3:54 PM,227,22,N,Y,NA,NA,19,NA,,2,NA,S,CONGRESS,AVE,N,N,0,N,N,,Y,19,NA,,2,,E,GIBSON,ST,NA,NA,,,,NA,11,1,2,NA,2,1,5,3:54 PM,DISPATCHED,4:02 PM,3/19/2011,Y,74,NA,105,112,8,5,1,3,64,54,2,5,1,21,21,227,22,30.24985,-97.7496,,NA,NA,NA,1401,NA,NA,NA,NA,NA,,NA,NA,E GIBSON ST,NA,NA,NA,NA,Y,N,N,3,9,Y,SAT,NA,NA,NA,NA,NA,NA,NA,NA,NA,NA,NA,NA,NA,NA,NA,NA,NA,NA,NA,NA,NA,NA,NA,NA,NA,NA,NA,NA,NA,NA,NA,NA,NA,NA,NA,NA,NA,NA,NA,NA,NA,NA,NA,NA,NA,NA,NA,NA,NA,NA,NA,NA,NA,NA,NA,0,0,1,1,0,1,0,90,119855312,1198553121,59,No
S CONGRESS AVE,AUS_1192094511,212,287,48,453,1308,1,4.85E+11,1500US484530013081,Block Group 1,G5030,S,314190,0,30.2349237,-97.7606408,11920945,AUS_11920945,30.23247,-97.75849,1,1,3,16,2,46,2,1,4,11,1,4,N,4,NA,NA,4,97,97,,,0,1,0,0,0,1,0,N,N,N,N,N,N,N,2/14/2011,9:59 AM,227,22,N,N,NA,NA,19,NA,,1,3000,S,CONGRESS,AVE,N,N,35,N,N,ASPHALT,N,19,NA,,1,,,LAVISTA,ST,NA,NA,,,,NA,11,1,0,NA,1,1,1,10:01 AM,DISPATCH,10:08 AM,2/14/2011,Y,74,NA,NA,NA,8,5,3,2,64,14,1,5,1,32,21,227,22,30.23247,-97.75849,,NA,NA,NA,3000,NA,NA,NA,NA,NA,,NA,NA,N/A,NA,NA,NA,NA,Y,N,N,2,9,Y,MON,NA,NA,NA,NA,NA,NA,NA,NA,NA,NA,NA,NA,NA,NA,NA,NA,NA,NA,NA,NA,NA,NA,NA,NA,NA,NA,NA,NA,NA,NA,NA,NA,NA,NA,NA,NA,NA,NA,NA,NA,NA,NA,NA,NA,NA,NA,NA,NA,NA,NA,NA,NA,NA,NA,NA,0,1,0,1,0,1,0,90,119209451,1192094511,59,No
S CONGRESS AVE,AUS_1329404021,312,369,48,453,1305,3,4.85E+11,1500US484530013053,Block Group 3,G5030,S,655707,0,30.2452677,-97.7539204,13294040,AUS_13294040,30.24516,-97.75133,2,1,3,16,2,40,1,1,4,11,1,4,N,4,NA,NA,4,97,97,,,0,1,0,0,0,1,0,N,N,N,N,N,N,N,5/17/2013,9:01 AM,227,22,N,N,NA,NA,19,NA,,1,1800,S,CONGRESS,AVE,N,N,0,N,N,,Y,19,NA,,NA,100,W,MARY,ST,NA,NA,,,,NA,11,1,4,NA,3,1,5,9:01 AM,DISPATCHED,9:10 AM,5/17/2013,Y,74,17,105,112,8,5,1,1,64,3,1,5,1,21,21,227,22,30.24516,-97.75133,,NA,NA,NA,1899,NA,NA,NA,NA,NA,,NA,NA,W MARY ST,NA,NA,NA,NA,Y,N,N,2,9,Y,FRI,NA,NA,NA,NA,NA,NA,NA,NA,NA,NA,NA,NA,NA,NA,NA,NA,NA,NA,NA,NA,NA,NA,NA,NA,NA,NA,NA,NA,NA,NA,NA,NA,NA,NA,NA,NA,NA,NA,NA,NA,NA,NA,NA,NA,NA,NA,NA,NA,NA,NA,NA,NA,NA,NA,NA,0,1,0,1,0,1,0,90,132940402,1329404021,59,No
S CONGRESS AVE,AUS_1318922721,136,152,48,453,2003,2,4.85E+11,1500US484530020032,Block Group 2,G5030,S,862608,0,30.2189672,-97.770144,13189227,AUS_13189227,30.22036,-97.76553,2,1,3,16,2,30,1,1,4,11,1,4,N,4,NA,NA,4,97,97,,,0,1,0,0,0,1,0,N,N,N,N,N,N,N,3/15/2013,2:48 PM,227,22,N,N,NA,NA,19,NA,,1,4200,S,CONGRESS,AVE,N,N,0,N,N,,Y,19,NA,,NA,100,,INDUSTRIAL,BLVD,NA,NA,,,,NA,11,1,2,NA,1,1,8,2:55 PM,DISPATCH,2:57 PM,3/15/2013,Y,74,17,105,112,8,5,1,3,64,54,1,5,1,21,21,227,22,30.22036,-97.76553,,NA,NA,NA,4227,NA,NA,NA,NA,NA,,NA,NA,INDUSTRIAL BLVD,NA,NA,NA,NA,Y,N,N,2,9,Y,FRI,NA,NA,NA,NA,NA,NA,NA,NA,NA,NA,NA,NA,NA,NA,NA,NA,NA,NA,NA,NA,NA,NA,NA,NA,NA,NA,NA,NA,NA,NA,NA,NA,NA,NA,NA,NA,NA,NA,NA,NA,NA,NA,NA,NA,NA,NA,NA,NA,NA,NA,NA,NA,NA,NA,NA,0,1,0,1,0,1,0,90,131892272,1318922721,59,No
S CONGRESS AVE,AUS_1211017521,365,450,48,453,1305,1,4.85E+11,1500US484530013051,Block Group 1,G5030,S,1106325,65346,30.2582419,-97.7524205,12110175,AUS_12110175,30.25229,-97.7487,2,1,3,16,2,52,1,1,4,11,1,4,N,4,NA,NA,4,97,97,,,0,1,0,0,0,1,0,N,N,N,N,N,N,N,5/26/2011,1:14 PM,227,22,N,N,NA,NA,19,NA,,1,1100,S,CONGRESS,AVE,N,N,35,Y,Y,,Y,19,NA,,1,100,,NELLIE,ST,NA,NA,,,,NA,11,1,2,NA,1,1,5,1:14 PM,DISPATCH,1:18 PM,5/26/2011,Y,74,17,105,112,8,5,1,2,64,49,1,5,1,21,21,227,22,30.25229,-97.7487,,NA,NA,NA,1199,NA,NA,NA,NA,NA,,NA,NA,NELLIE ST,NA,NA,NA,NA,Y,N,N,2,9,Y,THU,NA,NA,NA,NA,NA,NA,NA,NA,NA,NA,NA,NA,NA,NA,NA,NA,NA,NA,NA,NA,NA,NA,NA,NA,NA,NA,NA,NA,NA,NA,NA,NA,NA,NA,NA,NA,NA,NA,NA,NA,NA,NA,NA,NA,NA,NA,NA,NA,NA,NA,NA,NA,NA,NA,NA,0,1,0,1,0,1,0,90,121101752,1211017521,59,No
S CONGRESS AVE,AUS_1278395221,183,374,48,453,1308,2,4.85E+11,1500US484530013082,Block Group 2,G5030,S,175368,0,30.2313836,-97.7620296,12783952,AUS_12783952,30.22965,-97.76026,2,1,3,16,1,52,1,1,4,11,1,1,N,4,NA,NA,4,97,97,,,1,0,0,0,0,1,0,N,N,N,N,N,N,N,7/2/2012,7:26 AM,227,22,N,N,NA,NA,19,NA,,1,NA,S,CONGRESS,AVE,N,N,35,N,N,,Y,19,NA,,NA,,,WOODWARD,ST,NA,NA,,,,NA,12,1,4,NA,2,1,5,7:26 AM,OBSERVED,7:26 AM,7/2/2012,Y,74,NA,NA,NA,8,5,1,3,64,54,1,5,1,21,21,227,22,30.22965,-97.76026,,NA,NA,NA,3401,NA,NA,NA,NA,NA,,NA,NA,WOODWARD ST,NA,NA,NA,NA,Y,N,N,1,9,Y,MON,NA,NA,NA,NA,NA,NA,NA,NA,NA,NA,NA,NA,NA,NA,NA,NA,NA,NA,NA,NA,NA,NA,NA,NA,NA,NA,NA,NA,NA,NA,NA,NA,NA,NA,NA,NA,NA,NA,NA,NA,NA,NA,NA,NA,NA,NA,NA,NA,NA,NA,NA,NA,NA,NA,NA,1,0,0,1,0,1,0,90,127839522,1278395221,59,No
S CONGRESS AVE,AUS_1259010821,264,369,48,453,1305,3,4.85E+11,1500US484530013053,Block Group 3,G5030,S,655707,0,30.2452677,-97.7539204,12590108,AUS_12590108,30.2388,-97.75355,2,1,3,16,2,29,4,1,4,11,1,4,N,4,NA,NA,4,97,97,,,0,1,0,0,0,1,0,N,N,N,N,N,N,N,3/3/2012,2:25 AM,227,22,N,N,NA,NA,19,NA,,1,NA,,SOUTH CONGRESS,,N,N,0,N,N,,Y,19,NA,,NA,,,OLTORF,ST,NA,NA,,,,NA,11,4,4,NA,1,1,5,2:25 AM,DISPATCHED,2:30 AM,3/3/2012,Y,74,NA,105,112,8,5,1,1,64,54,1,5,1,21,21,227,22,30.2388,-97.75355,,NA,NA,NA,2399,NA,NA,NA,NA,NA,,NA,NA,OLTORF ST W,NA,NA,NA,NA,Y,N,N,2,9,Y,SAT,NA,NA,NA,NA,NA,NA,NA,NA,NA,NA,NA,NA,NA,NA,NA,NA,NA,NA,NA,NA,NA,NA,NA,NA,NA,NA,NA,NA,NA,NA,NA,NA,NA,NA,NA,NA,NA,NA,NA,NA,NA,NA,NA,NA,NA,NA,NA,NA,NA,NA,NA,NA,NA,NA,NA,0,1,0,2,0,1,0,90,125901082,1259010821,59,No
S CONGRESS AVE,AUS_1412875921,191,374,48,453,1308,2,4.85E+11,1500US484530013082,Block Group 2,G5030,S,175368,0,30.2313836,-97.7620296,14128759,AUS_14128759,30.23044065,-97.75975127,2,1,3,16,3,27,1,1,4,11,1,2,N,4,NA,NA,4,97,97,,,0,0,1,0,0,1,0,N,N,N,N,N,N,N,10/8/2014,7:47 AM,227,22,N,N,NA,NA,19,NA,,7,3500,S,CONGRESS,AVE,N,N,35,N,N,,N,19,NA,,NA,100,,LIGHTSEY,RD,NA,NA,,,,NA,11,1,0,NA,1,1,1,7:47 AM,DISPATCH,7:50 AM,10/8/2014,N,74,1043,93,112,8,5,3,3,64,13,1,5,1,32,21,227,22,30.23044065,-97.75975127,,NA,NA,NA,3286,NA,NA,NA,NA,NA,,NA,NA,N/A,NA,NA,NA,NA,Y,N,N,3,9,Y,WED,NA,NA,NA,NA,NA,NA,NA,NA,NA,NA,NA,NA,NA,NA,NA,NA,NA,NA,NA,NA,NA,NA,NA,NA,NA,NA,NA,NA,NA,NA,NA,NA,NA,NA,NA,NA,NA,NA,NA,NA,NA,NA,NA,NA,NA,NA,NA,NA,NA,NA,NA,NA,NA,NA,NA,0,0,1,1,0,1,0,90,141287592,1412875921,59,No
S CONGRESS AVE,AUS_1215065821,362,369,48,453,1305,3,4.85E+11,1500US484530013053,Block Group 3,G5030,S,655707,0,30.2452677,-97.7539204,12150658,AUS_12150658,30.25119824,-97.74910066,2,1,3,16,2,24,2,1,4,11,1,4,Y,4,NA,NA,4,97,97,,,0,1,0,0,0,1,0,N,N,N,N,N,N,N,6/11/2011,9:00 AM,227,22,N,N,NA,NA,19,NA,,1,1303,S,CONGRESS,AVE,N,N,30,Y,N,,N,19,NA,,1,600,,THE CIRCLE,,NA,NA,,,,NA,11,1,0,NA,2,1,1,9:00 AM,DISPATCHED,9:03 AM,6/11/2011,Y,74,NA,NA,NA,8,5,4,2,64,49,1,5,1,12,21,227,22,30.25119824,-97.74910066,,NA,NA,NA,1292,NA,NA,NA,NA,NA,,NA,NA,N/A,NA,NA,NA,NA,Y,N,N,2,9,Y,SAT,NA,NA,NA,NA,NA,NA,NA,NA,NA,NA,NA,NA,NA,NA,NA,NA,NA,NA,NA,NA,NA,NA,NA,NA,NA,NA,NA,NA,NA,NA,NA,NA,NA,NA,NA,NA,NA,NA,NA,NA,NA,NA,NA,NA,NA,NA,NA,NA,NA,NA,NA,NA,NA,NA,NA,0,1,0,1,0,1,0,90,121506582,1215065821,59,No
S CONGRESS AVE,AUS_1349048821,245,262,48,453,1308,4,4.85E+11,1500US484530013084,Block Group 4,G5030,S,318307,0,30.2387552,-97.7578847,13490488,AUS_13490488,30.23719,-97.75492,2,1,3,16,2,29,1,1,4,11,1,97,N,4,NA,NA,4,97,97,,,0,1,0,0,0,1,0,N,N,N,N,N,N,N,10/9/2013,8:43 AM,227,22,N,N,NA,NA,19,NA,,1,2500,S,CONGRESS,AVE,N,N,35,N,N,,Y,19,NA,,1,100,,LONGBOW,LN,NA,NA,,,,NA,11,1,0,NA,1,1,1,7:56 AM,DISPATCH,8:06 AM,10/9/2013,N,74,1043,93,112,8,5,1,2,64,54,1,5,1,21,21,227,22,30.23719,-97.75492,,NA,NA,NA,2511,NA,NA,NA,NA,NA,,NA,NA,LONG BOW LN,NA,NA,NA,NA,Y,N,N,2,9,Y,WED,NA,NA,NA,NA,NA,NA,NA,NA,NA,NA,NA,NA,NA,NA,NA,NA,NA,NA,NA,NA,NA,NA,NA,NA,NA,NA,NA,NA,NA,NA,NA,NA,NA,NA,NA,NA,NA,NA,NA,NA,NA,NA,NA,NA,NA,NA,NA,NA,NA,NA,NA,NA,NA,NA,NA,0,1,0,1,0,1,0,90,134904882,1349048821,59,No
S CONGRESS AVE,AUS_1267674921,258,262,48,453,1308,4,4.85E+11,1500US484530013084,Block Group 4,G5030,S,318307,0,30.2387552,-97.7578847,12676749,AUS_12676749,30.23868957,-97.75364397,2,1,3,16,2,28,1,2,4,11,1,4,N,4,NA,NA,4,97,97,,,0,1,0,0,0,1,0,N,N,N,N,N,N,N,3/29/2012,9:20 AM,227,22,N,N,NA,NA,19,NA,,7,2400,S,CONGRESS,AVE,N,N,35,N,N,,N,19,NA,,NA,,E,OLTORF,ST,NA,NA,,,,NA,12,1,0,NA,1,1,20,9:20 AM,DISPATCH,9:28 AM,3/29/2012,Y,74,NA,NA,NA,8,5,3,3,64,13,1,5,1,32,21,227,22,30.23868957,-97.75364397,,NA,NA,NA,2407,NA,NA,NA,NA,NA,,NA,NA,N/A,NA,NA,NA,NA,Y,N,N,2,9,Y,THU,NA,NA,NA,NA,NA,NA,NA,NA,NA,NA,NA,NA,NA,NA,NA,NA,NA,NA,NA,NA,NA,NA,NA,NA,NA,NA,NA,NA,NA,NA,NA,NA,NA,NA,NA,NA,NA,NA,NA,NA,NA,NA,NA,NA,NA,NA,NA,NA,NA,NA,NA,NA,NA,NA,NA,0,1,0,1,0,1,0,90,126767492,1267674921,59,No