Street_Name,Crash_UP_ID,FID,FID_Austin,STATEFP,COUNTYFP,TRACTCE,BLKGRPCE,GEOID1,GEOID,NAMELSAD,MTFCC,FUNCSTAT,ALAND,AWATER,INTPTLAT,INTPTLON,CrashID,CrashID1,Latitude,Longitude,Unit_Nbr,Prsn_Nbr,Prsn_Type_ID,Prsn_Occpnt_Pos_ID,Prsn_Injry_Sev_ID,Prsn_Age,Prsn_Ethnicity_ID,Prsn_Gndr_ID,Prsn_Ejct_ID,Prsn_Rest_ID,Prsn_Airbag_ID,Prsn_Helmet_ID,Prsn_Sol_Fl,Prsn_Alc_Spec_Type_ID,Prsn_Alc_Rslt_ID,Prsn_Bac_Test_Rslt,Prsn_Drg_Spec_Type_ID,Prsn_Drg_Rslt_ID,Drvr_Drg_Cat_1_ID,Prsn_Death_Date,Prsn_Death_Time,Incap_Injry_Cnt.x,Nonincap_Injry_Cnt.x,Poss_Injry_Cnt.x,Non_Injry_Cnt.x,Unkn_Injry_Cnt.x,Tot_Injry_Cnt.x,Death_Cnt.x,Crash_Fatal_Fl,Cmv_Involv_Fl,Schl_Bus_Fl,Rr_Relat_Fl,Medical_Advisory_Fl,Amend_Supp_Fl,Active_School_Zone_Fl,Crash_Date,Crash_Time,Rpt_CRIS_Cnty_ID,Rpt_City_ID,Rpt_Outside_City_Limit_Fl,Thousand_Damage_Fl,Rpt_Latitude,Rpt_Longitude,Rpt_Rdwy_Sys_ID,Rpt_Hwy_Num,Rpt_Hwy_Sfx,Rpt_Road_Part_ID,Rpt_Block_Num,Rpt_Street_Pfx,Rpt_Street_Name,Rpt_Street_Sfx,Private_Dr_Fl,Toll_Road_Fl,Crash_Speed_Limit,Road_Constr_Zone_Fl,Road_Constr_Zone_Wrkr_Fl,Rpt_Street_Desc,At_Intrsct_Fl,Rpt_Sec_Rdwy_Sys_ID,Rpt_Sec_Hwy_Num,Rpt_Sec_Hwy_Sfx,Rpt_Sec_Road_Part_ID,Rpt_Sec_Block_Num,Rpt_Sec_Street_Pfx,Rpt_Sec_Street_Name,Rpt_Sec_Street_Sfx,Rpt_Ref_Mark_Offset_Amt,Rpt_Ref_Mark_Dist_Uom,Rpt_Ref_Mark_Dir,Rpt_Ref_Mark_Nbr,Rpt_Sec_Street_Desc,Rpt_CrossingNumber,Wthr_Cond_ID,Light_Cond_ID,Entr_Road_ID,Road_Type_ID,Road_Algn_ID,Surf_Cond_ID,Traffic_Cntl_ID,Investigat_Notify_Time,Investigat_Notify_Meth,Investigat_Arrv_Time,Report_Date,Investigat_Comp_Fl,Investigat_Agency_ID,Investigat_Area_ID,Investigat_District_ID,Investigat_Region_ID,Bridge_Detail_ID,Harm_Evnt_ID,Intrsct_Relat_ID,FHE_Collsn_ID,Obj_Struck_ID,Othr_Factr_ID,Road_Part_Adj_ID,Road_Cls_ID,Road_Relat_ID,Phys_Featr_1_ID,Phys_Featr_2_ID,Cnty_ID,City_ID,Latitude.1,Longitude.1,Hwy_Sys,Hwy_Nbr,Hwy_Sfx,Dfo,Street_Nbr,Control,Section,Milepoint,Ref_Mark_Nbr,Ref_Mark_Displ,Hwy_Sys_2,Hwy_Nbr_2,Hwy_Sfx_2,Street_Name_2,Street_Nbr_2,Control_2,Section_2,Milepoint_2,Txdot_Rptable_Fl,Onsys_Fl,Rural_Fl,Crash_Sev_ID,Pop_Group_ID,Located_Fl,Day_of_Week,Hwy_Dsgn_Lane_ID,Hwy_Dsgn_Hrt_ID,Hp_Shldr_Left,Hp_Shldr_Right,Hp_Median_Width,Base_Type_ID,Nbr_Of_Lane,Row_Width_Usual,Roadbed_Width,Surf_Width,Surf_Type_ID,Curb_Type_Left_ID,Curb_Type_Right_ID,Shldr_Type_Left_ID,Shldr_Width_Left,Shldr_Use_Left_ID,Shldr_Type_Right_ID,Shldr_Width_Right,Shldr_Use_Right_ID,Median_Type_ID,Median_Width,Rural_Urban_Type_ID,Func_Sys_ID,Adt_Curnt_Amt,Adt_Curnt_Year,Adt_Adj_Curnt_Amt,Pct_Single_Trk_Adt,Pct_Combo_Trk_Adt,Trk_Aadt_Pct,Curve_Type_ID,Curve_Lngth,Cd_Degr,Delta_Left_Right_ID,Dd_Degr,Feature_Crossed,Structure_Number,I_R_Min_Vert_Clear,Approach_Width,Bridge_Median_ID,Bridge_Loading_Type_ID,Bridge_Loading_In_1000_Lbs,Bridge_Srvc_Type_On_ID,Bridge_Srvc_Type_Under_ID,Culvert_Type_ID,Roadway_Width,Deck_Width,Bridge_Dir_Of_Traffic_ID,Bridge_Rte_Struct_Func_ID,Bridge_IR_Struct_Func_ID,CrossingNumber,RRCo,Poscrossing_ID,WDCode_ID,Standstop,Yield,Incap_Injry_Cnt.y,Nonincap_Injry_Cnt.y,Poss_Injry_Cnt.y,Non_Injry_Cnt.y,Unkn_Injry_Cnt.y,Tot_Injry_Cnt.y,Death_Cnt.y,MPO_ID,Unit_ID,Unit_Prsn_ID,Count,BikePath
S CONGRESS AVE,AUS_1211122221,233,287,48,453,1308,1,4.85E+11,1500US484530013081,Block Group 1,G5030,S,314190,0,30.2349237,-97.7606408,12111222,AUS_12111222,30.23494255,-97.75681476,2,1,3,16,1,54,2,1,4,11,1,5,N,4,NA,NA,4,97,97,,,1,0,0,0,0,1,0,N,N,N,N,N,N,N,6/9/2011,10:38 AM,227,22,N,Y,NA,NA,19,NA,,1,2800,S,CONGRESS,AVE,N,N,40,N,N,,N,19,NA,,1,100,,CUMBERLAND,RD,NA,NA,,,CUMBERLAND,NA,12,1,0,NA,1,1,11,10:38 AM,DISPATCHED,10:47 AM,6/9/2011,Y,74,NA,NA,NA,8,5,3,1,64,14,1,5,1,32,21,227,22,30.23494255,-97.75681476,,NA,NA,NA,2751,NA,NA,NA,NA,NA,,NA,NA,N/A,NA,NA,NA,NA,Y,N,N,1,9,Y,THU,NA,NA,NA,NA,NA,NA,NA,NA,NA,NA,NA,NA,NA,NA,NA,NA,NA,NA,NA,NA,NA,NA,NA,NA,NA,NA,NA,NA,NA,NA,NA,NA,NA,NA,NA,NA,NA,NA,NA,NA,NA,NA,NA,NA,NA,NA,NA,NA,NA,NA,NA,NA,NA,NA,NA,1,0,0,0,1,1,0,90,121112222,1211122221,59,No
S CONGRESS AVE,AUS_1354482621,357,369,48,453,1305,3,4.85E+11,1500US484530013053,Block Group 3,G5030,S,655707,0,30.2452677,-97.7539204,13544826,AUS_13544826,30.25085944,-97.74922859,2,1,3,16,2,42,5,1,4,11,1,97,N,4,NA,NA,4,97,97,,,0,1,0,0,0,1,0,N,N,N,N,N,N,N,11/11/2013,12:24 AM,227,22,N,N,NA,NA,19,NA,,1,1300,S,CONGRESS,AVE,N,N,45,N,N,,N,19,NA,,NA,100,W,JAMES,ST,NA,NA,,,,NA,11,4,0,NA,2,1,20,12:24 AM,DISPATCH,12:30 AM,11/11/2013,Y,74,1043,93,112,8,5,4,1,64,9,1,5,1,21,21,227,22,30.25085944,-97.74922859,,NA,NA,NA,1310,NA,NA,NA,NA,NA,,NA,NA,N/A,NA,NA,NA,NA,Y,N,N,2,9,Y,MON,NA,NA,NA,NA,NA,NA,NA,NA,NA,NA,NA,NA,NA,NA,NA,NA,NA,NA,NA,NA,NA,NA,NA,NA,NA,NA,NA,NA,NA,NA,NA,NA,NA,NA,NA,NA,NA,NA,NA,NA,NA,NA,NA,NA,NA,NA,NA,NA,NA,NA,NA,NA,NA,NA,NA,0,1,0,2,0,1,0,90,135448262,1354482621,59,No
S CONGRESS AVE,AUS_1208164121,436,447,48,453,1401,1,4.85E+11,1500US484530014011,Block Group 1,G5030,S,650840,121283,30.2552815,-97.7457665,12081641,AUS_12081641,30.25930004,-97.7460693,2,1,3,16,2,29,1,2,4,11,1,4,N,4,NA,NA,4,97,97,,,0,1,0,0,0,1,0,N,N,N,N,N,N,N,5/20/2011,12:56 AM,227,22,N,N,NA,NA,19,NA,,1,100,S,CONGRESS,AVE,N,N,35,N,N,,N,19,NA,,1,100,,BARTON SPRINGS,RD,NA,NA,,,,NA,11,4,0,NA,1,1,20,12:56 AM,DISPATCH,1:00 AM,5/20/2011,Y,74,NA,NA,NA,8,5,2,1,64,54,1,5,1,21,21,227,22,30.25930004,-97.7460693,,NA,NA,NA,232,NA,NA,NA,NA,NA,,NA,NA,BARTON SPRINGS RD,NA,NA,NA,NA,Y,N,N,2,9,Y,FRI,NA,NA,NA,NA,NA,NA,NA,NA,NA,NA,NA,NA,NA,NA,NA,NA,NA,NA,NA,NA,NA,NA,NA,NA,NA,NA,NA,NA,NA,NA,NA,NA,NA,NA,NA,NA,NA,NA,NA,NA,NA,NA,NA,NA,NA,NA,NA,NA,NA,NA,NA,NA,NA,NA,NA,0,1,0,2,0,1,0,90,120816412,1208164121,59,No
S CONGRESS AVE,AUS_1325705421,67,282,48,453,2402,2,4.85E+11,1500US484530024022,Block Group 2,G5030,S,791124,0,30.202511,-97.779861,13257054,AUS_13257054,30.19893463,-97.77651548,2,1,3,16,2,NA,1,1,4,11,1,4,N,4,NA,NA,4,97,97,,,0,1,0,0,0,1,0,N,N,N,N,N,N,N,4/26/2013,4:16 PM,227,22,N,N,NA,NA,19,NA,,1,6100,S,CONGRESS,AVE,N,N,45,N,N,,N,19,NA,,NA,,,NORTH BLUFF,DR,NA,NA,,,,NA,2,1,0,NA,1,2,11,4:16 PM,DISPATCHED,4:16 PM,4/26/2013,Y,74,12,131,9,8,5,4,1,64,9,1,5,1,21,21,227,22,30.19893463,-97.77651548,,NA,NA,NA,6234,NA,NA,NA,NA,NA,,NA,NA,N/A,NA,NA,NA,NA,Y,N,N,2,9,Y,FRI,NA,NA,NA,NA,NA,NA,NA,NA,NA,NA,NA,NA,NA,NA,NA,NA,NA,NA,NA,NA,NA,NA,NA,NA,NA,NA,NA,NA,NA,NA,NA,NA,NA,NA,NA,NA,NA,NA,NA,NA,NA,NA,NA,NA,NA,NA,NA,NA,NA,NA,NA,NA,NA,NA,NA,0,1,0,4,0,1,0,90,132570542,1325705421,59,No
S CONGRESS AVE,AUS_1469094821,168,375,48,453,1308,3,4.85E+11,1500US484530013083,Block Group 3,G5030,S,498115,0,30.2274839,-97.7651592,14690948,AUS_14690948,30.22707413,-97.76170279,2,1,3,16,2,48,1,2,4,11,1,1,N,4,NA,NA,4,97,97,,,0,1,0,0,0,1,0,N,N,N,N,N,N,N,10/9/2015,5:17 PM,227,22,N,Y,NA,NA,19,NA,,1,3600,S,CONGRESS,AVE,N,N,-1,N,N,,N,19,NA,,1,,,ALPINE,ST,NA,NA,,,,NA,11,1,0,NA,1,1,17,5:06 PM,DISPATCH,5:10 PM,10/9/2015,Y,74,NA,NA,93,8,5,3,3,64,13,1,5,1,32,21,227,22,30.22707413,-97.76170279,,NA,NA,NA,3638,NA,NA,NA,NA,NA,,NA,NA,N/A,NA,NA,NA,NA,Y,N,N,2,9,Y,FRI,NA,NA,NA,NA,NA,NA,NA,NA,NA,NA,NA,NA,NA,NA,NA,NA,NA,NA,NA,NA,NA,NA,NA,NA,NA,NA,NA,NA,NA,NA,NA,NA,NA,NA,NA,NA,NA,NA,NA,NA,NA,NA,NA,NA,NA,NA,NA,NA,NA,NA,NA,NA,NA,NA,NA,0,1,0,2,0,1,0,90,NA,NA,59,No
S CONGRESS AVE,AUS_1465274121,129,486,48,453,2403,1,4.85E+11,1500US484530024031,Block Group 1,G5030,S,1971214,0,30.2141453,-97.7608437,14652741,AUS_14652741,30.2186437,-97.76659778,2,1,3,16,2,21,1,1,4,11,1,4,N,4,NA,NA,4,97,97,,,0,1,0,0,0,1,0,N,N,N,N,N,N,N,9/10/2015,8:24 PM,227,22,N,N,NA,NA,19,NA,,1,4300,S,S CONGRESS AVE,AVE,N,N,-1,N,N,,N,19,NA,,1,,W,W ST ELMO RD,RD,NA,NA,,,,NA,12,4,0,NA,1,2,20,8:24 PM,DISPATCH,8:44 PM,9/10/2015,Y,74,NA,NA,105,8,5,3,2,64,13,1,5,2,32,21,227,22,30.2186437,-97.76659778,,NA,NA,NA,4328,NA,NA,NA,NA,NA,,NA,NA,N/A,NA,NA,NA,NA,Y,N,N,2,9,Y,THU,NA,NA,NA,NA,NA,NA,NA,NA,NA,NA,NA,NA,NA,NA,NA,NA,NA,NA,NA,NA,NA,NA,NA,NA,NA,NA,NA,NA,NA,NA,NA,NA,NA,NA,NA,NA,NA,NA,NA,NA,NA,NA,NA,NA,NA,NA,NA,NA,NA,NA,NA,NA,NA,NA,NA,0,1,0,0,1,1,0,90,NA,NA,59,No
S CONGRESS AVE,AUS_1286648621,297,369,48,453,1305,3,4.85E+11,1500US484530013053,Block Group 3,G5030,S,655707,0,30.2452677,-97.7539204,12866486,AUS_12866486,30.24344755,-97.7519628,2,1,3,16,1,27,1,1,4,11,1,2,N,4,NA,NA,4,97,97,,,1,0,0,0,0,1,0,N,N,N,N,N,N,N,8/22/2012,9:05 PM,227,22,N,Y,NA,NA,19,NA,,1,2000,S,CONGRESS,AVE,N,N,35,N,N,,N,19,NA,,NA,100,W,JOHANNA,ST,NA,NA,,,,NA,11,4,0,NA,1,1,1,9:05 PM,CAD,9:06 PM,8/22/2012,Y,74,NA,NA,72,8,5,3,3,64,13,1,5,1,32,21,227,22,30.24344755,-97.7519628,,NA,NA,NA,2102,NA,NA,NA,NA,NA,,NA,NA,N/A,NA,NA,NA,NA,Y,N,N,1,9,Y,WED,NA,NA,NA,NA,NA,NA,NA,NA,NA,NA,NA,NA,NA,NA,NA,NA,NA,NA,NA,NA,NA,NA,NA,NA,NA,NA,NA,NA,NA,NA,NA,NA,NA,NA,NA,NA,NA,NA,NA,NA,NA,NA,NA,NA,NA,NA,NA,NA,NA,NA,NA,NA,NA,NA,NA,1,0,0,2,0,1,0,90,128664862,1286648621,59,No
S CONGRESS AVE,AUS_1262027811,294,369,48,453,1305,3,4.85E+11,1500US484530013053,Block Group 3,G5030,S,655707,0,30.2452677,-97.7539204,12620278,AUS_12620278,30.2433,-97.75201667,1,1,3,16,3,24,2,1,4,11,1,3,N,4,NA,NA,4,97,97,,,0,0,1,0,0,1,0,N,N,N,N,N,N,N,10/2/2011,11:09 PM,227,22,N,Y,NA,NA,19,NA,,1,2103,S,CONGRESS,,N,N,35,N,N,,N,19,NA,,NA,,,CONGRESS,,NA,NA,,,,NA,11,3,0,NA,1,1,1,11:09 PM,DISPATCHED,11:11 PM,12/9/2011,Y,74,NA,NA,245,8,5,3,3,64,13,1,5,1,32,21,227,22,30.2433,-97.75201667,,NA,NA,NA,2103,NA,NA,NA,NA,NA,,NA,NA,N/A,NA,NA,NA,NA,Y,N,N,3,9,Y,SUN,NA,NA,NA,NA,NA,NA,NA,NA,NA,NA,NA,NA,NA,NA,NA,NA,NA,NA,NA,NA,NA,NA,NA,NA,NA,NA,NA,NA,NA,NA,NA,NA,NA,NA,NA,NA,NA,NA,NA,NA,NA,NA,NA,NA,NA,NA,NA,NA,NA,NA,NA,NA,NA,NA,NA,0,0,1,1,0,1,0,90,126202781,1262027811,59,No
S CONGRESS AVE,AUS_1309649421,36,508,48,453,2422,1,4.85E+11,1500US484530024221,Block Group 1,G5030,S,946328,0,30.1905928,-97.7846013,13096494,AUS_13096494,30.18388928,-97.7818346,2,1,3,16,2,18,2,2,4,11,1,4,N,4,NA,NA,4,97,97,,,0,1,0,0,0,1,0,N,N,N,N,N,N,N,1/20/2013,5:12 PM,227,22,N,N,NA,NA,19,NA,,1,7300,S,CONGRESS,AVE,N,N,45,N,N,,N,19,NA,,NA,,E,DITMAR,RD,NA,NA,,,,NA,11,1,0,NA,1,1,20,5:12 PM,DISPATCH,5:15 PM,1/20/2013,Y,74,167,99,130,8,5,4,1,64,3,1,5,1,21,21,227,22,30.18388928,-97.7818346,,NA,NA,NA,7453,NA,NA,NA,NA,NA,,NA,NA,N/A,NA,NA,NA,NA,Y,N,N,2,9,Y,SUN,NA,NA,NA,NA,NA,NA,NA,NA,NA,NA,NA,NA,NA,NA,NA,NA,NA,NA,NA,NA,NA,NA,NA,NA,NA,NA,NA,NA,NA,NA,NA,NA,NA,NA,NA,NA,NA,NA,NA,NA,NA,NA,NA,NA,NA,NA,NA,NA,NA,NA,NA,NA,NA,NA,NA,0,1,0,1,0,1,0,90,130964942,1309649421,59,No
S CONGRESS AVE,AUS_1360845321,443,447,48,453,1401,1,4.85E+11,1500US484530014011,Block Group 1,G5030,S,650840,121283,30.2552815,-97.7457665,13608453,AUS_13608453,30.25975764,-97.74587695,2,1,3,16,2,45,1,1,4,11,1,97,N,4,NA,NA,4,97,97,,,0,1,0,0,0,1,0,N,N,N,N,N,N,N,10/12/2013,6:46 PM,227,22,N,Y,NA,NA,19,NA,,1,1000,S,CONGRESS,AVE,N,N,35,N,N,,N,19,NA,,NA,100,W,RIVERSIDE,DR,NA,NA,,,,NA,11,1,0,NA,2,1,20,6:46 PM,DISPATCH,6:46 PM,10/12/2013,Y,74,1043,93,112,8,5,4,1,64,25,1,1,1,21,21,227,22,30.25975764,-97.74587695,,NA,NA,NA,209,NA,NA,NA,NA,NA,,NA,NA,N/A,NA,NA,NA,NA,Y,N,N,2,9,Y,SAT,NA,NA,NA,NA,NA,NA,NA,NA,NA,NA,NA,NA,NA,NA,NA,NA,NA,NA,NA,NA,NA,NA,NA,NA,NA,NA,NA,NA,NA,NA,NA,NA,NA,NA,NA,NA,NA,NA,NA,NA,NA,NA,NA,NA,NA,NA,NA,NA,NA,NA,NA,NA,NA,NA,NA,0,1,0,2,0,1,0,90,136084532,1360845321,59,No
S CONGRESS AVE,AUS_1280767721,356,369,48,453,1305,3,4.85E+11,1500US484530013053,Block Group 3,G5030,S,655707,0,30.2452677,-97.7539204,12807677,AUS_12807677,30.25037359,-97.74941242,2,1,3,16,3,31,1,1,4,11,1,4,N,4,NA,NA,4,97,97,,,0,0,1,0,0,1,0,N,N,N,N,N,N,N,7/15/2012,12:00 PM,227,22,N,N,NA,NA,19,NA,,1,1400,S,CONGRESS,AVE,N,N,0,N,N,,N,19,NA,,NA,,,GIBSON,ST,NA,NA,,,,NA,11,1,0,NA,2,1,1,3:15 PM,DISPATCHED,3:30 PM,7/15/2012,Y,74,NA,120,14,8,5,3,3,64,13,1,5,1,1,21,227,22,30.25037359,-97.74941242,,NA,NA,NA,1327,NA,NA,NA,NA,NA,,NA,NA,N/A,NA,NA,NA,NA,Y,N,N,3,9,Y,SUN,NA,NA,NA,NA,NA,NA,NA,NA,NA,NA,NA,NA,NA,NA,NA,NA,NA,NA,NA,NA,NA,NA,NA,NA,NA,NA,NA,NA,NA,NA,NA,NA,NA,NA,NA,NA,NA,NA,NA,NA,NA,NA,NA,NA,NA,NA,NA,NA,NA,NA,NA,NA,NA,NA,NA,0,0,1,1,0,1,0,90,128076772,1280767721,59,No
S CONGRESS AVE,AUS_1333611321,444,447,48,453,1401,1,4.85E+11,1500US484530014011,Block Group 1,G5030,S,650840,121283,30.2552815,-97.7457665,13336113,AUS_13336113,30.26020588,-97.74570365,2,1,3,16,3,23,1,1,4,11,1,5,N,4,NA,NA,4,97,97,,,0,0,1,0,0,1,0,N,N,N,N,N,N,N,6/16/2013,12:05 PM,227,22,N,N,NA,NA,19,NA,,1,200,S,CONGRESS,AVE,N,N,35,N,N,,N,19,NA,,NA,100,,BARTON SPRINGS,RD,NA,NA,,,,NA,11,1,0,NA,2,1,20,12:05 PM,DISPATCHED,12:18 PM,6/16/2013,Y,74,21,93,112,8,5,4,1,64,3,1,5,1,21,21,227,22,30.26020588,-97.74570365,,NA,NA,NA,NA,NA,NA,NA,NA,NA,,NA,NA,N/A,NA,NA,NA,NA,Y,N,N,3,9,Y,SUN,NA,NA,NA,NA,NA,NA,NA,NA,NA,NA,NA,NA,NA,NA,NA,NA,NA,NA,NA,NA,NA,NA,NA,NA,NA,NA,NA,NA,NA,NA,NA,NA,NA,NA,NA,NA,NA,NA,NA,NA,NA,NA,NA,NA,NA,NA,NA,NA,NA,NA,NA,NA,NA,NA,NA,0,0,1,1,0,1,0,90,133361132,1333611321,59,No
S CONGRESS AVE,AUS_1227210421,185,374,48,453,1308,2,4.85E+11,1500US484530013082,Block Group 2,G5030,S,175368,0,30.2313836,-97.7620296,12272104,AUS_12272104,30.22965,-97.76026,2,1,3,16,2,19,1,1,4,11,1,4,N,4,NA,NA,4,97,97,,,0,1,0,0,0,1,0,N,N,N,N,N,N,N,9/8/2011,10:37 AM,227,22,N,N,NA,NA,19,NA,,1,3800,S,CONGRESS,AVE,N,N,35,N,N,,Y,19,NA,,NA,,,WOODWARD,ST,NA,NA,,,,NA,11,1,4,NA,1,1,5,10:37 AM,DISPATCHED,,9/8/2011,Y,74,NA,NA,NA,8,5,1,1,64,54,1,5,1,21,21,227,22,30.22965,-97.76026,,NA,NA,NA,3401,NA,NA,NA,NA,NA,,NA,NA,WOODWARD ST,NA,NA,NA,NA,Y,N,N,2,9,Y,THU,NA,NA,NA,NA,NA,NA,NA,NA,NA,NA,NA,NA,NA,NA,NA,NA,NA,NA,NA,NA,NA,NA,NA,NA,NA,NA,NA,NA,NA,NA,NA,NA,NA,NA,NA,NA,NA,NA,NA,NA,NA,NA,NA,NA,NA,NA,NA,NA,NA,NA,NA,NA,NA,NA,NA,0,1,0,1,0,1,0,90,122721042,1227210421,59,No
S CONGRESS AVE,AUS_1208147421,392,447,48,453,1401,1,4.85E+11,1500US484530014011,Block Group 1,G5030,S,650840,121283,30.2552815,-97.7457665,12081474,AUS_12081474,30.25598426,-97.74732209,2,1,3,16,2,NA,1,1,4,11,1,5,N,4,NA,NA,4,97,97,,,0,1,0,0,0,1,0,N,N,N,N,N,N,N,5/23/2011,8:05 AM,227,22,N,Y,NA,NA,19,NA,,1,600,S,CONGRESS,AVE,N,N,35,N,N,,N,19,NA,,1,100,E,RIVERSIDE,DR,NA,NA,,,,NA,11,1,98,NA,1,1,1,8:06 AM,DISPATCHED,8:15 AM,5/23/2011,Y,74,NA,NA,90,8,5,3,3,64,13,1,5,1,32,21,227,22,30.25598426,-97.74732209,,NA,NA,NA,578,NA,NA,NA,NA,NA,,NA,NA,N/A,NA,NA,NA,NA,Y,N,N,2,9,Y,MON,NA,NA,NA,NA,NA,NA,NA,NA,NA,NA,NA,NA,NA,NA,NA,NA,NA,NA,NA,NA,NA,NA,NA,NA,NA,NA,NA,NA,NA,NA,NA,NA,NA,NA,NA,NA,NA,NA,NA,NA,NA,NA,NA,NA,NA,NA,NA,NA,NA,NA,NA,NA,NA,NA,NA,0,1,0,1,0,1,0,90,120814742,1208147421,59,No
S CONGRESS AVE,AUS_1265219821,200,374,48,453,1308,2,4.85E+11,1500US484530013082,Block Group 2,G5030,S,175368,0,30.2313836,-97.7620296,12652198,AUS_12652198,30.23173107,-97.75895862,2,1,3,16,2,29,1,2,4,11,1,4,N,4,NA,NA,4,97,97,,,0,1,0,0,0,1,0,N,N,N,N,N,N,N,4/7/2012,9:30 PM,227,22,N,Y,NA,NA,19,NA,,1,3100,S,CONGRESS,AVE,N,N,45,N,N,,N,19,NA,,1,100,,HAVANA,ST,NA,NA,,,,NA,11,1,0,NA,1,1,1,9:31 PM,DISPATCH,9:32 PM,4/9/2012,Y,74,17,105,112,8,5,3,3,64,13,1,5,1,32,21,227,22,30.23173107,-97.75895862,,NA,NA,NA,3107,NA,NA,NA,NA,NA,,NA,NA,N/A,NA,NA,NA,NA,Y,N,N,2,9,Y,SAT,NA,NA,NA,NA,NA,NA,NA,NA,NA,NA,NA,NA,NA,NA,NA,NA,NA,NA,NA,NA,NA,NA,NA,NA,NA,NA,NA,NA,NA,NA,NA,NA,NA,NA,NA,NA,NA,NA,NA,NA,NA,NA,NA,NA,NA,NA,NA,NA,NA,NA,NA,NA,NA,NA,NA,0,1,0,1,0,1,0,90,126521982,1265219821,59,No
S CONGRESS AVE,AUS_1194879521,156,375,48,453,1308,3,4.85E+11,1500US484530013083,Block Group 3,G5030,S,498115,0,30.2274839,-97.7651592,11948795,AUS_11948795,30.22429,-97.76312,2,1,3,16,2,32,1,1,4,11,1,4,N,4,NA,NA,4,97,97,,,0,1,0,0,0,1,0,N,N,N,N,N,N,N,3/7/2011,5:03 PM,227,22,N,N,NA,NA,19,NA,,1,3800,S,CONGRESS,AVE,N,N,40,N,N,,Y,19,NA,,1,,,DUNLAP,ST,NA,NA,,,,NA,11,1,2,NA,1,1,20,5:04 PM,DISPATCH,5:06 PM,3/7/2011,Y,74,17,105,112,8,5,1,1,64,54,1,5,1,21,21,227,22,30.22429,-97.76312,,NA,NA,NA,3907,NA,NA,NA,NA,NA,,NA,NA,DUNLAP ST,NA,NA,NA,NA,Y,N,N,2,9,Y,MON,NA,NA,NA,NA,NA,NA,NA,NA,NA,NA,NA,NA,NA,NA,NA,NA,NA,NA,NA,NA,NA,NA,NA,NA,NA,NA,NA,NA,NA,NA,NA,NA,NA,NA,NA,NA,NA,NA,NA,NA,NA,NA,NA,NA,NA,NA,NA,NA,NA,NA,NA,NA,NA,NA,NA,0,1,0,1,0,1,0,90,119487952,1194879521,59,No
S CONGRESS AVE,AUS_1469793421,389,447,48,453,1401,1,4.85E+11,1500US484530014011,Block Group 1,G5030,S,650840,121283,30.2552815,-97.7457665,14697934,AUS_14697934,30.25584921,-97.74736164,2,1,3,16,2,26,1,1,4,11,1,4,N,4,NA,NA,4,97,97,,,0,1,0,0,0,1,0,N,N,N,N,N,N,N,10/15/2015,9:35 AM,227,22,N,N,NA,NA,19,NA,,1,600,S,CONGRESS,AVE,N,N,-1,N,N,,Y,17,NA,,7,,,PRIVATE DRIVE,,NA,NA,,,,NA,11,1,0,NA,1,1,11,9:15 AM,DISPATCH,9:31 AM,10/15/2015,Y,74,NA,NA,98,8,5,3,3,64,13,1,5,1,32,21,227,22,30.25584921,-97.74736164,,NA,NA,NA,600,NA,NA,NA,NA,NA,,NA,NA,N/A,NA,NA,NA,NA,Y,N,N,2,9,Y,THU,NA,NA,NA,NA,NA,NA,NA,NA,NA,NA,NA,NA,NA,NA,NA,NA,NA,NA,NA,NA,NA,NA,NA,NA,NA,NA,NA,NA,NA,NA,NA,NA,NA,NA,NA,NA,NA,NA,NA,NA,NA,NA,NA,NA,NA,NA,NA,NA,NA,NA,NA,NA,NA,NA,NA,0,1,0,1,0,1,0,90,NA,NA,59,No
S CONGRESS AVE,AUS_1400155421,341,376,48,453,1401,2,4.85E+11,1500US484530014012,Block Group 2,G5030,S,605746,0,30.2451069,-97.74788,14001554,AUS_14001554,30.24863806,-97.75003355,2,1,3,16,3,25,1,2,4,11,1,3,N,4,NA,NA,4,97,97,,,0,0,1,0,0,1,0,N,N,N,N,N,N,N,9/1/2014,10:57 AM,227,22,N,Y,NA,NA,19,NA,,1,1400,S,CONGRESS,,N,N,35,N,N,,N,19,NA,,NA,,W,ELIZABETH,ST,NA,NA,,,,NA,11,1,98,NA,3,1,20,10:57 AM,DISPATCH,10:57 AM,9/1/2014,N,74,NA,34,48,8,5,3,3,64,13,1,5,1,32,20,227,22,30.24863806,-97.75003355,,NA,NA,NA,1527,NA,NA,NA,NA,NA,,NA,NA,N/A,NA,NA,NA,NA,Y,N,N,3,9,Y,MON,NA,NA,NA,NA,NA,NA,NA,NA,NA,NA,NA,NA,NA,NA,NA,NA,NA,NA,NA,NA,NA,NA,NA,NA,NA,NA,NA,NA,NA,NA,NA,NA,NA,NA,NA,NA,NA,NA,NA,NA,NA,NA,NA,NA,NA,NA,NA,NA,NA,NA,NA,NA,NA,NA,NA,0,0,1,2,0,1,0,90,140015542,1400155421,59,No