Street_Name,Crash_UP_ID,FID,FID_Austin,STATEFP,COUNTYFP,TRACTCE,BLKGRPCE,GEOID1,GEOID,NAMELSAD,MTFCC,FUNCSTAT,ALAND,AWATER,INTPTLAT,INTPTLON,CrashID,CrashID1,Latitude,Longitude,Unit_Nbr,Prsn_Nbr,Prsn_Type_ID,Prsn_Occpnt_Pos_ID,Prsn_Injry_Sev_ID,Prsn_Age,Prsn_Ethnicity_ID,Prsn_Gndr_ID,Prsn_Ejct_ID,Prsn_Rest_ID,Prsn_Airbag_ID,Prsn_Helmet_ID,Prsn_Sol_Fl,Prsn_Alc_Spec_Type_ID,Prsn_Alc_Rslt_ID,Prsn_Bac_Test_Rslt,Prsn_Drg_Spec_Type_ID,Prsn_Drg_Rslt_ID,Drvr_Drg_Cat_1_ID,Prsn_Death_Date,Prsn_Death_Time,Incap_Injry_Cnt.x,Nonincap_Injry_Cnt.x,Poss_Injry_Cnt.x,Non_Injry_Cnt.x,Unkn_Injry_Cnt.x,Tot_Injry_Cnt.x,Death_Cnt.x,Crash_Fatal_Fl,Cmv_Involv_Fl,Schl_Bus_Fl,Rr_Relat_Fl,Medical_Advisory_Fl,Amend_Supp_Fl,Active_School_Zone_Fl,Crash_Date,Crash_Time,Rpt_CRIS_Cnty_ID,Rpt_City_ID,Rpt_Outside_City_Limit_Fl,Thousand_Damage_Fl,Rpt_Latitude,Rpt_Longitude,Rpt_Rdwy_Sys_ID,Rpt_Hwy_Num,Rpt_Hwy_Sfx,Rpt_Road_Part_ID,Rpt_Block_Num,Rpt_Street_Pfx,Rpt_Street_Name,Rpt_Street_Sfx,Private_Dr_Fl,Toll_Road_Fl,Crash_Speed_Limit,Road_Constr_Zone_Fl,Road_Constr_Zone_Wrkr_Fl,Rpt_Street_Desc,At_Intrsct_Fl,Rpt_Sec_Rdwy_Sys_ID,Rpt_Sec_Hwy_Num,Rpt_Sec_Hwy_Sfx,Rpt_Sec_Road_Part_ID,Rpt_Sec_Block_Num,Rpt_Sec_Street_Pfx,Rpt_Sec_Street_Name,Rpt_Sec_Street_Sfx,Rpt_Ref_Mark_Offset_Amt,Rpt_Ref_Mark_Dist_Uom,Rpt_Ref_Mark_Dir,Rpt_Ref_Mark_Nbr,Rpt_Sec_Street_Desc,Rpt_CrossingNumber,Wthr_Cond_ID,Light_Cond_ID,Entr_Road_ID,Road_Type_ID,Road_Algn_ID,Surf_Cond_ID,Traffic_Cntl_ID,Investigat_Notify_Time,Investigat_Notify_Meth,Investigat_Arrv_Time,Report_Date,Investigat_Comp_Fl,Investigat_Agency_ID,Investigat_Area_ID,Investigat_District_ID,Investigat_Region_ID,Bridge_Detail_ID,Harm_Evnt_ID,Intrsct_Relat_ID,FHE_Collsn_ID,Obj_Struck_ID,Othr_Factr_ID,Road_Part_Adj_ID,Road_Cls_ID,Road_Relat_ID,Phys_Featr_1_ID,Phys_Featr_2_ID,Cnty_ID,City_ID,Latitude.1,Longitude.1,Hwy_Sys,Hwy_Nbr,Hwy_Sfx,Dfo,Street_Nbr,Control,Section,Milepoint,Ref_Mark_Nbr,Ref_Mark_Displ,Hwy_Sys_2,Hwy_Nbr_2,Hwy_Sfx_2,Street_Name_2,Street_Nbr_2,Control_2,Section_2,Milepoint_2,Txdot_Rptable_Fl,Onsys_Fl,Rural_Fl,Crash_Sev_ID,Pop_Group_ID,Located_Fl,Day_of_Week,Hwy_Dsgn_Lane_ID,Hwy_Dsgn_Hrt_ID,Hp_Shldr_Left,Hp_Shldr_Right,Hp_Median_Width,Base_Type_ID,Nbr_Of_Lane,Row_Width_Usual,Roadbed_Width,Surf_Width,Surf_Type_ID,Curb_Type_Left_ID,Curb_Type_Right_ID,Shldr_Type_Left_ID,Shldr_Width_Left,Shldr_Use_Left_ID,Shldr_Type_Right_ID,Shldr_Width_Right,Shldr_Use_Right_ID,Median_Type_ID,Median_Width,Rural_Urban_Type_ID,Func_Sys_ID,Adt_Curnt_Amt,Adt_Curnt_Year,Adt_Adj_Curnt_Amt,Pct_Single_Trk_Adt,Pct_Combo_Trk_Adt,Trk_Aadt_Pct,Curve_Type_ID,Curve_Lngth,Cd_Degr,Delta_Left_Right_ID,Dd_Degr,Feature_Crossed,Structure_Number,I_R_Min_Vert_Clear,Approach_Width,Bridge_Median_ID,Bridge_Loading_Type_ID,Bridge_Loading_In_1000_Lbs,Bridge_Srvc_Type_On_ID,Bridge_Srvc_Type_Under_ID,Culvert_Type_ID,Roadway_Width,Deck_Width,Bridge_Dir_Of_Traffic_ID,Bridge_Rte_Struct_Func_ID,Bridge_IR_Struct_Func_ID,CrossingNumber,RRCo,Poscrossing_ID,WDCode_ID,Standstop,Yield,Incap_Injry_Cnt.y,Nonincap_Injry_Cnt.y,Poss_Injry_Cnt.y,Non_Injry_Cnt.y,Unkn_Injry_Cnt.y,Tot_Injry_Cnt.y,Death_Cnt.y,MPO_ID,Unit_ID,Unit_Prsn_ID,Count,BikePath
S CONGRESS AVE,AUS_1323191721,347,369,48,453,1305,3,4.85E+11,1500US484530013053,Block Group 3,G5030,S,655707,0,30.2452677,-97.7539204,13231917,AUS_13231917,30.2491619,-97.74984627,2,1,3,16,2,34,1,1,4,11,1,4,N,4,NA,NA,4,97,97,,,0,1,0,0,0,1,0,N,N,N,N,N,N,N,4/7/2013,4:48 PM,227,22,N,N,NA,NA,19,NA,,1,1400,S,CONGRESS,AVE,N,N,35,N,N,,N,19,NA,,NA,100,E,ELIZABETH,ST,NA,NA,,,,NA,11,1,0,NA,2,1,20,4:48 PM,DISPATCHED,4:49 PM,4/7/2013,Y,74,17,105,112,8,5,4,1,64,54,1,5,1,21,21,227,22,30.2491619,-97.74984627,,NA,NA,NA,1472,NA,NA,NA,NA,NA,,NA,NA,N/A,NA,NA,NA,NA,Y,N,N,2,9,Y,SUN,NA,NA,NA,NA,NA,NA,NA,NA,NA,NA,NA,NA,NA,NA,NA,NA,NA,NA,NA,NA,NA,NA,NA,NA,NA,NA,NA,NA,NA,NA,NA,NA,NA,NA,NA,NA,NA,NA,NA,NA,NA,NA,NA,NA,NA,NA,NA,NA,NA,NA,NA,NA,NA,NA,NA,0,1,0,1,0,1,0,90,132319172,1323191721,59,No
S CONGRESS AVE,AUS_1363976321,313,369,48,453,1305,3,4.85E+11,1500US484530013053,Block Group 3,G5030,S,655707,0,30.2452677,-97.7539204,13639763,AUS_13639763,30.24516,-97.75133,2,1,3,16,3,39,1,1,4,11,1,2,N,4,NA,NA,4,97,97,,,0,0,1,0,0,1,0,N,N,N,N,N,N,N,10/18/2013,3:08 PM,227,22,N,N,NA,NA,19,NA,,1,1900,S,CONGRESS AVE,AVE,N,N,35,N,N,,Y,19,NA,,1,100,E,MARY ST,ST,NA,NA,,,,NA,12,1,98,NA,7,1,5,3:10 PM,DISPATCH,3:17 PM,10/18/2013,Y,74,1043,93,112,8,5,1,2,64,54,1,5,1,21,21,227,22,30.24516,-97.75133,,NA,NA,NA,1900,NA,NA,NA,NA,NA,,NA,NA,UNKNOWN,NA,NA,NA,NA,Y,N,N,3,9,Y,FRI,NA,NA,NA,NA,NA,NA,NA,NA,NA,NA,NA,NA,NA,NA,NA,NA,NA,NA,NA,NA,NA,NA,NA,NA,NA,NA,NA,NA,NA,NA,NA,NA,NA,NA,NA,NA,NA,NA,NA,NA,NA,NA,NA,NA,NA,NA,NA,NA,NA,NA,NA,NA,NA,NA,NA,0,0,1,1,0,1,0,90,136397632,1363976321,59,No
S CONGRESS AVE,AUS_1322655011,411,450,48,453,1305,1,4.85E+11,1500US484530013051,Block Group 1,G5030,S,1106325,65346,30.2582419,-97.7524205,13226550,AUS_13226550,30.25717302,-97.74688505,1,1,3,16,3,22,1,1,4,11,1,4,N,4,NA,NA,4,97,97,,,0,0,1,0,0,1,0,N,N,N,N,N,N,N,2/4/2013,1:41 PM,227,22,N,N,NA,NA,19,NA,,1,400,S,CONGRESS,AVE,N,N,35,N,N,,N,19,NA,,NA,,E,RIVERSIDE,DR,NA,NA,,,,NA,11,1,0,NA,2,1,20,1:41 PM,DISPATCHED,1:46 PM,2/4/2013,Y,74,NA,NA,90,8,5,2,1,64,46,1,5,1,21,21,227,22,30.25717302,-97.74688505,,NA,NA,NA,398,NA,NA,NA,NA,NA,,NA,NA,E RIVERSIDE DR,NA,NA,NA,NA,Y,N,N,3,9,Y,MON,NA,NA,NA,NA,NA,NA,NA,NA,NA,NA,NA,NA,NA,NA,NA,NA,NA,NA,NA,NA,NA,NA,NA,NA,NA,NA,NA,NA,NA,NA,NA,NA,NA,NA,NA,NA,NA,NA,NA,NA,NA,NA,NA,NA,NA,NA,NA,NA,NA,NA,NA,NA,NA,NA,NA,0,0,1,1,0,1,0,90,132265501,1322655011,59,No
S CONGRESS AVE,AUS_1299653221,237,287,48,453,1308,1,4.85E+11,1500US484530013081,Block Group 1,G5030,S,314190,0,30.2349237,-97.7606408,12996532,AUS_12996532,30.23551,-97.75637,2,1,3,16,2,23,2,1,4,11,1,4,N,4,NA,NA,4,97,97,,,0,1,0,0,0,1,0,N,N,N,N,N,N,N,10/2/2012,5:56 PM,227,22,N,Y,NA,NA,19,NA,,1,NA,S,CONGRESS,AVE,N,N,0,N,N,,Y,19,NA,,NA,,,CUMBERLAND,ST,NA,NA,,,,NA,11,1,2,NA,1,1,5,5:58 PM,DISPATCHED,6:05 PM,10/2/2012,Y,74,17,105,112,8,5,1,3,64,54,1,5,1,21,21,227,22,30.23551,-97.75637,,NA,NA,NA,2701,NA,NA,NA,NA,NA,,NA,NA,CUMBERLAND RD,NA,NA,NA,NA,Y,N,N,2,9,Y,TUE,NA,NA,NA,NA,NA,NA,NA,NA,NA,NA,NA,NA,NA,NA,NA,NA,NA,NA,NA,NA,NA,NA,NA,NA,NA,NA,NA,NA,NA,NA,NA,NA,NA,NA,NA,NA,NA,NA,NA,NA,NA,NA,NA,NA,NA,NA,NA,NA,NA,NA,NA,NA,NA,NA,NA,0,1,0,1,0,1,0,90,129965322,1299653221,59,No
S CONGRESS AVE,AUS_1368144321,81,485,48,453,2402,4,4.85E+11,1500US484530024024,Block Group 4,G5030,S,1756137,0,30.1993255,-97.7710959,13681443,AUS_13681443,30.20326662,-97.77535343,2,1,3,16,5,44,2,1,4,11,1,97,N,4,NA,NA,4,97,97,,,0,0,0,1,0,0,0,N,N,N,N,N,N,N,1/31/2014,10:23 PM,227,22,N,Y,NA,NA,19,NA,,1,5800,S,CONGRESS,AVE,N,N,40,N,N,ROADWAY,N,19,NA,,NA,100,,AINESWORTH,ST,NA,NA,,,,NA,11,4,0,NA,1,1,11,10:23 PM,DISPATCH,10:25 PM,1/31/2014,N,74,1042,99,130,8,5,2,1,64,54,1,5,1,21,21,227,22,30.20326662,-97.77535343,,NA,NA,NA,5714,NA,NA,NA,NA,NA,,NA,NA,AINSWORTH ST,NA,NA,NA,NA,Y,N,N,5,9,Y,FRI,NA,NA,NA,NA,NA,NA,NA,NA,NA,NA,NA,NA,NA,NA,NA,NA,NA,NA,NA,NA,NA,NA,NA,NA,NA,NA,NA,NA,NA,NA,NA,NA,NA,NA,NA,NA,NA,NA,NA,NA,NA,NA,NA,NA,NA,NA,NA,NA,NA,NA,NA,NA,NA,NA,NA,0,0,0,4,0,0,0,90,136814432,1368144321,59,No
S CONGRESS AVE,AUS_1270779721,195,374,48,453,1308,2,4.85E+11,1500US484530013082,Block Group 2,G5030,S,175368,0,30.2313836,-97.7620296,12707797,AUS_12707797,30.23106,-97.75935,2,1,3,16,2,57,2,1,4,11,1,4,N,4,NA,NA,4,97,97,,,0,1,0,0,0,1,0,N,N,N,N,N,N,N,4/2/2012,12:09 PM,227,22,N,N,NA,NA,19,NA,,1,3200,S,CONGRESS,AVE,N,N,35,N,N,,N,19,NA,,NA,,S,S CL COLEMAN,,NA,NA,,,,NA,11,1,98,NA,1,1,16,12:09 PM,DISPATCH,12:11 PM,4/2/2012,Y,74,NA,NA,NA,8,5,4,1,64,54,1,5,1,21,21,227,22,30.23106,-97.75935,,NA,NA,NA,3200,NA,NA,NA,NA,NA,,NA,NA,N/A,NA,NA,NA,NA,Y,N,N,2,9,Y,MON,NA,NA,NA,NA,NA,NA,NA,NA,NA,NA,NA,NA,NA,NA,NA,NA,NA,NA,NA,NA,NA,NA,NA,NA,NA,NA,NA,NA,NA,NA,NA,NA,NA,NA,NA,NA,NA,NA,NA,NA,NA,NA,NA,NA,NA,NA,NA,NA,NA,NA,NA,NA,NA,NA,NA,0,1,0,1,0,1,0,90,127077972,1270779721,59,No
S CONGRESS AVE,AUS_1304239521,265,369,48,453,1305,3,4.85E+11,1500US484530013053,Block Group 3,G5030,S,655707,0,30.2452677,-97.7539204,13042395,AUS_13042395,30.2388,-97.75355,2,1,3,16,2,24,1,1,4,11,2,4,N,4,NA,NA,4,97,97,,,0,1,0,0,0,1,0,N,N,N,N,N,N,N,12/4/2012,6:03 PM,227,22,N,Y,NA,NA,19,NA,,1,2300,S,CONGRESS,AVE,N,N,0,N,N,,Y,19,NA,,1,100,W,OLTORF,ST,NA,NA,,,,NA,11,4,4,NA,1,1,5,6:03 PM,DISPATCHED,6:05 PM,12/4/2012,Y,74,NA,105,112,8,5,1,3,64,3,1,5,1,21,21,227,22,30.2388,-97.75355,,NA,NA,NA,2399,NA,NA,NA,NA,NA,,NA,NA,W OLTORF ST,NA,NA,NA,NA,Y,N,N,2,9,Y,TUE,NA,NA,NA,NA,NA,NA,NA,NA,NA,NA,NA,NA,NA,NA,NA,NA,NA,NA,NA,NA,NA,NA,NA,NA,NA,NA,NA,NA,NA,NA,NA,NA,NA,NA,NA,NA,NA,NA,NA,NA,NA,NA,NA,NA,NA,NA,NA,NA,NA,NA,NA,NA,NA,NA,NA,0,1,0,1,0,1,0,90,130423952,1304239521,59,No
S CONGRESS AVE,AUS_1204351521,391,447,48,453,1401,1,4.85E+11,1500US484530014011,Block Group 1,G5030,S,650840,121283,30.2552815,-97.7457665,12043515,AUS_12043515,30.25585346,-97.74736953,2,1,3,16,2,40,1,1,4,11,1,2,N,4,NA,NA,4,97,97,,,0,1,0,0,0,1,0,N,N,N,N,N,N,N,4/12/2011,8:32 AM,227,22,N,Y,NA,NA,19,NA,,1,600,S,CONGRESS,AVE,N,N,45,N,N,,N,19,NA,,1,100,E,RIVERSIDE,DR,NA,NA,,,,NA,11,1,2,NA,2,1,1,8:32 AM,DISPATCH,8:33 AM,4/12/2011,Y,74,68,93,112,8,5,3,3,64,13,1,5,1,32,21,227,22,30.25585346,-97.74736953,,NA,NA,NA,599,NA,NA,NA,NA,NA,,NA,NA,N/A,NA,NA,NA,NA,Y,N,N,2,9,Y,TUE,NA,NA,NA,NA,NA,NA,NA,NA,NA,NA,NA,NA,NA,NA,NA,NA,NA,NA,NA,NA,NA,NA,NA,NA,NA,NA,NA,NA,NA,NA,NA,NA,NA,NA,NA,NA,NA,NA,NA,NA,NA,NA,NA,NA,NA,NA,NA,NA,NA,NA,NA,NA,NA,NA,NA,0,1,0,1,0,1,0,90,120435152,1204351521,59,No
S CONGRESS AVE,AUS_1214377721,186,374,48,453,1308,2,4.85E+11,1500US484530013082,Block Group 2,G5030,S,175368,0,30.2313836,-97.7620296,12143777,AUS_12143777,30.22968199,-97.76023943,2,1,3,16,3,30,1,1,4,11,1,2,N,4,NA,NA,4,97,97,,,0,0,1,0,0,1,0,N,N,N,N,N,N,N,3/5/2011,12:06 PM,227,22,N,N,NA,NA,19,NA,,1,NA,S,S CONGRESS,AVE,N,N,40,N,N,,Y,19,NA,,1,,,WOODWARD,ST,NA,NA,,,,NA,11,1,2,NA,1,1,16,12:13 PM,DISPATCH,12:17 PM,3/5/2011,Y,74,NA,NA,NA,8,5,2,2,64,54,1,5,1,21,21,227,22,30.22968199,-97.76023943,,NA,NA,NA,3395,NA,NA,NA,NA,NA,,NA,NA,UNKNOWN,NA,NA,NA,NA,Y,N,N,3,9,Y,SAT,NA,NA,NA,NA,NA,NA,NA,NA,NA,NA,NA,NA,NA,NA,NA,NA,NA,NA,NA,NA,NA,NA,NA,NA,NA,NA,NA,NA,NA,NA,NA,NA,NA,NA,NA,NA,NA,NA,NA,NA,NA,NA,NA,NA,NA,NA,NA,NA,NA,NA,NA,NA,NA,NA,NA,0,0,1,1,0,1,0,90,121437772,1214377721,59,No
S CONGRESS AVE,AUS_1214976221,63,282,48,453,2402,2,4.85E+11,1500US484530024022,Block Group 2,G5030,S,791124,0,30.202511,-97.779861,12149762,AUS_12149762,30.19706,-97.77716,2,1,3,16,3,21,2,1,4,11,2,4,N,4,NA,NA,4,97,97,,,0,0,1,0,0,1,0,N,N,N,N,N,N,N,6/13/2011,6:40 PM,227,22,N,N,NA,NA,19,NA,,1,6400,S,CONGRESS,AVE,N,N,45,N,N,,Y,19,NA,,1,100,,EBERHART,LN,NA,NA,,,,NA,11,1,0,NA,1,1,5,7:43 PM,DISPATCH,7:43 PM,6/13/2011,Y,74,NA,169,130,8,5,2,1,64,54,1,5,1,21,21,227,22,30.19706,-97.77716,,NA,NA,NA,6401,NA,NA,NA,NA,NA,,NA,NA,EBERHART LN,NA,NA,NA,NA,Y,N,N,3,9,Y,MON,NA,NA,NA,NA,NA,NA,NA,NA,NA,NA,NA,NA,NA,NA,NA,NA,NA,NA,NA,NA,NA,NA,NA,NA,NA,NA,NA,NA,NA,NA,NA,NA,NA,NA,NA,NA,NA,NA,NA,NA,NA,NA,NA,NA,NA,NA,NA,NA,NA,NA,NA,NA,NA,NA,NA,0,0,1,2,0,1,0,90,121497622,1214976221,59,No
S CONGRESS AVE,AUS_1201308621,137,152,48,453,2003,2,4.85E+11,1500US484530020032,Block Group 2,G5030,S,862608,0,30.2189672,-97.770144,12013086,AUS_12013086,30.22036,-97.76553,2,1,3,16,3,27,2,2,4,11,2,4,N,4,NA,NA,4,97,97,,,0,0,1,0,0,1,0,N,N,N,N,N,N,N,4/4/2011,8:27 AM,227,22,N,N,NA,NA,19,NA,,1,4222,S,CONGRESS,AVE,N,N,40,N,N,,Y,19,NA,,1,102,,INDUSTRIAL,BLVD,NA,NA,,,,NA,12,3,2,NA,1,2,5,8:27 AM,DISPATCHED,9:30 AM,4/4/2011,N,74,21,93,112,8,5,1,5,64,54,1,5,1,21,21,227,22,30.22036,-97.76553,,NA,NA,NA,4227,NA,NA,NA,NA,NA,,NA,NA,INDUSTRIAL BLVD,NA,NA,NA,NA,Y,N,N,3,9,Y,MON,NA,NA,NA,NA,NA,NA,NA,NA,NA,NA,NA,NA,NA,NA,NA,NA,NA,NA,NA,NA,NA,NA,NA,NA,NA,NA,NA,NA,NA,NA,NA,NA,NA,NA,NA,NA,NA,NA,NA,NA,NA,NA,NA,NA,NA,NA,NA,NA,NA,NA,NA,NA,NA,NA,NA,0,0,1,0,1,1,0,90,120130862,1201308621,59,No
S CONGRESS AVE,AUS_1314041621,442,447,48,453,1401,1,4.85E+11,1500US484530014011,Block Group 1,G5030,S,650840,121283,30.2552815,-97.7457665,13140416,AUS_13140416,30.25968006,-97.74590973,2,1,3,16,4,30,2,1,4,11,1,4,N,4,NA,NA,4,97,97,9/23/2012,4:42:00,0,0,0,0,0,0,1,Y,N,N,N,N,Y,N,9/23/2012,4:35 AM,227,22,N,Y,NA,NA,19,NA,,1,200,S,CONGRESS,AVE,N,N,35,N,N,,N,19,NA,,NA,,,BARTON SPRINGS,,NA,NA,,,,NA,11,4,0,NA,1,1,1,4:34 AM,DISPATCHED,4:40 AM,9/23/2012,Y,74,12,105,112,6,5,4,1,64,9,1,5,1,21,21,227,22,30.25968006,-97.74590973,,NA,NA,NA,213,NA,NA,NA,NA,NA,,NA,NA,N/A,NA,NA,NA,NA,Y,N,N,4,9,Y,SUN,NA,NA,NA,NA,NA,NA,NA,NA,NA,NA,NA,NA,NA,NA,NA,NA,NA,NA,NA,NA,NA,NA,NA,NA,NA,NA,NA,NA,NA,NA,NA,NA,NA,NA,NA,NA,NA,NA,NA,NA,NA,NA,NA,NA,NA,NA,NA,NA,NA,NA,NA,NA,NA,NA,NA,0,0,1,0,0,1,1,90,131404162,1314041621,59,No
S CONGRESS AVE,AUS_1208147421,393,450,48,453,1305,1,4.85E+11,1500US484530013051,Block Group 1,G5030,S,1106325,65346,30.2582419,-97.7524205,12081474,AUS_12081474,30.25598426,-97.74732209,2,1,3,16,2,NA,1,1,4,11,1,5,N,4,NA,NA,4,97,97,,,0,1,0,0,0,1,0,N,N,N,N,N,N,N,5/23/2011,8:05 AM,227,22,N,Y,NA,NA,19,NA,,1,600,S,CONGRESS,AVE,N,N,35,N,N,,N,19,NA,,1,100,E,RIVERSIDE,DR,NA,NA,,,,NA,11,1,98,NA,1,1,1,8:06 AM,DISPATCHED,8:15 AM,5/23/2011,Y,74,NA,NA,90,8,5,3,3,64,13,1,5,1,32,21,227,22,30.25598426,-97.74732209,,NA,NA,NA,578,NA,NA,NA,NA,NA,,NA,NA,N/A,NA,NA,NA,NA,Y,N,N,2,9,Y,MON,NA,NA,NA,NA,NA,NA,NA,NA,NA,NA,NA,NA,NA,NA,NA,NA,NA,NA,NA,NA,NA,NA,NA,NA,NA,NA,NA,NA,NA,NA,NA,NA,NA,NA,NA,NA,NA,NA,NA,NA,NA,NA,NA,NA,NA,NA,NA,NA,NA,NA,NA,NA,NA,NA,NA,0,1,0,1,0,1,0,90,120814742,1208147421,59,No
S CONGRESS AVE,AUS_1344131521,267,393,48,453,2308,1,4.85E+11,1500US484530023081,Block Group 1,G5030,S,352528,0,30.2381013,-97.748289,13441315,AUS_13441315,30.23922705,-97.75315711,2,1,3,16,3,32,1,1,4,11,1,4,N,4,NA,NA,4,97,97,,,0,0,1,0,0,1,0,N,N,N,N,N,N,N,9/2/2013,6:34 PM,227,22,N,N,NA,NA,19,NA,,1,2400,S,CONGRESS,AVE,N,N,35,N,N,,N,19,NA,,NA,100,W,OLTROF,ST,NA,NA,,,,NA,11,1,0,NA,1,1,16,5:51 PM,ON SIGHT,5:51 PM,9/2/2013,Y,74,1043,93,112,8,5,3,1,64,14,1,5,1,32,21,227,22,30.23922705,-97.75315711,,NA,NA,NA,2356,NA,NA,NA,NA,NA,,NA,NA,N/A,NA,NA,NA,NA,Y,N,N,3,9,Y,MON,NA,NA,NA,NA,NA,NA,NA,NA,NA,NA,NA,NA,NA,NA,NA,NA,NA,NA,NA,NA,NA,NA,NA,NA,NA,NA,NA,NA,NA,NA,NA,NA,NA,NA,NA,NA,NA,NA,NA,NA,NA,NA,NA,NA,NA,NA,NA,NA,NA,NA,NA,NA,NA,NA,NA,0,0,1,1,0,1,0,90,134413152,1344131521,59,No
S CONGRESS AVE,AUS_1268025421,293,376,48,453,1401,2,4.85E+11,1500US484530014012,Block Group 2,G5030,S,605746,0,30.2451069,-97.74788,12680254,AUS_12680254,30.24285387,-97.7521796,2,1,3,16,2,48,1,2,4,11,1,3,N,4,NA,NA,4,97,97,,,0,1,0,0,0,1,0,N,N,N,N,N,N,N,4/25/2012,11:41 AM,227,22,N,N,NA,NA,19,NA,,1,2100,S,CONGRESS,AVE,N,N,40,N,N,,N,19,NA,,NA,100,,CROCKETT,ST,NA,NA,,,,NA,11,1,0,NA,1,1,16,11:41 AM,DISPATCH,11:44 AM,4/25/2012,Y,74,NA,NA,NA,8,5,1,3,64,54,1,5,1,21,21,227,22,30.24285387,-97.7521796,,NA,NA,NA,2111,NA,NA,NA,NA,NA,,NA,NA,CROCKETT ST,NA,NA,NA,NA,Y,N,N,2,9,Y,WED,NA,NA,NA,NA,NA,NA,NA,NA,NA,NA,NA,NA,NA,NA,NA,NA,NA,NA,NA,NA,NA,NA,NA,NA,NA,NA,NA,NA,NA,NA,NA,NA,NA,NA,NA,NA,NA,NA,NA,NA,NA,NA,NA,NA,NA,NA,NA,NA,NA,NA,NA,NA,NA,NA,NA,0,1,0,1,0,1,0,90,126802542,1268025421,59,No
S CONGRESS AVE,AUS_1352546821,263,369,48,453,1305,3,4.85E+11,1500US484530013053,Block Group 3,G5030,S,655707,0,30.2452677,-97.7539204,13525468,AUS_13525468,30.2388,-97.75355,2,1,3,16,2,60,1,1,4,11,1,4,N,4,NA,NA,4,97,97,,,0,1,0,0,0,1,0,N,N,N,N,N,N,N,9/16/2013,10:40 PM,227,22,N,N,NA,NA,19,NA,,1,NA,S,CONGRESS,AVE,N,N,-1,N,N,,Y,19,NA,,1,,E,OLTORF,ST,NA,NA,,,,NA,11,4,4,NA,1,1,5,10:40 PM,DISPATCH,10:43 PM,9/16/2013,Y,74,1043,93,112,8,5,3,1,64,13,1,5,1,32,21,227,22,30.2388,-97.75355,,NA,NA,NA,2399,NA,NA,NA,NA,NA,,NA,NA,N/A,NA,NA,NA,NA,Y,N,N,2,9,Y,MON,NA,NA,NA,NA,NA,NA,NA,NA,NA,NA,NA,NA,NA,NA,NA,NA,NA,NA,NA,NA,NA,NA,NA,NA,NA,NA,NA,NA,NA,NA,NA,NA,NA,NA,NA,NA,NA,NA,NA,NA,NA,NA,NA,NA,NA,NA,NA,NA,NA,NA,NA,NA,NA,NA,NA,0,1,0,1,0,1,0,90,135254682,1352546821,59,No
S CONGRESS AVE,AUS_1475042721,255,262,48,453,1308,4,4.85E+11,1500US484530013084,Block Group 4,G5030,S,318307,0,30.2387552,-97.7578847,14750427,AUS_14750427,30.2381331,-97.75410771,2,1,3,16,2,55,1,1,4,11,1,5,N,4,NA,NA,4,97,97,,,0,1,0,0,0,1,0,N,N,N,N,N,N,N,11/10/2015,8:46 AM,227,22,N,Y,NA,NA,19,NA,,1,2400,S,CONGRESS,AVE,N,N,40,Y,N,,N,19,NA,,1,100,E,OLTORF,ST,NA,NA,,,,NA,12,1,0,NA,1,1,16,8:29 AM,DISPATCH,8:43 AM,11/10/2015,Y,74,NA,NA,93,8,5,3,1,64,49,1,5,2,32,21,227,22,30.2381331,-97.75410771,,NA,NA,NA,2439,NA,NA,NA,NA,NA,,NA,NA,N/A,NA,NA,NA,NA,Y,N,N,2,9,Y,TUE,NA,NA,NA,NA,NA,NA,NA,NA,NA,NA,NA,NA,NA,NA,NA,NA,NA,NA,NA,NA,NA,NA,NA,NA,NA,NA,NA,NA,NA,NA,NA,NA,NA,NA,NA,NA,NA,NA,NA,NA,NA,NA,NA,NA,NA,NA,NA,NA,NA,NA,NA,NA,NA,NA,NA,0,1,0,1,0,1,0,90,NA,NA,59,No
S CONGRESS AVE,AUS_1376837221,360,369,48,453,1305,3,4.85E+11,1500US484530013053,Block Group 3,G5030,S,655707,0,30.2452677,-97.7539204,13768372,AUS_13768372,30.25112,-97.74913,2,1,3,16,2,33,1,1,4,11,1,97,N,4,NA,NA,4,97,97,,,0,1,0,0,0,1,0,N,N,N,N,N,N,N,4/2/2014,12:23 AM,227,22,N,Y,NA,NA,19,NA,,1,1300,S,CONGRESS,AVE,N,N,30,N,N,,N,19,NA,,NA,,,THE CIRCLE,DR,NA,NA,,,,NA,11,4,0,NA,2,1,5,12:12 AM,DISPATCH,12:13 AM,4/2/2014,N,74,1043,93,112,8,5,3,1,64,14,1,5,1,32,21,227,22,30.25112,-97.74913,,NA,NA,NA,1300,NA,NA,NA,NA,NA,,NA,NA,N/A,NA,NA,NA,NA,Y,N,N,2,9,Y,WED,NA,NA,NA,NA,NA,NA,NA,NA,NA,NA,NA,NA,NA,NA,NA,NA,NA,NA,NA,NA,NA,NA,NA,NA,NA,NA,NA,NA,NA,NA,NA,NA,NA,NA,NA,NA,NA,NA,NA,NA,NA,NA,NA,NA,NA,NA,NA,NA,NA,NA,NA,NA,NA,NA,NA,0,1,0,1,0,1,0,90,137683722,1376837221,59,No