Street_Name,Crash_UP_ID,FID,FID_Austin,STATEFP,COUNTYFP,TRACTCE,BLKGRPCE,GEOID1,GEOID,NAMELSAD,MTFCC,FUNCSTAT,ALAND,AWATER,INTPTLAT,INTPTLON,CrashID,CrashID1,Latitude,Longitude,Unit_Nbr,Prsn_Nbr,Prsn_Type_ID,Prsn_Occpnt_Pos_ID,Prsn_Injry_Sev_ID,Prsn_Age,Prsn_Ethnicity_ID,Prsn_Gndr_ID,Prsn_Ejct_ID,Prsn_Rest_ID,Prsn_Airbag_ID,Prsn_Helmet_ID,Prsn_Sol_Fl,Prsn_Alc_Spec_Type_ID,Prsn_Alc_Rslt_ID,Prsn_Bac_Test_Rslt,Prsn_Drg_Spec_Type_ID,Prsn_Drg_Rslt_ID,Drvr_Drg_Cat_1_ID,Prsn_Death_Date,Prsn_Death_Time,Incap_Injry_Cnt.x,Nonincap_Injry_Cnt.x,Poss_Injry_Cnt.x,Non_Injry_Cnt.x,Unkn_Injry_Cnt.x,Tot_Injry_Cnt.x,Death_Cnt.x,Crash_Fatal_Fl,Cmv_Involv_Fl,Schl_Bus_Fl,Rr_Relat_Fl,Medical_Advisory_Fl,Amend_Supp_Fl,Active_School_Zone_Fl,Crash_Date,Crash_Time,Rpt_CRIS_Cnty_ID,Rpt_City_ID,Rpt_Outside_City_Limit_Fl,Thousand_Damage_Fl,Rpt_Latitude,Rpt_Longitude,Rpt_Rdwy_Sys_ID,Rpt_Hwy_Num,Rpt_Hwy_Sfx,Rpt_Road_Part_ID,Rpt_Block_Num,Rpt_Street_Pfx,Rpt_Street_Name,Rpt_Street_Sfx,Private_Dr_Fl,Toll_Road_Fl,Crash_Speed_Limit,Road_Constr_Zone_Fl,Road_Constr_Zone_Wrkr_Fl,Rpt_Street_Desc,At_Intrsct_Fl,Rpt_Sec_Rdwy_Sys_ID,Rpt_Sec_Hwy_Num,Rpt_Sec_Hwy_Sfx,Rpt_Sec_Road_Part_ID,Rpt_Sec_Block_Num,Rpt_Sec_Street_Pfx,Rpt_Sec_Street_Name,Rpt_Sec_Street_Sfx,Rpt_Ref_Mark_Offset_Amt,Rpt_Ref_Mark_Dist_Uom,Rpt_Ref_Mark_Dir,Rpt_Ref_Mark_Nbr,Rpt_Sec_Street_Desc,Rpt_CrossingNumber,Wthr_Cond_ID,Light_Cond_ID,Entr_Road_ID,Road_Type_ID,Road_Algn_ID,Surf_Cond_ID,Traffic_Cntl_ID,Investigat_Notify_Time,Investigat_Notify_Meth,Investigat_Arrv_Time,Report_Date,Investigat_Comp_Fl,Investigat_Agency_ID,Investigat_Area_ID,Investigat_District_ID,Investigat_Region_ID,Bridge_Detail_ID,Harm_Evnt_ID,Intrsct_Relat_ID,FHE_Collsn_ID,Obj_Struck_ID,Othr_Factr_ID,Road_Part_Adj_ID,Road_Cls_ID,Road_Relat_ID,Phys_Featr_1_ID,Phys_Featr_2_ID,Cnty_ID,City_ID,Latitude.1,Longitude.1,Hwy_Sys,Hwy_Nbr,Hwy_Sfx,Dfo,Street_Nbr,Control,Section,Milepoint,Ref_Mark_Nbr,Ref_Mark_Displ,Hwy_Sys_2,Hwy_Nbr_2,Hwy_Sfx_2,Street_Name_2,Street_Nbr_2,Control_2,Section_2,Milepoint_2,Txdot_Rptable_Fl,Onsys_Fl,Rural_Fl,Crash_Sev_ID,Pop_Group_ID,Located_Fl,Day_of_Week,Hwy_Dsgn_Lane_ID,Hwy_Dsgn_Hrt_ID,Hp_Shldr_Left,Hp_Shldr_Right,Hp_Median_Width,Base_Type_ID,Nbr_Of_Lane,Row_Width_Usual,Roadbed_Width,Surf_Width,Surf_Type_ID,Curb_Type_Left_ID,Curb_Type_Right_ID,Shldr_Type_Left_ID,Shldr_Width_Left,Shldr_Use_Left_ID,Shldr_Type_Right_ID,Shldr_Width_Right,Shldr_Use_Right_ID,Median_Type_ID,Median_Width,Rural_Urban_Type_ID,Func_Sys_ID,Adt_Curnt_Amt,Adt_Curnt_Year,Adt_Adj_Curnt_Amt,Pct_Single_Trk_Adt,Pct_Combo_Trk_Adt,Trk_Aadt_Pct,Curve_Type_ID,Curve_Lngth,Cd_Degr,Delta_Left_Right_ID,Dd_Degr,Feature_Crossed,Structure_Number,I_R_Min_Vert_Clear,Approach_Width,Bridge_Median_ID,Bridge_Loading_Type_ID,Bridge_Loading_In_1000_Lbs,Bridge_Srvc_Type_On_ID,Bridge_Srvc_Type_Under_ID,Culvert_Type_ID,Roadway_Width,Deck_Width,Bridge_Dir_Of_Traffic_ID,Bridge_Rte_Struct_Func_ID,Bridge_IR_Struct_Func_ID,CrossingNumber,RRCo,Poscrossing_ID,WDCode_ID,Standstop,Yield,Incap_Injry_Cnt.y,Nonincap_Injry_Cnt.y,Poss_Injry_Cnt.y,Non_Injry_Cnt.y,Unkn_Injry_Cnt.y,Tot_Injry_Cnt.y,Death_Cnt.y,MPO_ID,Unit_ID,Unit_Prsn_ID,Count,BikePath
S PLEASANT VALLEY RD,AUS_1291379121,218,423,48,453,2316,3,4.85E+11,1500US484530023163,Block Group 3,G5030,S,192029,0,30.2337861,-97.7267026,12913791,AUS_12913791,30.23357,-97.72379,2,1,3,16,2,NA,1,1,4,11,1,4,N,4,NA,NA,4,97,97,,,0,1,0,0,0,1,0,N,N,N,N,N,N,N,9/20/2012,9:11 PM,227,22,N,N,NA,NA,19,NA,,1,2000,S,PLEASANT VALLEY,RD,N,N,35,N,N,,Y,19,NA,,NA,4300,E,RIVERSIDE,DR,NA,NA,,,,NA,11,4,4,NA,2,1,5,9:11 PM,DISPATCHED,9:12 PM,9/20/2012,Y,74,NA,NA,222,8,5,1,3,64,54,1,5,1,21,21,227,22,30.23357,-97.72379,,NA,NA,NA,NA,NA,NA,NA,NA,NA,,NA,NA,E RIVERSIDE DR,NA,NA,NA,NA,Y,N,N,2,9,Y,THU,NA,NA,NA,NA,NA,NA,NA,NA,NA,NA,NA,NA,NA,NA,NA,NA,NA,NA,NA,NA,NA,NA,NA,NA,NA,NA,NA,NA,NA,NA,NA,NA,NA,NA,NA,NA,NA,NA,NA,NA,NA,NA,NA,NA,NA,NA,NA,NA,NA,NA,NA,NA,NA,NA,NA,0,1,0,1,0,1,0,90,129137912,1291379121,21,No
S PLEASANT VALLEY RD,AUS_1416315321,217,423,48,453,2316,3,4.85E+11,1500US484530023163,Block Group 3,G5030,S,192029,0,30.2337861,-97.7267026,14163153,AUS_14163153,30.23357,-97.72379,2,1,3,16,2,NA,1,1,4,11,1,4,N,4,NA,NA,4,97,97,,,0,1,0,0,0,1,0,N,N,N,N,N,N,N,11/11/2014,2:34 PM,227,22,N,Y,NA,NA,19,NA,,1,1900,S,PLEASANT VALLEY,RD,N,N,35,N,N,,Y,19,NA,,1,2500,E,RIVERSIDE,DR,NA,NA,,,,NA,11,1,4,NA,2,1,5,2:34 PM,DISPATCH,2:37 PM,11/11/2014,Y,74,1045,98,129,8,5,1,3,64,3,1,5,1,21,21,227,22,30.23357,-97.72379,,NA,NA,NA,NA,NA,NA,NA,NA,NA,,NA,NA,E RIVERSIDE DR,NA,NA,NA,NA,Y,N,N,2,9,Y,TUE,NA,NA,NA,NA,NA,NA,NA,NA,NA,NA,NA,NA,NA,NA,NA,NA,NA,NA,NA,NA,NA,NA,NA,NA,NA,NA,NA,NA,NA,NA,NA,NA,NA,NA,NA,NA,NA,NA,NA,NA,NA,NA,NA,NA,NA,NA,NA,NA,NA,NA,NA,NA,NA,NA,NA,0,1,0,1,0,1,0,90,141631532,1416315321,21,No
S PLEASANT VALLEY RD,AUS_1326952221,291,422,48,453,2304,1,4.85E+11,1500US484530023041,Block Group 1,G5030,S,555376,164508,30.2446031,-97.7196599,13269522,AUS_13269522,30.24284044,-97.71701094,2,1,3,16,2,33,1,2,4,11,1,4,N,4,NA,NA,4,97,97,,,0,1,0,0,0,1,0,N,N,N,N,N,N,N,5/4/2013,6:17 AM,227,22,N,Y,NA,NA,19,NA,,1,400,S,PLEASANT VALLEY,RD,N,N,0,N,N,,N,19,NA,,NA,2500,,LAKESHORE,BLVD,NA,NA,,,,NA,11,6,0,NA,2,1,20,6:17 AM,DISPATCH,6:18 AM,5/4/2013,Y,74,20,98,129,8,5,4,1,4,54,1,5,1,21,21,227,22,30.24284044,-97.71701094,,NA,NA,NA,963,NA,NA,NA,NA,NA,,NA,NA,N/A,NA,NA,NA,NA,Y,N,N,2,9,Y,SAT,NA,NA,NA,NA,NA,NA,NA,NA,NA,NA,NA,NA,NA,NA,NA,NA,NA,NA,NA,NA,NA,NA,NA,NA,NA,NA,NA,NA,NA,NA,NA,NA,NA,NA,NA,NA,NA,NA,NA,NA,NA,NA,NA,NA,NA,NA,NA,NA,NA,NA,NA,NA,NA,NA,NA,0,1,0,0,1,1,0,90,132695222,1326952221,21,No
S PLEASANT VALLEY RD,AUS_1230855021,316,417,48,453,2317,2,4.85E+11,1500US484530023172,Block Group 2,G5030,S,715129,139858,30.2444723,-97.7125648,12308550,AUS_12308550,30.24638121,-97.7147404,2,1,3,16,1,23,1,1,4,11,1,2,N,4,NA,NA,4,97,97,,,1,0,0,0,0,1,0,N,N,N,N,N,N,N,9/29/2011,8:25 PM,227,22,N,N,NA,NA,19,NA,,1,500,S,PLEASANT VALLEY,RD,N,N,35,N,N,,N,19,NA,,NA,500,S,PLEASANT VALLEY TN STATION,,NA,NA,,,,NA,11,3,0,NA,1,2,20,8:30 PM,DISPATCHED,8:32 PM,9/29/2011,Y,74,12,98,129,8,5,4,1,64,54,1,5,1,21,21,227,22,30.24638121,-97.7147404,,NA,NA,NA,500,NA,NA,NA,NA,NA,,NA,NA,N/A,NA,NA,NA,NA,Y,N,N,1,9,Y,THU,NA,NA,NA,NA,NA,NA,NA,NA,NA,NA,NA,NA,NA,NA,NA,NA,NA,NA,NA,NA,NA,NA,NA,NA,NA,NA,NA,NA,NA,NA,NA,NA,NA,NA,NA,NA,NA,NA,NA,NA,NA,NA,NA,NA,NA,NA,NA,NA,NA,NA,NA,NA,NA,NA,NA,1,0,0,1,0,1,0,90,123085502,1230855021,21,No
S PLEASANT VALLEY RD,AUS_1372243021,225,22,48,453,2304,3,4.85E+11,1500US484530023043,Block Group 3,G5030,S,299987,0,30.2377879,-97.7232196,13722430,AUS_13722430,30.23404808,-97.72301757,2,1,3,16,2,18,1,1,4,11,1,97,N,4,NA,NA,4,97,97,,,0,1,0,0,0,1,0,N,N,N,N,N,N,N,3/4/2014,1:42 PM,227,22,N,N,NA,NA,19,NA,,1,1600,S,PLEASANT VALLEY,,N,N,35,N,N,,N,16,NA,,NA,,S,RIVERSIDE,DR,NA,NA,,,,NA,11,1,0,NA,2,1,6,3:42 PM,BY CITIZEN,3:42 PM,3/5/2014,N,74,1043,93,112,8,5,4,1,64,54,1,5,1,21,21,227,22,30.23404808,-97.72301757,,NA,NA,NA,NA,NA,NA,NA,NA,NA,,NA,NA,N/A,NA,NA,NA,NA,Y,N,N,2,9,Y,TUE,NA,NA,NA,NA,NA,NA,NA,NA,NA,NA,NA,NA,NA,NA,NA,NA,NA,NA,NA,NA,NA,NA,NA,NA,NA,NA,NA,NA,NA,NA,NA,NA,NA,NA,NA,NA,NA,NA,NA,NA,NA,NA,NA,NA,NA,NA,NA,NA,NA,NA,NA,NA,NA,NA,NA,0,1,0,1,0,1,0,90,137224302,1372243021,21,No
S PLEASANT VALLEY RD,AUS_1315476721,215,423,48,453,2316,3,4.85E+11,1500US484530023163,Block Group 3,G5030,S,192029,0,30.2337861,-97.7267026,13154767,AUS_13154767,30.23285,-97.72443,2,1,3,16,2,19,2,1,4,11,1,4,N,4,NA,NA,4,97,97,,,0,1,0,0,0,1,0,N,N,N,N,N,N,N,2/25/2013,7:16 AM,227,22,N,N,NA,NA,19,NA,,1,NA,,SOUTH PLEASANT VALLEY,RD,N,N,35,N,N,,Y,19,NA,,NA,,,WILLOW HILL,DR,NA,NA,,,,NA,11,1,2,NA,2,1,8,7:18 AM,DISPATCHED,7:27 AM,2/25/2013,Y,74,NA,41,274,8,5,4,1,64,54,1,5,1,21,21,227,22,30.23285,-97.72443,,NA,NA,NA,NA,NA,NA,NA,NA,NA,,NA,NA,N/A,NA,NA,NA,NA,Y,N,N,2,9,Y,MON,NA,NA,NA,NA,NA,NA,NA,NA,NA,NA,NA,NA,NA,NA,NA,NA,NA,NA,NA,NA,NA,NA,NA,NA,NA,NA,NA,NA,NA,NA,NA,NA,NA,NA,NA,NA,NA,NA,NA,NA,NA,NA,NA,NA,NA,NA,NA,NA,NA,NA,NA,NA,NA,NA,NA,0,1,0,2,0,1,0,90,131547672,1315476721,21,No
SL0275,AUS_1352345941,1213,242,48,453,1806,2,4.85E+11,1500US484530018062,Block Group 2,G5030,S,419650,0,30.3544354,-97.6951484,13523459,AUS_13523459,30.35768148,-97.70006534,4,1,3,16,2,55,1,1,4,11,1,97,N,4,NA,NA,4,97,97,,,0,1,0,0,0,1,0,N,N,N,N,N,N,N,7/19/2013,3:44 PM,227,22,N,Y,NA,NA,19,NA,,1,8900,N,LAMAR,BLVD,N,N,45,N,N,,N,19,NA,,NA,,,FAIRFIELD,DR,NA,NA,,,,NA,11,1,2,3,1,1,1,3:45 PM,DISPATCH,3:52 PM,7/19/2013,Y,74,NA,NA,268,8,2,3,10,35,14,1,2,1,32,21,227,22,30.35768148,-97.70006534,SL,275,NA,4.965,8838,15,11,6.047,436,-0.929,,NA,NA,N/A,NA,NA,NA,NA,Y,Y,N,2,9,Y,FRI,2,0,0,0,0,2,4,125,48,48,4,1,1,1,0,0,1,0,0,0,0,4,14,33000,2012,33000,0.9,0.3,1.2,NA,NA,NA,NA,NA,NA,NA,NA,NA,NA,NA,NA,NA,NA,NA,NA,NA,NA,NA,NA,NA,NA,NA,NA,NA,NA,0,2,0,1,1,2,0,90,135234594,1352345941,10,Yes
SL0275,AUS_1286557921,1252,24,48,453,1823,3,4.85E+11,1500US484530018233,Block Group 3,G5030,S,906018,0,30.3644704,-97.6894126,12865579,AUS_12865579,30.36626849,-97.69518574,2,1,3,16,3,48,1,1,4,11,1,4,N,4,NA,NA,4,97,97,,,0,0,1,0,0,1,0,N,N,N,N,N,N,N,8/18/2012,11:51 AM,227,22,N,N,NA,NA,19,NA,,1,9600,N,LAMAR,BLVD,N,N,45,N,N,,N,19,NA,,1,,W,LONGSPUR,BLVD,NA,NA,,,,NA,12,1,0,3,1,1,1,11:51 AM,DISPATCH,11:55 AM,8/18/2012,Y,74,NA,114,143,8,5,3,2,64,13,1,2,1,1,21,227,22,30.36626849,-97.69518574,SL,275,NA,4.306,9675,15,11,5.386,434,0.375,,NA,NA,N/A,NA,NA,NA,NA,Y,Y,N,3,9,Y,SAT,2,0,0,0,0,2,4,125,48,48,4,1,1,1,0,0,1,0,0,0,0,4,14,33000,2012,33000,0.9,0.3,1.2,NA,NA,NA,NA,NA,NA,NA,NA,NA,NA,NA,NA,NA,NA,NA,NA,NA,NA,NA,NA,NA,NA,NA,NA,NA,NA,0,0,1,2,0,1,0,90,128655792,1286557921,10,Yes
SL0275,AUS_1460994821,1280,530,48,453,1823,2,4.85E+11,1500US484530018232,Block Group 2,G5030,S,1043379,0,30.3755064,-97.6839213,14609948,AUS_14609948,30.37354517,-97.69107745,2,1,3,16,1,36,1,1,4,11,1,4,N,4,NA,NA,4,97,97,,,1,0,0,0,0,1,0,N,N,N,N,N,N,N,8/11/2015,8:25 AM,227,22,N,Y,NA,NA,19,NA,,1,10400,N,LAMAR,BLVD,N,N,45,N,N,,Y,19,NA,,1,700,W,APPLEGATE,DR,NA,NA,,,,NA,11,1,4,3,1,1,8,8:26 AM,DISPATCH,8:39 AM,8/11/2015,Y,74,NA,NA,123,8,5,2,1,64,3,1,2,1,21,21,227,22,30.37354517,-97.69107745,SL,275,NA,3.789,10499,15,11,4.824,434,-0.186,,NA,NA,APPLEGATE DR W,NA,NA,NA,NA,Y,Y,N,1,9,Y,TUE,2,0,0,2,0,2,4,100,50,48,4,1,1,1,0,0,2,2,5,0,0,4,14,25277,2014,25277,1.2,0.4,1.6,NA,NA,NA,NA,NA,NA,NA,NA,NA,NA,NA,NA,NA,NA,NA,NA,NA,NA,NA,NA,NA,NA,NA,NA,NA,NA,1,0,0,1,0,1,0,90,NA,NA,10,Yes
SL0275,AUS_1361647321,1220,248,48,453,1819,1,4.85E+11,1500US484530018191,Block Group 1,G5030,S,687139,0,30.362599,-97.7031229,13616473,AUS_13616473,30.35908559,-97.69926828,2,1,3,16,5,51,1,1,4,11,1,97,N,4,NA,NA,4,97,97,,,0,0,0,1,0,0,0,N,N,N,N,N,N,N,9/26/2013,5:18 PM,227,22,N,N,NA,NA,19,NA,,1,8926,N,LAMAR,BLVD,N,N,45,N,N,,N,19,NA,,NA,,,PAYTON GIN,RD,NA,NA,,,,NA,11,1,0,3,1,1,20,5:22 PM,DISPATCH,5:25 PM,9/26/2013,Y,74,63,123,143,8,5,3,1,64,54,1,2,1,32,21,227,22,30.35908559,-97.69926828,SL,275,NA,4.857,8979,15,11,5.939,434,0.926,,NA,NA,N/A,NA,NA,NA,NA,N,Y,N,5,9,Y,THU,2,0,0,0,0,2,4,125,48,48,4,1,1,1,0,0,1,0,0,0,0,4,14,33000,2012,33000,0.9,0.3,1.2,NA,NA,NA,NA,NA,NA,NA,NA,NA,NA,NA,NA,NA,NA,NA,NA,NA,NA,NA,NA,NA,NA,NA,NA,NA,NA,0,0,0,2,0,0,0,90,136164732,1361647321,10,Yes
SL0275,AUS_1463515721,1240,248,48,453,1819,1,4.85E+11,1500US484530018191,Block Group 1,G5030,S,687139,0,30.362599,-97.7031229,14635157,AUS_14635157,30.3630463,-97.69702522,2,1,3,16,0,99,0,0,4,11,1,5,N,4,NA,NA,4,97,97,,,0,0,0,0,1,0,0,N,N,N,N,N,N,N,8/24/2015,12:01 AM,227,22,N,Y,NA,NA,19,NA,,1,9400,N,LAMAR,BLVD,N,N,40,N,N,,Y,19,NA,,1,400,W,RUNDBERG,LN,NA,NA,,,,NA,11,4,4,3,1,1,5,12:01 AM,DISPATCH,12:04 AM,9/4/2015,Y,74,NA,NA,123,8,5,2,1,64,54,1,2,1,21,21,227,22,30.3630463,-97.69702522,SL,275,NA,4.602,NA,15,11,5.633,434,0.627,,NA,NA,W RUNDBERG LN,NA,NA,NA,NA,Y,Y,N,5,9,Y,MON,2,0,0,0,0,2,4,125,48,48,4,1,1,1,0,0,1,0,0,0,0,4,14,29839,2014,29839,1.2,0.4,1.6,NA,NA,NA,NA,NA,NA,NA,NA,NA,NA,NA,NA,NA,NA,NA,NA,NA,NA,NA,NA,NA,NA,NA,NA,NA,NA,0,0,0,1,1,0,0,90,NA,NA,10,Yes
SL0275,AUS_1339511421,1244,517,48,453,1819,2,4.85E+11,1500US484530018192,Block Group 2,G5030,S,208276,0,30.3661765,-97.7010933,13395114,AUS_13395114,30.36316179,-97.6969604,2,1,3,16,5,56,2,1,4,11,1,4,N,4,NA,NA,4,97,97,,,0,0,0,1,0,0,0,N,N,N,N,N,Y,N,5/28/2013,1:22 PM,227,22,N,N,NA,NA,19,NA,,1,9400,N,LAMAR,BLVD,N,N,45,N,N,,Y,19,NA,,NA,,,RUTLAND,DR,NA,NA,,,,NA,11,1,2,3,1,1,5,1:22 PM,CAD,1:30 PM,5/28/2013,Y,74,NA,NA,146,8,5,2,2,64,3,1,2,1,21,21,227,22,30.36316179,-97.6969604,SL,275,NA,4.545,9401,15,11,5.625,434,0.614,US,183,NA,US0183,NA,NA,NA,NA,N,Y,N,5,9,Y,TUE,2,0,0,0,0,2,4,125,48,48,4,1,1,1,0,0,1,0,0,0,0,4,14,33000,2012,33000,0.9,0.3,1.2,NA,NA,NA,NA,NA,NA,NA,NA,NA,NA,NA,NA,NA,NA,NA,NA,NA,NA,NA,NA,NA,NA,NA,NA,NA,NA,0,0,0,2,0,0,0,90,133951142,1339511421,10,Yes
SL0275,AUS_1198514321,1195,98,48,453,1805,1,4.85E+11,1500US484530018051,Block Group 1,G5030,S,770681,0,30.355953,-97.7126313,11985143,AUS_11985143,30.35083808,-97.70915573,2,1,3,16,3,5,3,1,4,11,1,4,N,4,NA,NA,4,97,97,,,0,0,1,0,0,1,0,N,N,N,N,N,N,N,3/17/2011,7:31 PM,227,22,N,N,NA,NA,19,NA,,1,8200,N,LAMAR,BLVD,N,N,45,N,N,,Y,19,NA,,1,700,W,POWELL,LN,NA,NA,,,,NA,11,5,2,2,1,1,8,7:31 PM,DISPATCH,7:34 PM,3/17/2011,N,74,12,114,143,8,5,1,1,64,54,1,2,1,21,21,227,22,30.35083808,-97.70915573,SL,275,NA,5.684,NA,15,11,6.811,436,-0.21,,NA,NA,W POWELL LN,NA,NA,NA,NA,Y,Y,N,3,9,Y,THU,4,0,1,10,14,2,4,125,70,48,4,0,0,2,2,5,2,20,5,3,12,4,14,36000,2012,36000,0.8,0.3,1.1,NA,NA,NA,NA,NA,NA,NA,NA,NA,NA,NA,NA,NA,NA,NA,NA,NA,NA,NA,NA,NA,NA,NA,NA,NA,NA,0,0,1,0,1,1,0,90,119851432,1198514321,10,Yes
SL0275,AUS_1452273021,1239,248,48,453,1819,1,4.85E+11,1500US484530018191,Block Group 1,G5030,S,687139,0,30.362599,-97.7031229,14522730,AUS_14522730,30.3630463,-97.69702522,2,1,3,16,2,28,1,1,4,11,1,4,N,4,NA,NA,4,97,97,,,0,1,0,0,0,1,0,N,N,N,N,N,N,N,7/3/2015,12:33 PM,227,22,N,Y,NA,NA,19,NA,,1,NA,W,RUNDBERG,LN,N,N,35,N,N,,Y,19,NA,,1,,N,LAMAR,BLVD,NA,NA,,,,NA,11,1,4,3,1,1,5,12:33 PM,DISPATCH,12:36 PM,7/3/2015,Y,74,NA,NA,123,8,5,2,1,64,54,1,2,1,21,21,227,22,30.3630463,-97.69702522,SL,275,NA,4.602,NA,15,11,5.633,434,0.627,,NA,NA,W RUNDBERG LN,NA,NA,NA,NA,Y,Y,N,2,9,Y,FRI,2,0,0,0,0,2,4,125,48,48,4,1,1,1,0,0,1,0,0,0,0,4,14,29839,2014,29839,1.2,0.4,1.6,NA,NA,NA,NA,NA,NA,NA,NA,NA,NA,NA,NA,NA,NA,NA,NA,NA,NA,NA,NA,NA,NA,NA,NA,NA,NA,0,1,0,1,0,1,0,90,NA,NA,10,Yes
SL0275,AUS_1285027821,1242,248,48,453,1819,1,4.85E+11,1500US484530018191,Block Group 1,G5030,S,687139,0,30.362599,-97.7031229,12850278,AUS_12850278,30.36304707,-97.69702477,2,1,3,16,2,57,2,2,4,11,1,4,N,4,NA,NA,4,97,97,,,0,1,0,0,0,1,0,N,N,N,N,N,N,N,8/12/2012,9:45 PM,227,22,N,N,NA,NA,19,NA,,1,9300,N,LAMAR,BLVD,N,N,0,N,N,,Y,19,NA,,NA,830,W,RUNDBERG,LN,NA,NA,,,,NA,11,4,0,3,1,1,5,10:16 PM,DISPATCH,11:25 PM,8/12/2012,Y,74,NA,114,143,8,5,2,1,64,54,1,2,1,21,21,227,22,30.36304707,-97.69702477,SL,275,NA,4.554,9399,15,11,5.634,434,0.623,,NA,NA,W RUNDBERG LN,NA,NA,NA,NA,Y,Y,N,2,9,Y,SUN,2,0,0,0,0,2,4,125,48,48,4,1,1,1,0,0,1,0,0,0,0,4,14,33000,2012,33000,0.9,0.3,1.2,NA,NA,NA,NA,NA,NA,NA,NA,NA,NA,NA,NA,NA,NA,NA,NA,NA,NA,NA,NA,NA,NA,NA,NA,NA,NA,0,1,0,0,1,1,0,90,128502782,1285027821,10,Yes
SL0275,AUS_1347698311,1241,248,48,453,1819,1,4.85E+11,1500US484530018191,Block Group 1,G5030,S,687139,0,30.362599,-97.7031229,13476983,AUS_13476983,30.36304707,-97.69702477,1,1,3,16,2,36,3,1,4,11,1,3,N,4,NA,NA,4,97,97,,,0,1,0,0,0,1,0,N,N,N,N,N,N,N,6/2/2013,10:00 PM,227,22,N,N,NA,NA,19,NA,,1,NA,W,RUNDBERG,LN,N,N,0,N,N,,Y,19,NA,,NA,9400,N,LAMAR,,NA,NA,,,,NA,11,4,4,3,1,1,5,10:00 PM,DISPATCHED,10:04 PM,6/2/2013,Y,74,NA,114,143,8,5,2,1,64,54,1,2,1,21,21,227,22,30.36304707,-97.69702477,SL,275,NA,4.554,9399,15,11,5.634,434,0.623,,NA,NA,W RUNDBERG LN,NA,NA,NA,NA,Y,Y,N,2,9,Y,SUN,2,0,0,0,0,2,4,125,48,48,4,1,1,1,0,0,1,0,0,0,0,4,14,33000,2012,33000,0.9,0.3,1.2,NA,NA,NA,NA,NA,NA,NA,NA,NA,NA,NA,NA,NA,NA,NA,NA,NA,NA,NA,NA,NA,NA,NA,NA,NA,NA,0,1,0,1,4,1,0,90,134769831,1347698311,10,Yes
SL0343,AUS_1257746411,340,358,48,453,1304,4,4.85E+11,1500US484530013044,Block Group 4,G5030,S,473234,0,30.2495825,-97.7704511,12577464,AUS_12577464,30.24842895,-97.77000246,1,1,3,16,2,27,1,1,4,11,1,3,N,4,NA,NA,4,97,97,,,0,1,0,0,0,1,0,N,N,N,N,N,N,N,2/25/2012,5:34 PM,227,22,N,N,NA,NA,19,NA,,1,2100,S,LAMAR,BLVD,N,N,40,N,N,,Y,19,NA,,NA,1400,W,OLTORF,ST,NA,NA,,,,NA,11,1,2,3,1,1,5,5:34 PM,DISPATCH,5:40 PM,2/25/2012,Y,74,NA,NA,72,8,5,1,3,64,54,1,2,1,21,21,227,22,30.24842895,-97.77000246,SL,343,NA,2.245,2057,113,9,7.182,566,-0.245,,NA,NA,W OLTORF ST,NA,NA,NA,NA,Y,Y,N,2,9,Y,SAT,2,0,0,0,0,2,4,80,60,48,4,1,1,1,0,0,1,0,0,0,0,4,14,39340,2012,39340,0.8,0.3,1.1,NA,NA,NA,NA,NA,NA,NA,NA,NA,NA,NA,NA,NA,NA,NA,NA,NA,NA,NA,NA,NA,NA,NA,NA,NA,NA,0,1,0,1,0,1,0,90,125774641,1257746411,56,Yes
SL0343,AUS_1251249631,412,68,48,453,1303,2,4.85E+11,1500US484530013032,Block Group 2,G5030,S,635029,0,30.2562161,-97.7625867,12512496,AUS_12512496,30.25779909,-97.75986402,3,1,3,16,2,21,1,1,4,11,1,1,N,4,NA,NA,4,97,97,,,0,1,0,0,0,1,0,N,N,N,N,N,N,N,1/17/2012,4:50 PM,227,22,N,Y,NA,NA,19,NA,,1,1715,W,CESAR CHAVEZ,ST,N,N,40,N,N,,N,19,NA,,NA,,W,CESAR CHAVEZ,ST,NA,NA,,,,NA,11,1,0,3,2,1,20,4:50 PM,DISPATCH,5:00 PM,1/17/2012,Y,74,252,10,14,8,5,4,1,64,54,1,2,1,21,21,227,22,30.25779909,-97.75986402,SL,343,NA,3.154,775,113,10,0.663,566,0.664,,NA,NA,N/A,NA,NA,NA,NA,Y,Y,N,2,9,Y,TUE,2,0,0,0,0,2,4,80,60,60,4,1,1,1,0,0,1,0,0,0,0,4,14,40000,2012,40000,0.8,0.3,1.1,NA,NA,NA,NA,NA,NA,NA,NA,NA,NA,NA,NA,NA,NA,NA,NA,NA,NA,NA,NA,NA,NA,NA,NA,NA,NA,0,1,0,3,0,1,0,90,125124963,1251249631,56,Yes