Street_Name,Crash_UP_ID,FID,FID_Austin,STATEFP,COUNTYFP,TRACTCE,BLKGRPCE,GEOID1,GEOID,NAMELSAD,MTFCC,FUNCSTAT,ALAND,AWATER,INTPTLAT,INTPTLON,CrashID,CrashID1,Latitude,Longitude,Unit_Nbr,Prsn_Nbr,Prsn_Type_ID,Prsn_Occpnt_Pos_ID,Prsn_Injry_Sev_ID,Prsn_Age,Prsn_Ethnicity_ID,Prsn_Gndr_ID,Prsn_Ejct_ID,Prsn_Rest_ID,Prsn_Airbag_ID,Prsn_Helmet_ID,Prsn_Sol_Fl,Prsn_Alc_Spec_Type_ID,Prsn_Alc_Rslt_ID,Prsn_Bac_Test_Rslt,Prsn_Drg_Spec_Type_ID,Prsn_Drg_Rslt_ID,Drvr_Drg_Cat_1_ID,Prsn_Death_Date,Prsn_Death_Time,Incap_Injry_Cnt.x,Nonincap_Injry_Cnt.x,Poss_Injry_Cnt.x,Non_Injry_Cnt.x,Unkn_Injry_Cnt.x,Tot_Injry_Cnt.x,Death_Cnt.x,Crash_Fatal_Fl,Cmv_Involv_Fl,Schl_Bus_Fl,Rr_Relat_Fl,Medical_Advisory_Fl,Amend_Supp_Fl,Active_School_Zone_Fl,Crash_Date,Crash_Time,Rpt_CRIS_Cnty_ID,Rpt_City_ID,Rpt_Outside_City_Limit_Fl,Thousand_Damage_Fl,Rpt_Latitude,Rpt_Longitude,Rpt_Rdwy_Sys_ID,Rpt_Hwy_Num,Rpt_Hwy_Sfx,Rpt_Road_Part_ID,Rpt_Block_Num,Rpt_Street_Pfx,Rpt_Street_Name,Rpt_Street_Sfx,Private_Dr_Fl,Toll_Road_Fl,Crash_Speed_Limit,Road_Constr_Zone_Fl,Road_Constr_Zone_Wrkr_Fl,Rpt_Street_Desc,At_Intrsct_Fl,Rpt_Sec_Rdwy_Sys_ID,Rpt_Sec_Hwy_Num,Rpt_Sec_Hwy_Sfx,Rpt_Sec_Road_Part_ID,Rpt_Sec_Block_Num,Rpt_Sec_Street_Pfx,Rpt_Sec_Street_Name,Rpt_Sec_Street_Sfx,Rpt_Ref_Mark_Offset_Amt,Rpt_Ref_Mark_Dist_Uom,Rpt_Ref_Mark_Dir,Rpt_Ref_Mark_Nbr,Rpt_Sec_Street_Desc,Rpt_CrossingNumber,Wthr_Cond_ID,Light_Cond_ID,Entr_Road_ID,Road_Type_ID,Road_Algn_ID,Surf_Cond_ID,Traffic_Cntl_ID,Investigat_Notify_Time,Investigat_Notify_Meth,Investigat_Arrv_Time,Report_Date,Investigat_Comp_Fl,Investigat_Agency_ID,Investigat_Area_ID,Investigat_District_ID,Investigat_Region_ID,Bridge_Detail_ID,Harm_Evnt_ID,Intrsct_Relat_ID,FHE_Collsn_ID,Obj_Struck_ID,Othr_Factr_ID,Road_Part_Adj_ID,Road_Cls_ID,Road_Relat_ID,Phys_Featr_1_ID,Phys_Featr_2_ID,Cnty_ID,City_ID,Latitude.1,Longitude.1,Hwy_Sys,Hwy_Nbr,Hwy_Sfx,Dfo,Street_Nbr,Control,Section,Milepoint,Ref_Mark_Nbr,Ref_Mark_Displ,Hwy_Sys_2,Hwy_Nbr_2,Hwy_Sfx_2,Street_Name_2,Street_Nbr_2,Control_2,Section_2,Milepoint_2,Txdot_Rptable_Fl,Onsys_Fl,Rural_Fl,Crash_Sev_ID,Pop_Group_ID,Located_Fl,Day_of_Week,Hwy_Dsgn_Lane_ID,Hwy_Dsgn_Hrt_ID,Hp_Shldr_Left,Hp_Shldr_Right,Hp_Median_Width,Base_Type_ID,Nbr_Of_Lane,Row_Width_Usual,Roadbed_Width,Surf_Width,Surf_Type_ID,Curb_Type_Left_ID,Curb_Type_Right_ID,Shldr_Type_Left_ID,Shldr_Width_Left,Shldr_Use_Left_ID,Shldr_Type_Right_ID,Shldr_Width_Right,Shldr_Use_Right_ID,Median_Type_ID,Median_Width,Rural_Urban_Type_ID,Func_Sys_ID,Adt_Curnt_Amt,Adt_Curnt_Year,Adt_Adj_Curnt_Amt,Pct_Single_Trk_Adt,Pct_Combo_Trk_Adt,Trk_Aadt_Pct,Curve_Type_ID,Curve_Lngth,Cd_Degr,Delta_Left_Right_ID,Dd_Degr,Feature_Crossed,Structure_Number,I_R_Min_Vert_Clear,Approach_Width,Bridge_Median_ID,Bridge_Loading_Type_ID,Bridge_Loading_In_1000_Lbs,Bridge_Srvc_Type_On_ID,Bridge_Srvc_Type_Under_ID,Culvert_Type_ID,Roadway_Width,Deck_Width,Bridge_Dir_Of_Traffic_ID,Bridge_Rte_Struct_Func_ID,Bridge_IR_Struct_Func_ID,CrossingNumber,RRCo,Poscrossing_ID,WDCode_ID,Standstop,Yield,Incap_Injry_Cnt.y,Nonincap_Injry_Cnt.y,Poss_Injry_Cnt.y,Non_Injry_Cnt.y,Unkn_Injry_Cnt.y,Tot_Injry_Cnt.y,Death_Cnt.y,MPO_ID,Unit_ID,Unit_Prsn_ID,Count,BikePath
SL0343,AUS_1201346521,323,358,48,453,1304,4,4.85E+11,1500US484530013044,Block Group 4,G5030,S,473234,0,30.2495825,-97.7704511,12013465,AUS_12013465,30.24693941,-97.77716524,2,1,3,16,3,49,1,2,4,11,1,4,N,4,NA,NA,4,97,97,,,0,0,1,0,0,1,0,N,N,N,N,N,N,N,4/8/2011,8:44 PM,227,22,N,N,NA,NA,19,NA,,2,NA,S,LAMAR,BLVD,N,N,35,N,N,,Y,19,NA,,1,,,BLUEBONNET,LN,NA,NA,,,,NA,11,4,2,3,1,1,5,8:44 PM,DISPATCHED,8:50 PM,4/8/2011,Y,74,NA,105,112,8,5,1,3,64,54,1,2,1,21,21,227,22,30.24693941,-97.77716524,SL,343,NA,1.805,2421,113,9,6.74,566,-0.685,,NA,NA,BLUEBONNET LN,NA,NA,NA,NA,Y,Y,N,3,9,Y,FRI,2,0,0,0,0,2,4,80,60,48,4,1,1,1,0,0,1,0,0,0,0,4,14,39340,2012,39340,0.8,0.3,1.1,1,199,3,2,31,NA,NA,NA,NA,NA,NA,NA,NA,NA,NA,NA,NA,NA,NA,NA,NA,NA,NA,NA,NA,NA,0,0,1,1,0,1,0,90,120134652,1201346521,56,Yes
SL0343,AUS_1263151221,477,433,48,453,1100,1,4.85E+11,1500US484530011001,Block Group 1,G5030,S,2044061,66635,30.2687002,-97.7433003,12631512,AUS_12631512,30.26184652,-97.73887705,2,1,3,16,2,27,1,1,4,11,1,2,N,4,NA,NA,4,97,97,,,0,1,0,0,0,1,0,N,N,N,N,N,N,N,3/22/2012,6:19 PM,227,22,N,Y,NA,NA,19,NA,,1,500,E,CESAR CHAVEZ,ST,N,N,35,N,N,,Y,19,NA,,NA,,,RED RIVER,ST,NA,NA,,,,NA,11,1,4,3,1,1,5,6:19 PM,DISPATCHED,6:20 PM,3/22/2012,Y,74,12,115,144,8,5,1,3,64,54,1,2,1,21,21,227,22,30.26184652,-97.73887705,SL,343,NA,4.892,598,113,12,6.147,568,0.574,,NA,NA,RED RIVER ST,NA,NA,NA,NA,Y,Y,N,2,9,Y,THU,2,0,10,10,0,9,4,80,68,48,6,0,0,2,10,5,2,10,5,0,0,4,14,28000,2012,28000,0.9,0.3,1.2,NA,NA,NA,NA,NA,NA,NA,NA,NA,NA,NA,NA,NA,NA,NA,NA,NA,NA,NA,NA,NA,NA,NA,NA,NA,NA,0,1,0,1,0,1,0,90,126315122,1263151221,56,Yes
SL0343,AUS_1382015921,379,68,48,453,1303,2,4.85E+11,1500US484530013032,Block Group 2,G5030,S,635029,0,30.2562161,-97.7625867,13820159,AUS_13820159,30.25495768,-97.76217255,2,1,3,16,2,31,2,1,4,11,1,97,N,4,NA,NA,4,97,97,,,0,1,0,0,0,1,0,N,N,N,N,N,N,N,4/28/2014,7:37 AM,227,22,N,Y,NA,NA,19,NA,,1,1100,S,LAMAR,BLVD,N,N,35,Y,Y,,Y,19,NA,,1,1200,,GIBSON,ST,NA,NA,,,,NA,11,1,2,3,1,1,17,7:47 AM,DISPATCH,7:57 AM,4/28/2014,N,74,1043,93,112,8,5,1,3,64,49,1,2,1,21,21,227,22,30.25495768,-97.76217255,SL,343,NA,2.912,1199,113,10,0.389,566,0.422,,NA,NA,GIBSON ST W,NA,NA,NA,NA,Y,Y,N,2,9,Y,MON,2,0,0,0,0,2,4,80,60,60,4,1,1,1,0,0,1,0,0,0,0,4,14,40000,2012,40000,0.8,0.3,1.1,NA,NA,NA,NA,NA,NA,NA,NA,NA,NA,NA,NA,NA,NA,NA,NA,NA,NA,NA,NA,NA,NA,NA,NA,NA,NA,0,1,0,1,0,1,0,90,138201592,1382015921,56,Yes
SL0343,AUS_1278602921,588,451,48,453,1200,2,4.85E+11,1500US484530012002,Block Group 2,G5030,S,1541732,189156,30.2719319,-97.7602566,12786029,AUS_12786029,30.26647645,-97.75627138,2,1,3,16,5,28,1,2,4,11,1,3,N,4,NA,NA,4,97,97,,,0,0,0,1,0,0,0,N,N,N,N,N,N,N,6/1/2012,7:25 PM,227,22,N,N,NA,NA,19,NA,,1,100,,B R REYNOLDS,,N,N,30,N,N,,N,19,NA,,NA,1000,W,CESAR CHAVEZ,ST,NA,NA,,,,NA,11,1,98,2,1,1,15,7:20 PM,DISPATCH/FLAGDOWN,7:30 PM,6/1/2012,Y,74,36,67,282,8,5,2,1,64,54,1,2,1,21,21,227,22,30.26647645,-97.75627138,SL,343,NA,3.792,NA,113,12,1.408,568,-0.526,,NA,NA,W CESAR CHAVEZ ST,NA,NA,NA,NA,N,Y,N,5,9,Y,FRI,3,0,0,0,22,2,6,120,72,72,4,1,1,1,0,0,1,0,0,1,22,4,14,40000,2012,40000,0.8,0.3,1.1,NA,NA,NA,NA,NA,NA,NA,NA,NA,NA,NA,NA,NA,NA,NA,NA,NA,NA,NA,NA,NA,NA,NA,NA,NA,NA,0,0,0,2,0,0,0,90,127860292,1278602921,56,Yes
SL0343,AUS_1298130111,485,349,48,453,1303,1,4.85E+11,1500US484530013031,Block Group 1,G5030,S,710768,43869,30.2634026,-97.7612102,12981301,AUS_12981301,30.26214153,-97.75806369,1,1,3,16,3,18,1,1,4,11,1,5,N,4,NA,NA,4,97,97,,,0,0,1,0,0,1,0,N,N,N,N,N,N,N,10/29/2012,8:26 AM,227,22,N,Y,NA,NA,19,NA,,1,300,S,LAMAR,BLVD,N,N,35,N,N,,Y,19,NA,,NA,300,S,LAMAR,BLVD,NA,NA,,,,NA,11,1,0,2,1,1,20,8:26 AM,DISPATCHED,8:35 AM,10/29/2012,Y,74,NA,NA,72,8,5,1,3,64,54,1,2,1,21,21,227,22,30.26214153,-97.75806369,SL,343,NA,3.475,NA,113,12,1.089,568,-0.843,IH,35,NA,IH0035,NA,NA,NA,NA,Y,Y,N,3,9,Y,MON,3,0,0,0,22,2,6,120,72,72,4,1,1,1,0,0,1,0,0,1,22,4,14,40000,2012,40000,0.8,0.3,1.1,NA,NA,NA,NA,NA,NA,NA,NA,NA,NA,NA,NA,NA,NA,NA,NA,NA,NA,NA,NA,NA,NA,NA,NA,NA,NA,0,0,1,1,0,1,0,90,129813011,1298130111,56,Yes
SL0343,AUS_1386640221,320,358,48,453,1304,4,4.85E+11,1500US484530013044,Block Group 4,G5030,S,473234,0,30.2495825,-97.7704511,13866402,AUS_13866402,30.24693941,-97.77716524,2,1,3,16,2,34,1,1,4,11,1,97,N,4,NA,NA,4,97,97,,,0,1,0,0,0,1,0,N,N,N,N,N,N,N,6/2/2014,12:30 PM,227,22,N,N,NA,NA,19,NA,,1,2400,S,LAMAR,BLVD,N,N,35,N,N,,Y,19,NA,,1,2300,,BLUEBONNET,LN,NA,NA,,,,NA,11,1,4,3,1,1,5,12:53 PM,DISPATCH,12:55 PM,6/2/2014,N,74,1043,93,112,8,5,1,1,64,54,1,2,1,21,21,227,22,30.24693941,-97.77716524,SL,343,NA,1.805,2421,113,9,6.74,566,-0.685,,NA,NA,BLUEBONNET LN,NA,NA,NA,NA,Y,Y,N,2,9,Y,MON,2,0,0,0,0,2,4,80,60,48,4,1,1,1,0,0,1,0,0,0,0,4,14,39340,2012,39340,0.8,0.3,1.1,1,199,3,2,31,NA,NA,NA,NA,NA,NA,NA,NA,NA,NA,NA,NA,NA,NA,NA,NA,NA,NA,NA,NA,NA,0,1,0,1,0,1,0,90,138664022,1386640221,56,Yes
SL0343,AUS_1325604721,373,68,48,453,1303,2,4.85E+11,1500US484530013032,Block Group 2,G5030,S,635029,0,30.2562161,-97.7625867,13256047,AUS_13256047,30.25396739,-97.76278203,2,1,3,16,2,29,1,1,4,11,1,1,N,4,NA,NA,4,97,97,,,0,1,0,0,0,1,0,N,N,N,N,N,N,N,4/22/2013,10:15 AM,227,22,N,Y,NA,NA,19,NA,,1,1311,S,LAMAR,BLVD,N,N,40,Y,N,,N,19,NA,,NA,,,LAMAR SQUARE,DR,NA,NA,,,,NA,11,1,0,3,1,1,20,10:15 AM,DISPATCH,10:18 AM,4/22/2013,Y,74,NA,NA,NA,8,5,3,3,64,49,1,2,1,32,20,227,22,30.25396739,-97.76278203,SL,343,NA,2.835,1259,113,10,0.303,566,0.345,,NA,NA,N/A,NA,NA,NA,NA,Y,Y,N,2,9,Y,MON,2,0,0,0,0,2,4,80,60,60,4,1,1,1,0,0,1,0,0,0,0,4,14,40000,2012,40000,0.8,0.3,1.1,1,73,3,1,11,NA,NA,NA,NA,NA,NA,NA,NA,NA,NA,NA,NA,NA,NA,NA,NA,NA,NA,NA,NA,NA,0,1,0,1,0,1,0,90,132560472,1325604721,56,Yes
SL0343,AUS_1345596921,319,277,48,453,1304,3,4.85E+11,1500US484530013043,Block Group 3,G5030,S,363059,0,30.2504764,-97.7773945,13455969,AUS_13455969,30.24690166,-97.77729299,2,1,3,16,2,56,1,1,4,11,1,97,N,4,NA,NA,4,97,97,,,0,1,0,0,0,1,0,N,N,N,N,N,Y,N,9/17/2013,8:27 AM,227,22,N,N,NA,NA,19,NA,,1,2400,S,LAMAR,BLVD,N,N,35,N,N,,Y,19,NA,,1,2400,,BLUEBONNET,LN,NA,NA,,,,NA,12,1,0,3,2,1,21,8:13 AM,DISPATCH,8:27 AM,9/17/2013,Y,74,1043,93,112,8,5,1,2,64,54,1,2,1,21,21,227,22,30.24690166,-97.77729299,SL,343,NA,1.797,2432,113,9,6.732,566,-0.693,SL,360,NA,SL0360,NA,NA,NA,NA,Y,Y,N,2,9,Y,TUE,2,0,0,0,0,2,4,80,60,48,4,1,1,1,0,0,1,0,0,0,0,4,14,39340,2012,39340,0.8,0.3,1.1,1,199,3,2,31,NA,NA,NA,NA,NA,NA,NA,NA,NA,NA,NA,NA,NA,NA,NA,NA,NA,NA,NA,NA,NA,0,1,0,1,0,1,0,90,134559692,1345596921,56,Yes
SL0343,AUS_1208126821,527,349,48,453,1303,1,4.85E+11,1500US484530013031,Block Group 1,G5030,S,710768,43869,30.2634026,-97.7612102,12081268,AUS_12081268,30.26400212,-97.75732688,2,1,3,16,0,30,1,1,4,11,1,5,N,4,NA,NA,4,97,97,,,0,0,0,0,1,0,0,N,N,N,N,N,N,N,5/19/2011,7:45 PM,227,22,N,N,NA,NA,19,NA,,1,200,S,LAMAR,BLVD,N,N,40,N,N,,N,19,NA,,1,1300,W,RIVERSIDE,DR,NA,NA,,,,NA,12,1,0,2,1,2,20,9:30 PM,DISPATCH,9:35 PM,5/19/2011,Y,74,NA,18,314,8,5,3,2,64,14,1,2,1,32,21,227,22,30.26400212,-97.75732688,SL,343,NA,3.61,NA,113,12,1.225,568,-0.708,,NA,NA,N/A,NA,NA,NA,NA,N,Y,N,5,9,Y,THU,3,0,0,0,22,2,6,120,72,72,4,1,1,1,0,0,1,0,0,1,22,4,14,40000,2012,40000,0.8,0.3,1.1,NA,NA,NA,NA,NA,NA,NA,NA,NA,NA,NA,NA,NA,NA,NA,NA,NA,NA,NA,NA,NA,NA,NA,NA,NA,NA,0,0,0,1,1,0,0,90,120812682,1208126821,56,Yes
SL0343,AUS_1196488121,587,451,48,453,1200,2,4.85E+11,1500US484530012002,Block Group 2,G5030,S,1541732,189156,30.2719319,-97.7602566,11964881,AUS_11964881,30.26640781,-97.75552911,2,1,3,16,2,17,1,2,4,11,1,4,N,4,NA,NA,4,97,97,,,0,1,0,0,0,1,0,N,N,N,N,N,N,N,3/11/2011,4:32 PM,227,22,N,N,NA,NA,19,NA,,1,NA,,SANDRA MURAIDA,WAY,N,N,30,N,N,,Y,19,NA,,1,,W,CESAR CHAVEZ,BLVD,NA,NA,,,,NA,11,1,2,3,1,1,5,4:32 PM,DISPATCH,4:40 PM,3/11/2011,Y,74,NA,NA,174,8,5,2,2,64,54,1,2,1,21,21,227,22,30.26640781,-97.75552911,SL,343,NA,3.849,NA,113,12,5.066,568,-0.469,,NA,NA,W CESAR CHAVEZ ST,NA,NA,NA,NA,Y,Y,N,2,9,Y,FRI,2,0,0,7,0,2,4,74,51,44,4,0,0,1,0,0,2,7,5,0,0,4,14,35000,2012,35000,0.8,0.3,1.1,NA,NA,NA,NA,NA,NA,NA,NA,NA,NA,NA,NA,NA,NA,NA,NA,NA,NA,NA,NA,NA,NA,NA,NA,NA,NA,0,1,0,1,0,1,0,90,119648812,1196488121,56,Yes
SL0343,AUS_1438082721,332,358,48,453,1304,4,4.85E+11,1500US484530013044,Block Group 4,G5030,S,473234,0,30.2495825,-97.7704511,14380827,AUS_14380827,30.24772289,-97.77247961,2,1,3,16,3,30,1,2,4,11,1,5,N,4,NA,NA,4,97,97,,,0,0,1,0,0,1,0,N,N,N,N,N,N,N,4/9/2015,2:13 PM,227,22,N,N,NA,NA,19,NA,,1,2100,S,LAMAR,BLVD,N,N,-1,N,N,,N,19,NA,,1,,,OXFORD,AVE,NA,NA,,,,NA,11,1,98,3,1,1,6,2:16 PM,DISPATCH,2:20 PM,4/9/2015,Y,74,NA,NA,105,8,5,4,1,64,3,1,2,1,21,21,227,22,30.24772289,-97.77247961,SL,343,NA,2.126,2174,113,9,7.119,566,-0.295,,NA,NA,N/A,NA,NA,NA,NA,Y,Y,N,3,9,Y,THU,2,0,0,0,0,2,4,80,60,48,4,1,1,1,0,0,1,0,0,0,0,4,14,34215,2014,34215,1.2,0.4,1.6,1,94,2,1,9,NA,NA,NA,NA,NA,NA,NA,NA,NA,NA,NA,NA,NA,NA,NA,NA,NA,NA,NA,NA,NA,0,0,1,1,0,1,0,90,NA,NA,56,Yes
SL0343,AUS_1339136521,303,308,48,453,1901,3,4.85E+11,1500US484530019013,Block Group 3,G5030,S,860491,0,30.2522502,-97.7806429,13391365,AUS_13391365,30.24433907,-97.78131563,2,1,3,16,2,20,1,1,4,11,1,4,N,4,NA,NA,4,97,97,,,0,1,0,0,0,1,0,N,N,N,N,N,N,N,7/15/2013,11:10 AM,227,22,N,N,NA,NA,19,NA,,1,NA,S,LAMAR,BLVD,N,N,30,N,N,,Y,19,NA,,NA,,,MANCHACA,RD,NA,NA,,,,NA,2,1,3,3,1,2,5,11:11 AM,DISPATCH,11:14 AM,7/15/2013,Y,74,NA,NA,NA,8,5,2,3,64,54,1,2,1,21,21,227,22,30.24433907,-97.78131563,SL,343,NA,1.497,2801,113,9,6.444,564,0.854,SL,360,NA,SL0360,NA,NA,NA,NA,Y,Y,N,2,9,Y,MON,2,0,0,0,0,2,4,100,60,48,4,1,1,1,0,0,1,0,0,0,0,4,14,39340,2012,39340,0.8,0.3,1.1,NA,NA,NA,NA,NA,NA,NA,NA,NA,NA,NA,NA,NA,NA,NA,NA,NA,NA,NA,NA,NA,NA,NA,NA,NA,NA,0,1,0,1,0,1,0,90,133913652,1339136521,56,Yes
SL0343,AUS_1465755521,342,358,48,453,1304,4,4.85E+11,1500US484530013044,Block Group 4,G5030,S,473234,0,30.2495825,-97.7704511,14657555,AUS_14657555,30.24874884,-97.76894446,2,1,3,16,1,58,1,1,4,11,1,4,N,4,NA,NA,4,97,97,,,1,0,0,0,0,1,0,N,N,N,N,N,N,N,9/17/2015,10:09 PM,227,22,N,N,NA,NA,19,NA,,1,2000,S,LAMAR,BLVD,N,N,35,N,N,,N,19,NA,,1,,S,LAMAR,BLVD,NA,NA,,,,NA,11,4,0,3,1,1,1,10:09 PM,DISPATCH,10:09 PM,9/17/2015,Y,74,NA,NA,93,8,5,4,1,64,54,1,2,1,21,21,227,22,30.24874884,-97.76894446,SL,343,NA,2.352,NA,113,9,7.351,566,-0.069,,NA,NA,N/A,NA,NA,NA,NA,Y,Y,N,1,9,Y,THU,2,0,0,0,0,2,4,80,60,48,4,1,1,1,0,0,1,0,0,0,0,4,14,33647,2014,33647,1.2,0.4,1.6,1,304,2,1,32,NA,NA,NA,NA,NA,NA,NA,NA,NA,NA,NA,NA,NA,NA,NA,NA,NA,NA,NA,NA,NA,1,0,0,1,0,1,0,90,NA,NA,56,Yes
SL0343,AUS_1302098321,550,433,48,453,1100,1,4.85E+11,1500US484530011001,Block Group 1,G5030,S,2044061,66635,30.2687002,-97.7433003,13020983,AUS_13020983,30.26468937,-97.74911736,2,1,3,16,2,59,3,1,4,11,1,4,N,4,NA,NA,4,97,97,,,0,1,0,0,0,1,0,N,N,N,N,N,N,N,11/27/2012,2:57 PM,227,22,N,N,NA,NA,19,NA,,1,NA,W,CESAR CHAVEZ,ST,N,N,35,N,N,,Y,19,NA,,NA,,,SAN ANTONIO,ST,NA,NA,,,,NA,12,1,3,3,1,1,15,2:57 PM,ON SCENE,2:57 PM,11/27/2012,Y,74,1,115,144,8,5,1,2,64,54,1,2,1,21,21,227,22,30.26468937,-97.74911736,SL,343,NA,4.251,500,113,12,5.482,568,-0.067,,NA,NA,SAN ANTONIO ST,NA,NA,NA,NA,Y,Y,N,2,9,Y,TUE,2,0,0,7,0,2,4,74,51,44,4,0,0,1,0,0,2,7,5,0,0,4,14,35000,2012,35000,0.8,0.3,1.1,NA,NA,NA,NA,NA,NA,NA,NA,NA,NA,NA,NA,NA,NA,NA,NA,NA,NA,NA,NA,NA,NA,NA,NA,NA,NA,0,1,0,1,0,1,0,90,130209832,1302098321,56,Yes
SL0343,AUS_1406375321,346,358,48,453,1304,4,4.85E+11,1500US484530013044,Block Group 4,G5030,S,473234,0,30.2495825,-97.7704511,14063753,AUS_14063753,30.24911921,-97.76804634,2,1,3,16,2,39,1,1,4,11,1,4,N,4,NA,NA,4,97,97,,,0,1,0,0,0,1,0,N,N,N,N,N,N,N,9/29/2014,10:08 PM,227,22,N,N,NA,NA,19,NA,,1,2000,S,LAMAR,BLVD,N,N,35,N,N,,N,19,NA,,NA,1300,W,MARY,ST,NA,NA,,,,NA,11,4,0,3,1,1,1,10:08 PM,DISPATCH,10:08 PM,9/29/2014,Y,74,1043,93,112,8,5,4,1,64,54,1,2,1,21,21,227,22,30.24911921,-97.76804634,SL,343,NA,2.372,NA,113,9,7.307,566,-0.118,,NA,NA,N/A,NA,NA,NA,NA,Y,Y,N,2,9,Y,MON,2,0,0,0,0,2,4,80,60,48,4,1,1,1,0,0,1,0,0,0,0,4,14,39340,2012,39340,0.8,0.3,1.1,1,304,2,1,32,NA,NA,NA,NA,NA,NA,NA,NA,NA,NA,NA,NA,NA,NA,NA,NA,NA,NA,NA,NA,NA,0,1,0,1,0,1,0,90,140637532,1406375321,56,Yes
SL0343,AUS_1318910511,500,433,48,453,1100,1,4.85E+11,1500US484530011001,Block Group 1,G5030,S,2044061,66635,30.2687002,-97.7433003,13189105,AUS_13189105,30.26304206,-97.74318863,1,1,3,16,2,42,1,1,4,11,1,4,N,4,NA,NA,4,97,97,,,0,1,0,0,0,1,0,N,N,N,N,N,N,N,3/13/2013,1:57 PM,227,22,N,N,NA,NA,19,NA,,1,100,E,CESAR CHAVEZ,ST,N,N,35,N,N,,Y,19,NA,,NA,100,,BRAZOS,ST,NA,NA,,,,NA,11,1,4,3,1,1,5,1:57 PM,DISPATCH,2:10 PM,3/13/2013,Y,74,36,67,282,8,5,1,3,64,54,1,2,1,21,21,227,22,30.26304206,-97.74318863,SL,343,NA,4.622,198,113,12,5.867,568,0.304,,NA,NA,BRAZOS ST,NA,NA,NA,NA,Y,Y,N,2,9,Y,WED,1,0,10,10,0,9,4,80,68,48,6,0,0,2,10,5,2,10,5,0,0,4,14,29000,2012,29000,0.9,0.3,1.2,NA,NA,NA,NA,NA,NA,NA,NA,NA,NA,NA,NA,NA,NA,NA,NA,NA,NA,NA,NA,NA,NA,NA,NA,NA,NA,0,1,0,1,0,1,0,90,131891051,1318910511,56,Yes
SL0343,AUS_1263108821,455,68,48,453,1303,2,4.85E+11,1500US484530013032,Block Group 2,G5030,S,635029,0,30.2562161,-97.7625867,12631088,AUS_12631088,30.2608614,-97.75852036,2,1,3,16,2,31,1,1,4,11,1,5,N,4,NA,NA,4,97,97,,,0,1,0,0,0,1,0,N,N,N,N,N,N,N,11/3/2011,9:47 PM,227,22,N,N,NA,NA,19,NA,,1,NA,S,LAMAR,BLVD,N,N,35,N,N,,Y,19,NA,,NA,,S,LAMAR,BLVD,NA,NA,,,,NA,11,3,98,3,4,1,15,9:47 PM,SELF,9:47 PM,11/3/2011,Y,74,17,105,112,8,5,2,2,64,54,1,2,1,21,21,227,22,30.2608614,-97.75852036,SL,343,NA,3.383,NA,113,10,0.916,566,0.893,IH,35,NA,IH0035,NA,NA,NA,NA,Y,Y,N,2,9,Y,THU,2,0,0,0,0,2,4,80,60,60,4,1,1,1,0,0,1,0,0,0,0,4,14,40000,2012,40000,0.8,0.3,1.1,NA,NA,NA,NA,NA,NA,NA,NA,NA,NA,NA,NA,NA,NA,NA,NA,NA,NA,NA,NA,NA,NA,NA,NA,NA,NA,0,1,0,1,0,1,0,90,126310882,1263108821,56,Yes