Street_Name,Crash_UP_ID,FID,FID_Austin,STATEFP,COUNTYFP,TRACTCE,BLKGRPCE,GEOID1,GEOID,NAMELSAD,MTFCC,FUNCSTAT,ALAND,AWATER,INTPTLAT,INTPTLON,CrashID,CrashID1,Latitude,Longitude,Unit_Nbr,Prsn_Nbr,Prsn_Type_ID,Prsn_Occpnt_Pos_ID,Prsn_Injry_Sev_ID,Prsn_Age,Prsn_Ethnicity_ID,Prsn_Gndr_ID,Prsn_Ejct_ID,Prsn_Rest_ID,Prsn_Airbag_ID,Prsn_Helmet_ID,Prsn_Sol_Fl,Prsn_Alc_Spec_Type_ID,Prsn_Alc_Rslt_ID,Prsn_Bac_Test_Rslt,Prsn_Drg_Spec_Type_ID,Prsn_Drg_Rslt_ID,Drvr_Drg_Cat_1_ID,Prsn_Death_Date,Prsn_Death_Time,Incap_Injry_Cnt.x,Nonincap_Injry_Cnt.x,Poss_Injry_Cnt.x,Non_Injry_Cnt.x,Unkn_Injry_Cnt.x,Tot_Injry_Cnt.x,Death_Cnt.x,Crash_Fatal_Fl,Cmv_Involv_Fl,Schl_Bus_Fl,Rr_Relat_Fl,Medical_Advisory_Fl,Amend_Supp_Fl,Active_School_Zone_Fl,Crash_Date,Crash_Time,Rpt_CRIS_Cnty_ID,Rpt_City_ID,Rpt_Outside_City_Limit_Fl,Thousand_Damage_Fl,Rpt_Latitude,Rpt_Longitude,Rpt_Rdwy_Sys_ID,Rpt_Hwy_Num,Rpt_Hwy_Sfx,Rpt_Road_Part_ID,Rpt_Block_Num,Rpt_Street_Pfx,Rpt_Street_Name,Rpt_Street_Sfx,Private_Dr_Fl,Toll_Road_Fl,Crash_Speed_Limit,Road_Constr_Zone_Fl,Road_Constr_Zone_Wrkr_Fl,Rpt_Street_Desc,At_Intrsct_Fl,Rpt_Sec_Rdwy_Sys_ID,Rpt_Sec_Hwy_Num,Rpt_Sec_Hwy_Sfx,Rpt_Sec_Road_Part_ID,Rpt_Sec_Block_Num,Rpt_Sec_Street_Pfx,Rpt_Sec_Street_Name,Rpt_Sec_Street_Sfx,Rpt_Ref_Mark_Offset_Amt,Rpt_Ref_Mark_Dist_Uom,Rpt_Ref_Mark_Dir,Rpt_Ref_Mark_Nbr,Rpt_Sec_Street_Desc,Rpt_CrossingNumber,Wthr_Cond_ID,Light_Cond_ID,Entr_Road_ID,Road_Type_ID,Road_Algn_ID,Surf_Cond_ID,Traffic_Cntl_ID,Investigat_Notify_Time,Investigat_Notify_Meth,Investigat_Arrv_Time,Report_Date,Investigat_Comp_Fl,Investigat_Agency_ID,Investigat_Area_ID,Investigat_District_ID,Investigat_Region_ID,Bridge_Detail_ID,Harm_Evnt_ID,Intrsct_Relat_ID,FHE_Collsn_ID,Obj_Struck_ID,Othr_Factr_ID,Road_Part_Adj_ID,Road_Cls_ID,Road_Relat_ID,Phys_Featr_1_ID,Phys_Featr_2_ID,Cnty_ID,City_ID,Latitude.1,Longitude.1,Hwy_Sys,Hwy_Nbr,Hwy_Sfx,Dfo,Street_Nbr,Control,Section,Milepoint,Ref_Mark_Nbr,Ref_Mark_Displ,Hwy_Sys_2,Hwy_Nbr_2,Hwy_Sfx_2,Street_Name_2,Street_Nbr_2,Control_2,Section_2,Milepoint_2,Txdot_Rptable_Fl,Onsys_Fl,Rural_Fl,Crash_Sev_ID,Pop_Group_ID,Located_Fl,Day_of_Week,Hwy_Dsgn_Lane_ID,Hwy_Dsgn_Hrt_ID,Hp_Shldr_Left,Hp_Shldr_Right,Hp_Median_Width,Base_Type_ID,Nbr_Of_Lane,Row_Width_Usual,Roadbed_Width,Surf_Width,Surf_Type_ID,Curb_Type_Left_ID,Curb_Type_Right_ID,Shldr_Type_Left_ID,Shldr_Width_Left,Shldr_Use_Left_ID,Shldr_Type_Right_ID,Shldr_Width_Right,Shldr_Use_Right_ID,Median_Type_ID,Median_Width,Rural_Urban_Type_ID,Func_Sys_ID,Adt_Curnt_Amt,Adt_Curnt_Year,Adt_Adj_Curnt_Amt,Pct_Single_Trk_Adt,Pct_Combo_Trk_Adt,Trk_Aadt_Pct,Curve_Type_ID,Curve_Lngth,Cd_Degr,Delta_Left_Right_ID,Dd_Degr,Feature_Crossed,Structure_Number,I_R_Min_Vert_Clear,Approach_Width,Bridge_Median_ID,Bridge_Loading_Type_ID,Bridge_Loading_In_1000_Lbs,Bridge_Srvc_Type_On_ID,Bridge_Srvc_Type_Under_ID,Culvert_Type_ID,Roadway_Width,Deck_Width,Bridge_Dir_Of_Traffic_ID,Bridge_Rte_Struct_Func_ID,Bridge_IR_Struct_Func_ID,CrossingNumber,RRCo,Poscrossing_ID,WDCode_ID,Standstop,Yield,Incap_Injry_Cnt.y,Nonincap_Injry_Cnt.y,Poss_Injry_Cnt.y,Non_Injry_Cnt.y,Unkn_Injry_Cnt.y,Tot_Injry_Cnt.y,Death_Cnt.y,MPO_ID,Unit_ID,Unit_Prsn_ID,Count,BikePath
SL0343,AUS_1338634821,513,433,48,453,1100,1,4.85E+11,1500US484530011001,Block Group 1,G5030,S,2044061,66635,30.2687002,-97.7433003,13386348,AUS_13386348,30.26339788,-97.74450517,2,1,3,16,2,19,3,1,4,11,1,5,N,4,NA,NA,4,97,97,,,0,1,0,0,0,1,0,N,N,N,N,N,Y,N,6/9/2013,9:20 PM,227,22,N,N,NA,NA,19,NA,,1,NA,E,CESAR CHAVEZ,ST,N,N,0,N,N,,Y,19,NA,,NA,,,CONGRESS,AVE,NA,NA,,,,NA,11,6,4,3,8,1,5,9:20 PM,DISPATCH,9:24 PM,6/9/2013,Y,74,NA,115,144,8,5,1,3,64,54,1,2,1,21,21,227,22,30.26339788,-97.74450517,SL,343,NA,4.54,100,113,12,5.782,568,0.222,,NA,NA,CONGRESS AVE,NA,NA,NA,NA,Y,Y,N,2,9,Y,SUN,1,0,10,10,0,9,4,80,68,48,6,0,0,2,10,5,2,10,5,0,0,4,14,26000,2012,26000,1,0.3,1.3,NA,NA,NA,NA,NA,NA,NA,NA,NA,NA,NA,NA,NA,NA,NA,NA,NA,NA,NA,NA,NA,NA,NA,NA,NA,NA,0,1,0,1,0,1,0,90,133863482,1338634821,56,Yes
SL0343,AUS_1434320021,331,358,48,453,1304,4,4.85E+11,1500US484530013044,Block Group 4,G5030,S,473234,0,30.2495825,-97.7704511,14343200,AUS_14343200,30.2476193,-97.77293717,2,1,3,16,5,56,1,1,4,11,1,2,N,4,NA,NA,4,97,97,,,0,0,0,1,0,0,0,N,N,N,N,N,N,N,3/5/2015,6:55 PM,227,22,N,N,NA,NA,19,NA,,1,2100,S,LAMAR,BLVD,N,N,40,N,N,,Y,19,NA,,1,2000,,KINNEY,LN,NA,NA,,,,NA,11,4,0,3,2,1,8,6:55 PM,DISPATCH,7:00 PM,3/5/2015,Y,74,NA,NA,105,8,5,2,3,64,3,1,2,1,21,21,227,22,30.2476193,-97.77293717,SL,343,NA,2.097,2199,113,9,7.09,566,-0.324,,NA,NA,KINNEY RD,NA,NA,NA,NA,N,Y,N,5,9,Y,THU,2,0,0,0,0,2,4,80,60,48,4,1,1,1,0,0,1,0,0,0,0,4,14,34215,2014,34215,1.2,0.4,1.6,1,94,2,1,9,NA,NA,NA,NA,NA,NA,NA,NA,NA,NA,NA,NA,NA,NA,NA,NA,NA,NA,NA,NA,NA,0,0,0,2,0,0,0,90,NA,NA,56,Yes
SL0343,AUS_1327873921,512,433,48,453,1100,1,4.85E+11,1500US484530011001,Block Group 1,G5030,S,2044061,66635,30.2687002,-97.7433003,13278739,AUS_13278739,30.26339788,-97.74450517,2,1,3,16,3,26,1,1,4,11,1,4,N,4,NA,NA,4,97,97,,,0,0,1,0,0,1,0,N,N,N,N,N,N,N,4/28/2013,12:15 AM,227,22,N,N,NA,NA,19,NA,,1,NA,,CONGRESS,AVE,N,N,30,N,N,,Y,19,NA,,NA,,W,CESAR CHAVEZ,ST,NA,NA,,,,NA,11,4,0,3,1,1,5,12:15 AM,DISPATCHED,12:18 AM,4/29/2013,Y,74,1,115,144,8,5,1,3,64,3,1,2,1,21,21,227,22,30.26339788,-97.74450517,SL,343,NA,4.54,100,113,12,5.782,568,0.222,,NA,NA,CONGRESS AVE,NA,NA,NA,NA,Y,Y,N,3,9,Y,SUN,1,0,10,10,0,9,4,80,68,48,6,0,0,2,10,5,2,10,5,0,0,4,14,26000,2012,26000,1,0.3,1.3,NA,NA,NA,NA,NA,NA,NA,NA,NA,NA,NA,NA,NA,NA,NA,NA,NA,NA,NA,NA,NA,NA,NA,NA,NA,NA,0,0,1,1,0,1,0,90,132787392,1327873921,56,Yes
SL0343,AUS_1219773321,329,358,48,453,1304,4,4.85E+11,1500US484530013044,Block Group 4,G5030,S,473234,0,30.2495825,-97.7704511,12197733,AUS_12197733,30.24743263,-97.77415354,2,1,3,16,2,36,1,2,4,11,1,4,N,4,NA,NA,4,97,97,,,0,1,0,0,0,1,0,N,N,N,N,N,N,N,7/20/2011,6:53 PM,227,22,N,N,NA,NA,19,NA,,1,2300,S,LAMAR,BLVD,N,N,35,N,N,,N,19,NA,,1,,,GOODRICH,AVE,NA,NA,,,,NA,11,1,0,3,1,1,1,6:59 PM,DISPATCH,7:06 PM,7/20/2011,Y,74,160,93,112,8,5,3,2,64,14,1,2,1,32,21,227,22,30.24743263,-97.77415354,SL,343,NA,1.988,2225,113,9,6.924,566,-0.502,,NA,NA,N/A,NA,NA,NA,NA,Y,Y,N,2,9,Y,WED,2,0,0,0,0,2,4,80,60,48,4,1,1,1,0,0,1,0,0,0,0,4,14,39340,2012,39340,0.8,0.3,1.1,NA,NA,NA,NA,NA,NA,NA,NA,NA,NA,NA,NA,NA,NA,NA,NA,NA,NA,NA,NA,NA,NA,NA,NA,NA,NA,0,1,0,1,0,1,0,90,121977332,1219773321,56,Yes
SL0343,AUS_1324713611,479,433,48,453,1100,1,4.85E+11,1500US484530011001,Block Group 1,G5030,S,2044061,66635,30.2687002,-97.7433003,13247136,AUS_13247136,30.26185492,-97.73890724,1,1,3,16,2,25,1,1,4,11,1,4,N,4,NA,NA,4,97,97,,,0,1,0,0,0,1,0,N,N,N,N,N,N,N,4/21/2013,2:13 AM,227,22,N,N,NA,NA,19,NA,,1,500,E,CEASAR CHAVEZ,ST,N,N,0,N,N,,N,19,NA,,NA,100,,RED RIVER,ST,NA,NA,,,,NA,11,6,4,3,1,1,20,2:13 AM,DISPATCH,2:16 AM,4/21/2013,Y,74,12,115,144,8,5,3,2,64,13,1,2,1,32,21,227,22,30.26185492,-97.73890724,SL,343,NA,4.89,595,113,12,6.145,568,0.572,,NA,NA,N/A,NA,NA,NA,NA,Y,Y,N,2,9,Y,SUN,2,0,10,10,0,9,4,80,68,48,6,0,0,2,10,5,2,10,5,0,0,4,14,28000,2012,28000,0.9,0.3,1.2,NA,NA,NA,NA,NA,NA,NA,NA,NA,NA,NA,NA,NA,NA,NA,NA,NA,NA,NA,NA,NA,NA,NA,NA,NA,NA,0,1,0,1,0,1,0,90,132471361,1324713611,56,Yes
SL0343,AUS_1192088421,298,21,48,453,2004,1,4.85E+11,1500US484530020041,Block Group 1,G5030,S,677445,0,30.2370916,-97.7879951,11920884,AUS_11920884,30.24361694,-97.7823178,2,1,3,16,5,48,1,1,4,11,1,2,N,4,NA,NA,4,97,97,,,0,0,0,1,0,0,0,N,N,N,N,N,N,N,2/10/2011,7:43 PM,227,22,N,N,NA,NA,19,NA,,1,NA,,BARTON SKYWAY,,N,N,0,N,N,,Y,19,NA,,1,,S,LAMAR,BLVD,NA,NA,,,,NA,11,4,4,3,1,1,5,7:43 PM,FLAGGED DOWN,7:43 PM,2/10/2011,N,74,22,105,112,8,5,1,1,64,54,1,2,1,21,21,227,22,30.24361694,-97.7823178,SL,343,NA,1.42,2901,113,9,6.369,564,0.777,,NA,NA,BARTON SKWY,NA,NA,NA,NA,N,Y,N,5,9,Y,THU,2,0,0,0,0,2,4,100,60,48,4,1,1,1,0,0,1,0,0,0,0,4,14,39340,2012,39340,0.8,0.3,1.1,NA,NA,NA,NA,NA,NA,NA,NA,NA,NA,NA,NA,NA,NA,NA,NA,NA,NA,NA,NA,NA,NA,NA,NA,NA,NA,0,0,0,1,1,0,0,90,119208842,1192088421,56,Yes
SL0343,AUS_1248709721,381,68,48,453,1303,2,4.85E+11,1500US484530013032,Block Group 2,G5030,S,635029,0,30.2562161,-97.7625867,12487097,AUS_12487097,30.25495768,-97.76217255,2,1,3,16,3,27,1,2,4,11,1,4,N,4,NA,NA,4,97,97,,,0,0,1,0,0,1,0,N,N,N,N,N,N,N,12/31/2011,1:51 PM,227,22,N,N,NA,NA,19,NA,,1,1200,S,LAMAR,BLVD,N,N,40,Y,N,,Y,19,NA,,NA,1200,W,GIBSON,ST,NA,NA,,,,NA,11,1,2,3,1,1,1,1:51 PM,DISPATCH,1:55 PM,12/31/2011,Y,74,68,93,112,8,5,1,2,64,49,1,2,1,21,21,227,22,30.25495768,-97.76217255,SL,343,NA,2.912,1199,113,10,0.389,566,0.422,,NA,NA,W GIBSON ST,NA,NA,NA,NA,Y,Y,N,3,9,Y,SAT,2,0,0,0,0,2,4,80,60,60,4,1,1,1,0,0,1,0,0,0,0,4,14,40000,2012,40000,0.8,0.3,1.1,NA,NA,NA,NA,NA,NA,NA,NA,NA,NA,NA,NA,NA,NA,NA,NA,NA,NA,NA,NA,NA,NA,NA,NA,NA,NA,0,0,1,2,0,1,0,90,124870972,1248709721,56,Yes
SL0343,AUS_1403369321,505,349,48,453,1303,1,4.85E+11,1500US484530013031,Block Group 1,G5030,S,710768,43869,30.2634026,-97.7612102,14033693,AUS_14033693,30.26337048,-97.75758837,2,1,3,16,2,34,1,1,4,11,1,4,N,4,NA,NA,4,97,97,,,0,1,0,0,0,1,0,N,N,N,N,N,N,N,8/26/2014,5:08 PM,227,22,N,N,NA,NA,19,NA,,1,200,S,LAMAR,BLVD,N,N,35,N,N,,N,19,NA,,NA,1300,,TOOMEY,RD,NA,NA,,,,NA,11,1,0,2,1,1,20,5:08 PM,ON SIGHT,5:08 PM,8/26/2014,Y,74,1043,93,112,8,5,4,1,64,3,1,2,1,21,21,227,22,30.26337048,-97.75758837,SL,343,NA,3.564,NA,113,12,1.178,568,-0.754,,NA,NA,N/A,NA,NA,NA,NA,Y,Y,N,2,9,Y,TUE,3,0,0,0,22,2,6,120,72,72,4,1,1,1,0,0,1,0,0,1,22,4,14,40000,2012,40000,0.8,0.3,1.1,NA,NA,NA,NA,NA,NA,NA,NA,NA,NA,NA,NA,NA,NA,NA,NA,NA,NA,NA,NA,NA,NA,NA,NA,NA,NA,0,1,0,1,0,1,0,90,140336932,1403369321,56,Yes
SL0343,AUS_1429251621,496,433,48,453,1100,1,4.85E+11,1500US484530011001,Block Group 1,G5030,S,2044061,66635,30.2687002,-97.7433003,14292516,AUS_14292516,30.2626694,-97.74180984,2,1,3,16,1,22,1,2,4,11,1,4,N,4,NA,NA,4,97,97,,,1,0,0,0,0,1,0,N,N,N,N,N,N,N,2/11/2015,10:05 PM,227,22,N,N,NA,NA,19,NA,,1,300,E,CESAR CHAVEZ,,N,N,-1,N,N,,N,19,NA,,NA,100,,SAN JACINTO,,NA,NA,,,,NA,11,4,0,3,1,1,1,10:05 PM,DISPATCH,10:07 PM,2/11/2015,N,74,NA,NA,115,8,5,4,1,64,54,1,2,1,21,21,227,22,30.2626694,-97.74180984,SL,343,NA,4.799,327,113,12,5.966,568,0.422,,NA,NA,N/A,NA,NA,NA,NA,Y,Y,N,1,9,Y,WED,1,0,10,10,0,9,4,80,68,48,6,0,0,2,10,5,2,10,5,0,0,4,14,22613,2014,22613,1.2,0.4,1.6,NA,NA,NA,NA,NA,NA,NA,NA,NA,NA,NA,NA,NA,NA,NA,NA,NA,NA,NA,NA,NA,NA,NA,NA,NA,NA,1,0,0,0,1,1,0,90,NA,NA,56,Yes
SL0343,AUS_1338632821,506,433,48,453,1100,1,4.85E+11,1500US484530011001,Block Group 1,G5030,S,2044061,66635,30.2687002,-97.7433003,13386328,AUS_13386328,30.26337336,-97.74441444,2,1,3,16,2,31,1,2,4,11,1,2,N,4,NA,NA,4,97,97,,,0,1,0,0,0,1,0,N,N,N,N,N,Y,N,5/23/2013,3:55 PM,227,22,N,N,NA,NA,19,NA,,1,100,E,CESAR CHAVEZ,ST,N,N,35,N,N,,N,19,NA,,NA,,,CONGRESS,AVE,NA,NA,,,,NA,11,1,0,3,1,1,1,3:55 PM,DISPATCH,3:58 PM,5/23/2013,Y,74,NA,NA,358,8,5,3,3,64,13,1,2,1,32,21,227,22,30.26337336,-97.74441444,SL,343,NA,4.546,100,113,12,5.788,568,0.228,,NA,NA,N/A,NA,NA,NA,NA,Y,Y,N,2,9,Y,THU,1,0,10,10,0,9,4,80,68,48,6,0,0,2,10,5,2,10,5,0,0,4,14,26000,2012,26000,1,0.3,1.3,NA,NA,NA,NA,NA,NA,NA,NA,NA,NA,NA,NA,NA,NA,NA,NA,NA,NA,NA,NA,NA,NA,NA,NA,NA,NA,0,1,0,1,0,1,0,90,133863282,1338632821,56,Yes
SL0343,AUS_1445944321,394,68,48,453,1303,2,4.85E+11,1500US484530013032,Block Group 2,G5030,S,635029,0,30.2562161,-97.7625867,14459443,AUS_14459443,30.25603639,-97.76151136,2,1,3,16,2,23,1,1,4,11,1,4,N,4,NA,NA,4,97,97,,,0,1,0,0,0,1,0,N,N,N,N,N,N,N,5/16/2015,7:16 PM,227,22,N,Y,NA,NA,19,NA,,1,900,S,LAMAR,BLVD,N,N,35,N,N,,Y,19,NA,,1,1200,,TREADWELL,ST,NA,NA,,,,NA,11,1,2,3,1,1,1,7:16 PM,DISPATCH,7:20 PM,5/16/2015,Y,74,NA,NA,93,8,5,1,2,64,3,1,2,1,21,21,227,22,30.25603639,-97.76151136,SL,343,NA,3.047,999,113,10,0.555,566,0.626,,NA,NA,TREADWELL ST,NA,NA,NA,NA,Y,Y,N,2,9,Y,SAT,2,0,0,0,0,2,4,80,60,60,4,1,1,1,0,0,1,0,0,0,0,4,14,33647,2014,33647,1.2,0.4,1.6,NA,NA,NA,NA,NA,NA,NA,NA,NA,NA,NA,NA,NA,NA,NA,NA,NA,NA,NA,NA,NA,NA,NA,NA,NA,NA,0,1,0,1,0,1,0,90,NA,NA,56,Yes
SL0343,AUS_1457469421,457,68,48,453,1303,2,4.85E+11,1500US484530013032,Block Group 2,G5030,S,635029,0,30.2562161,-97.7625867,14574694,AUS_14574694,30.26092596,-97.7584974,2,1,3,16,3,56,1,1,4,11,1,3,N,4,NA,NA,4,97,97,,,0,0,1,0,0,1,0,N,N,N,N,N,N,N,8/1/2015,12:27 PM,227,22,N,Y,NA,NA,19,NA,,1,521,S,LAMAR,BLVD,N,N,30,N,N,,N,19,NA,,1,1209,,BARTON SPRINGS,RD,NA,NA,,,,NA,11,1,0,2,1,1,20,12:27 PM,DISPATCH,12:27 PM,8/1/2015,Y,74,NA,NA,93,8,5,2,1,64,54,1,2,1,21,21,227,22,30.26092596,-97.7584974,SL,343,NA,3.446,495,113,12,1.029,568,-0.931,,NA,NA,BARTON SPRINGS RD,NA,NA,NA,NA,Y,Y,N,3,9,Y,SAT,3,0,0,0,22,2,6,120,72,72,4,1,1,1,0,0,1,0,0,1,22,4,14,33647,2014,33647,1.2,0.4,1.6,NA,NA,NA,NA,NA,NA,NA,NA,NA,NA,NA,NA,NA,NA,NA,NA,NA,NA,NA,NA,NA,NA,NA,NA,NA,NA,0,0,1,1,0,1,0,90,NA,NA,56,Yes
SL0343,AUS_1208144621,544,349,48,453,1303,1,4.85E+11,1500US484530013031,Block Group 1,G5030,S,710768,43869,30.2634026,-97.7612102,12081446,AUS_12081446,30.26449988,-97.75711084,2,1,3,16,1,28,1,1,4,11,1,5,N,4,NA,NA,4,97,97,,,1,0,0,0,0,1,0,N,N,N,N,N,N,N,5/22/2011,4:23 PM,227,22,N,Y,NA,NA,19,NA,,1,100,S,LAMAR,BLVD,N,N,40,N,N,,N,19,NA,,1,,W,RIVERSIDE,DR,NA,NA,,,,NA,11,1,4,2,1,1,5,4:23 PM,DISPATCH,4:27 PM,5/22/2011,Y,74,22,105,112,8,5,2,1,64,54,1,2,1,21,21,227,22,30.26449988,-97.75711084,SL,343,NA,3.647,NA,113,12,1.262,568,-0.671,,NA,NA,W RIVERSIDE DR,NA,NA,NA,NA,Y,Y,N,1,9,Y,SUN,3,0,0,0,22,2,6,120,72,72,4,1,1,1,0,0,1,0,0,1,22,4,14,40000,2012,40000,0.8,0.3,1.1,NA,NA,NA,NA,NA,NA,NA,NA,NA,NA,NA,NA,NA,NA,NA,NA,NA,NA,NA,NA,NA,NA,NA,NA,NA,NA,1,0,0,1,0,1,0,90,120814462,1208144621,56,Yes
SL0343,AUS_1299002721,515,433,48,453,1100,1,4.85E+11,1500US484530011001,Block Group 1,G5030,S,2044061,66635,30.2687002,-97.7433003,12990027,AUS_12990027,30.26339788,-97.74450517,2,1,3,16,1,29,1,2,4,11,1,2,N,4,NA,NA,4,97,97,,,1,0,0,0,0,1,0,N,N,N,N,N,Y,N,9/29/2012,1:05 PM,227,22,N,N,NA,NA,19,NA,,1,NA,,CONGRESS,AVE,N,N,30,N,N,,Y,19,NA,,NA,,E,CESAR CHAVEZ,ST,NA,NA,,,,NA,12,1,0,3,1,1,5,1:05 PM,DISPATCHED,1:06 PM,11/8/2012,Y,74,NA,115,144,8,5,2,2,64,54,1,2,1,21,21,227,22,30.26339788,-97.74450517,SL,343,NA,4.54,100,113,12,5.782,568,0.222,,NA,NA,CONGRESS AVE,NA,NA,NA,NA,Y,Y,N,1,9,Y,SAT,1,0,10,10,0,9,4,80,68,48,6,0,0,2,10,5,2,10,5,0,0,4,14,26000,2012,26000,1,0.3,1.3,NA,NA,NA,NA,NA,NA,NA,NA,NA,NA,NA,NA,NA,NA,NA,NA,NA,NA,NA,NA,NA,NA,NA,NA,NA,NA,1,0,0,1,0,1,0,90,129900272,1299002721,56,Yes
SL0343,AUS_1444605731,476,433,48,453,1100,1,4.85E+11,1500US484530011001,Block Group 1,G5030,S,2044061,66635,30.2687002,-97.7433003,14446057,AUS_14446057,30.2618442,-97.73886871,3,1,3,16,2,24,1,1,4,11,1,4,N,4,NA,NA,4,97,97,,,0,1,0,0,0,1,0,N,N,N,N,N,N,N,5/18/2015,3:35 PM,227,22,N,Y,NA,NA,19,NA,,1,100,E,CESAR CHAVEZ,ST,N,N,35,Y,N,,Y,19,NA,,1,500,,RED RIVER,ST,NA,NA,,,,NA,11,1,4,3,1,1,21,3:31 PM,DISPATCH,3:34 PM,5/18/2015,Y,74,NA,NA,115,8,2,1,20,64,49,1,2,1,21,21,227,22,30.2618442,-97.73886871,SL,343,NA,4.988,598,113,12,6.153,568,0.611,,NA,NA,RED RIVER ST,NA,NA,NA,NA,Y,Y,N,2,9,Y,MON,2,0,10,10,0,9,4,80,68,48,6,0,0,2,10,5,2,10,5,0,0,4,14,20895,2014,20895,1.2,0.4,1.6,NA,NA,NA,NA,NA,NA,NA,NA,NA,NA,NA,NA,NA,NA,NA,NA,NA,NA,NA,NA,NA,NA,NA,NA,NA,NA,0,2,0,1,1,2,0,90,NA,NA,56,Yes
SL0343,AUS_1341888911,514,433,48,453,1100,1,4.85E+11,1500US484530011001,Block Group 1,G5030,S,2044061,66635,30.2687002,-97.7433003,13418889,AUS_13418889,30.26339788,-97.74450517,1,1,3,16,2,36,2,1,4,11,1,4,N,4,NA,NA,4,97,97,,,0,1,0,0,0,1,0,N,N,N,N,N,N,N,6/30/2013,10:58 PM,227,22,N,N,NA,NA,19,NA,,1,NA,E,CESAR CHAVEZ,ST,N,N,30,N,N,,Y,19,NA,,NA,,,CONGRESS,AVE,NA,NA,,,,NA,11,4,4,3,1,1,15,10:58 PM,FLAGGED DOWN,10:59 PM,6/30/2013,N,74,36,67,282,8,5,2,2,64,3,1,2,1,21,21,227,22,30.26339788,-97.74450517,SL,343,NA,4.54,100,113,12,5.782,568,0.222,,NA,NA,CONGRESS AVE,NA,NA,NA,NA,Y,Y,N,2,9,Y,SUN,1,0,10,10,0,9,4,80,68,48,6,0,0,2,10,5,2,10,5,0,0,4,14,26000,2012,26000,1,0.3,1.3,NA,NA,NA,NA,NA,NA,NA,NA,NA,NA,NA,NA,NA,NA,NA,NA,NA,NA,NA,NA,NA,NA,NA,NA,NA,NA,0,1,0,0,1,1,0,90,134188891,1341888911,56,Yes
SL0343,AUS_1353115321,304,308,48,453,1901,3,4.85E+11,1500US484530019013,Block Group 3,G5030,S,860491,0,30.2522502,-97.7806429,13531153,AUS_13531153,30.24433907,-97.78131563,2,1,3,16,3,32,1,2,4,11,1,97,N,4,NA,NA,4,97,97,,,0,0,1,0,0,1,0,N,N,N,N,N,N,N,11/1/2013,7:09 PM,227,22,N,N,NA,NA,19,NA,,1,2700,S,LAMAR,BLVD,N,N,35,N,N,,Y,19,NA,,1,2800,,MANCHACA,RD,NA,NA,,,,NA,11,5,2,3,4,1,5,7:33 PM,BY CITIZEN,7:33 PM,11/1/2013,N,74,1043,93,112,8,5,1,2,64,54,1,2,1,21,21,227,22,30.24433907,-97.78131563,SL,343,NA,1.497,2801,113,9,6.444,564,0.854,SL,360,NA,SL0360,NA,NA,NA,NA,Y,Y,N,3,9,Y,FRI,2,0,0,0,0,2,4,100,60,48,4,1,1,1,0,0,1,0,0,0,0,4,14,39340,2012,39340,0.8,0.3,1.1,NA,NA,NA,NA,NA,NA,NA,NA,NA,NA,NA,NA,NA,NA,NA,NA,NA,NA,NA,NA,NA,NA,NA,NA,NA,NA,0,0,1,1,0,1,0,90,135311532,1353115321,56,Yes
SL0343,AUS_1319226121,475,433,48,453,1100,1,4.85E+11,1500US484530011001,Block Group 1,G5030,S,2044061,66635,30.2687002,-97.7433003,13192261,AUS_13192261,30.26181479,-97.73876434,2,1,3,16,3,22,1,1,4,11,1,4,N,4,NA,NA,4,97,97,,,0,0,1,0,0,1,0,N,N,N,N,N,N,N,2/23/2013,4:45 PM,227,22,N,N,30.26178,-97.73894,19,NA,,1,600,,CESAR CHAVEZ,,N,N,35,N,N,,Y,19,NA,,NA,99,,RED RIVER,,NA,NA,,,,NA,11,1,4,3,1,1,5,10:12 PM,DISPATCH,11:19 PM,2/23/2013,Y,74,20,98,129,8,5,1,3,64,3,1,2,1,21,21,227,22,30.26181479,-97.73876434,SL,343,NA,4.899,600,113,12,6.155,568,0.581,IH,35,NA,IH0035,NA,NA,NA,NA,Y,Y,N,3,9,Y,SAT,2,0,10,10,0,9,4,80,68,48,6,0,0,2,10,5,2,10,5,0,0,4,14,28000,2012,28000,0.9,0.3,1.2,NA,NA,NA,NA,NA,NA,NA,NA,NA,NA,NA,NA,NA,NA,NA,NA,NA,NA,NA,NA,NA,NA,NA,NA,NA,NA,0,0,1,0,1,1,0,90,131922612,1319226121,56,Yes