Street_Name,Crash_UP_ID,FID,FID_Austin,STATEFP,COUNTYFP,TRACTCE,BLKGRPCE,GEOID1,GEOID,NAMELSAD,MTFCC,FUNCSTAT,ALAND,AWATER,INTPTLAT,INTPTLON,CrashID,CrashID1,Latitude,Longitude,Unit_Nbr,Prsn_Nbr,Prsn_Type_ID,Prsn_Occpnt_Pos_ID,Prsn_Injry_Sev_ID,Prsn_Age,Prsn_Ethnicity_ID,Prsn_Gndr_ID,Prsn_Ejct_ID,Prsn_Rest_ID,Prsn_Airbag_ID,Prsn_Helmet_ID,Prsn_Sol_Fl,Prsn_Alc_Spec_Type_ID,Prsn_Alc_Rslt_ID,Prsn_Bac_Test_Rslt,Prsn_Drg_Spec_Type_ID,Prsn_Drg_Rslt_ID,Drvr_Drg_Cat_1_ID,Prsn_Death_Date,Prsn_Death_Time,Incap_Injry_Cnt.x,Nonincap_Injry_Cnt.x,Poss_Injry_Cnt.x,Non_Injry_Cnt.x,Unkn_Injry_Cnt.x,Tot_Injry_Cnt.x,Death_Cnt.x,Crash_Fatal_Fl,Cmv_Involv_Fl,Schl_Bus_Fl,Rr_Relat_Fl,Medical_Advisory_Fl,Amend_Supp_Fl,Active_School_Zone_Fl,Crash_Date,Crash_Time,Rpt_CRIS_Cnty_ID,Rpt_City_ID,Rpt_Outside_City_Limit_Fl,Thousand_Damage_Fl,Rpt_Latitude,Rpt_Longitude,Rpt_Rdwy_Sys_ID,Rpt_Hwy_Num,Rpt_Hwy_Sfx,Rpt_Road_Part_ID,Rpt_Block_Num,Rpt_Street_Pfx,Rpt_Street_Name,Rpt_Street_Sfx,Private_Dr_Fl,Toll_Road_Fl,Crash_Speed_Limit,Road_Constr_Zone_Fl,Road_Constr_Zone_Wrkr_Fl,Rpt_Street_Desc,At_Intrsct_Fl,Rpt_Sec_Rdwy_Sys_ID,Rpt_Sec_Hwy_Num,Rpt_Sec_Hwy_Sfx,Rpt_Sec_Road_Part_ID,Rpt_Sec_Block_Num,Rpt_Sec_Street_Pfx,Rpt_Sec_Street_Name,Rpt_Sec_Street_Sfx,Rpt_Ref_Mark_Offset_Amt,Rpt_Ref_Mark_Dist_Uom,Rpt_Ref_Mark_Dir,Rpt_Ref_Mark_Nbr,Rpt_Sec_Street_Desc,Rpt_CrossingNumber,Wthr_Cond_ID,Light_Cond_ID,Entr_Road_ID,Road_Type_ID,Road_Algn_ID,Surf_Cond_ID,Traffic_Cntl_ID,Investigat_Notify_Time,Investigat_Notify_Meth,Investigat_Arrv_Time,Report_Date,Investigat_Comp_Fl,Investigat_Agency_ID,Investigat_Area_ID,Investigat_District_ID,Investigat_Region_ID,Bridge_Detail_ID,Harm_Evnt_ID,Intrsct_Relat_ID,FHE_Collsn_ID,Obj_Struck_ID,Othr_Factr_ID,Road_Part_Adj_ID,Road_Cls_ID,Road_Relat_ID,Phys_Featr_1_ID,Phys_Featr_2_ID,Cnty_ID,City_ID,Latitude.1,Longitude.1,Hwy_Sys,Hwy_Nbr,Hwy_Sfx,Dfo,Street_Nbr,Control,Section,Milepoint,Ref_Mark_Nbr,Ref_Mark_Displ,Hwy_Sys_2,Hwy_Nbr_2,Hwy_Sfx_2,Street_Name_2,Street_Nbr_2,Control_2,Section_2,Milepoint_2,Txdot_Rptable_Fl,Onsys_Fl,Rural_Fl,Crash_Sev_ID,Pop_Group_ID,Located_Fl,Day_of_Week,Hwy_Dsgn_Lane_ID,Hwy_Dsgn_Hrt_ID,Hp_Shldr_Left,Hp_Shldr_Right,Hp_Median_Width,Base_Type_ID,Nbr_Of_Lane,Row_Width_Usual,Roadbed_Width,Surf_Width,Surf_Type_ID,Curb_Type_Left_ID,Curb_Type_Right_ID,Shldr_Type_Left_ID,Shldr_Width_Left,Shldr_Use_Left_ID,Shldr_Type_Right_ID,Shldr_Width_Right,Shldr_Use_Right_ID,Median_Type_ID,Median_Width,Rural_Urban_Type_ID,Func_Sys_ID,Adt_Curnt_Amt,Adt_Curnt_Year,Adt_Adj_Curnt_Amt,Pct_Single_Trk_Adt,Pct_Combo_Trk_Adt,Trk_Aadt_Pct,Curve_Type_ID,Curve_Lngth,Cd_Degr,Delta_Left_Right_ID,Dd_Degr,Feature_Crossed,Structure_Number,I_R_Min_Vert_Clear,Approach_Width,Bridge_Median_ID,Bridge_Loading_Type_ID,Bridge_Loading_In_1000_Lbs,Bridge_Srvc_Type_On_ID,Bridge_Srvc_Type_Under_ID,Culvert_Type_ID,Roadway_Width,Deck_Width,Bridge_Dir_Of_Traffic_ID,Bridge_Rte_Struct_Func_ID,Bridge_IR_Struct_Func_ID,CrossingNumber,RRCo,Poscrossing_ID,WDCode_ID,Standstop,Yield,Incap_Injry_Cnt.y,Nonincap_Injry_Cnt.y,Poss_Injry_Cnt.y,Non_Injry_Cnt.y,Unkn_Injry_Cnt.y,Tot_Injry_Cnt.y,Death_Cnt.y,MPO_ID,Unit_ID,Unit_Prsn_ID,Count,BikePath
SPEEDWAY,AUS_1376688521,1016,336,48,453,302,1,4.85E+11,1500US484530003021,Block Group 1,G5030,S,283406,0,30.3075179,-97.7321031,13766885,AUS_13766885,30.30528,-97.73056,2,1,3,16,3,29,1,1,4,11,1,3,N,4,NA,NA,4,97,97,,,0,0,1,0,0,1,0,N,N,N,N,N,N,N,3/18/2014,6:02 PM,227,22,N,N,NA,NA,19,NA,,1,NA,,SPEEDWAY,,N,N,30,N,N,,Y,19,NA,,1,,E,E 42ND ST,ST,NA,NA,,,,NA,11,1,4,NA,1,1,9,6:02 PM,DISPATCH,6:06 PM,3/18/2014,Y,74,1061,10,14,8,5,1,1,64,54,1,5,1,21,21,227,22,30.30528,-97.73056,,NA,NA,NA,4199,NA,NA,NA,NA,NA,,NA,NA,W 42ND ST,NA,NA,NA,NA,Y,N,N,3,9,Y,TUE,NA,NA,NA,NA,NA,NA,NA,NA,NA,NA,NA,NA,NA,NA,NA,NA,NA,NA,NA,NA,NA,NA,NA,NA,NA,NA,NA,NA,NA,NA,NA,NA,NA,NA,NA,NA,NA,NA,NA,NA,NA,NA,NA,NA,NA,NA,NA,NA,NA,NA,NA,NA,NA,NA,NA,0,0,1,1,0,1,0,90,137668852,1376688521,10,Yes
SPEEDWAY,AUS_1205962321,914,444,48,453,601,2,4.85E+11,1500US484530006012,Block Group 2,G5030,S,916303,0,30.2860516,-97.7376998,12059623,AUS_12059623,30.29316,-97.73602,2,1,3,16,3,30,1,1,4,11,1,4,N,4,NA,NA,4,97,97,,,0,0,1,0,0,1,0,N,N,N,N,N,N,N,5/8/2011,4:08 AM,227,22,N,Y,NA,NA,19,NA,,1,2100,,SPEEDWAY,,N,N,25,N,N,,Y,19,NA,,1,200,E,30TH,ST,NA,NA,,,,NA,11,4,3,NA,1,1,8,4:08 AM,DISPATCH,4:10 AM,5/8/2011,Y,74,252,10,14,8,5,2,1,64,54,1,5,1,21,21,227,22,30.29316,-97.73602,,NA,NA,NA,3001,NA,NA,NA,NA,NA,,NA,NA,E 30TH ST,NA,NA,NA,NA,Y,N,N,3,9,Y,SUN,NA,NA,NA,NA,NA,NA,NA,NA,NA,NA,NA,NA,NA,NA,NA,NA,NA,NA,NA,NA,NA,NA,NA,NA,NA,NA,NA,NA,NA,NA,NA,NA,NA,NA,NA,NA,NA,NA,NA,NA,NA,NA,NA,NA,NA,NA,NA,NA,NA,NA,NA,NA,NA,NA,NA,0,0,1,1,0,1,0,90,120596232,1205962321,10,Yes
SPEEDWAY,AUS_1265084121,938,361,48,453,500,4,4.85E+11,1500US484530005004,Block Group 4,G5030,S,395842,0,30.2985167,-97.7378172,12650841,AUS_12650841,30.29546725,-97.73677134,2,1,3,16,2,23,1,2,4,11,1,1,N,4,NA,NA,4,97,97,,,0,1,0,0,0,1,0,N,N,N,N,N,N,N,4/10/2012,10:50 AM,227,22,N,N,NA,NA,19,NA,,1,3100,,SPEEDWAY,,N,N,30,N,N,,N,19,NA,,NA,100,W,31ST,,NA,NA,,,,NA,11,1,2,NA,5,1,1,10:56 AM,DISPATCH,10:59 AM,4/10/2012,Y,74,NA,NA,187,8,5,4,1,64,54,1,5,1,21,21,227,22,30.29546725,-97.73677134,,NA,NA,NA,3104,NA,NA,NA,NA,NA,,NA,NA,N/A,NA,NA,NA,NA,Y,N,N,2,9,Y,TUE,NA,NA,NA,NA,NA,NA,NA,NA,NA,NA,NA,NA,NA,NA,NA,NA,NA,NA,NA,NA,NA,NA,NA,NA,NA,NA,NA,NA,NA,NA,NA,NA,NA,NA,NA,NA,NA,NA,NA,NA,NA,NA,NA,NA,NA,NA,NA,NA,NA,NA,NA,NA,NA,NA,NA,0,1,0,2,0,1,0,90,126508412,1265084121,10,Yes
SPEEDWAY,AUS_1215008621,915,444,48,453,601,2,4.85E+11,1500US484530006012,Block Group 2,G5030,S,916303,0,30.2860516,-97.7376998,12150086,AUS_12150086,30.29316,-97.73602,2,1,3,16,5,26,1,2,4,11,1,2,N,4,NA,NA,4,97,97,,,0,0,0,1,0,0,0,N,N,N,N,N,N,N,6/19/2011,1:23 AM,227,22,N,N,NA,NA,19,NA,,1,3000,,SPEEDWAY,,N,N,35,N,N,,Y,19,NA,,1,100,W,30TH,ST,NA,NA,,,,NA,11,3,5,NA,2,1,8,1:23 AM,DISPATCH,1:30 AM,6/19/2011,Y,74,252,579,14,8,5,1,1,64,54,1,5,1,21,21,227,22,30.29316,-97.73602,,NA,NA,NA,3001,NA,NA,NA,NA,NA,,NA,NA,E 30TH ST,NA,NA,NA,NA,Y,N,N,2,9,Y,SUN,NA,NA,NA,NA,NA,NA,NA,NA,NA,NA,NA,NA,NA,NA,NA,NA,NA,NA,NA,NA,NA,NA,NA,NA,NA,NA,NA,NA,NA,NA,NA,NA,NA,NA,NA,NA,NA,NA,NA,NA,NA,NA,NA,NA,NA,NA,NA,NA,NA,NA,NA,NA,NA,NA,NA,0,1,0,2,0,1,0,90,121500862,1215008621,10,Yes
SPEEDWAY,AUS_1231695621,917,412,48,453,500,1,4.85E+11,1500US484530005001,Block Group 1,G5030,S,140441,0,30.2939335,-97.7350124,12316956,AUS_12316956,30.29326078,-97.73591241,2,1,3,16,2,23,1,1,4,11,1,5,N,4,NA,NA,4,97,97,,,0,1,0,0,0,1,0,N,N,N,N,N,N,N,9/6/2011,11:30 AM,227,22,N,N,NA,NA,19,NA,,1,3000,,SPEEDWAY,AVE,N,N,25,N,N,,N,19,NA,,1,100,E,30TH,ST,NA,NA,,,,NA,11,1,4,NA,1,1,20,9:08 PM,DISPATCHED,9:45 PM,9/6/2011,Y,74,NA,120,14,8,5,4,1,64,54,1,5,1,21,21,227,22,30.29326078,-97.73591241,,NA,NA,NA,3014,NA,NA,NA,NA,NA,,NA,NA,N/A,NA,NA,NA,NA,Y,N,N,2,9,Y,TUE,NA,NA,NA,NA,NA,NA,NA,NA,NA,NA,NA,NA,NA,NA,NA,NA,NA,NA,NA,NA,NA,NA,NA,NA,NA,NA,NA,NA,NA,NA,NA,NA,NA,NA,NA,NA,NA,NA,NA,NA,NA,NA,NA,NA,NA,NA,NA,NA,NA,NA,NA,NA,NA,NA,NA,0,1,0,0,1,1,0,90,123169562,1231695621,10,Yes
SPEEDWAY,AUS_1299004721,926,412,48,453,500,1,4.85E+11,1500US484530005001,Block Group 1,G5030,S,140441,0,30.2939335,-97.7350124,12990047,AUS_12990047,30.29381938,-97.73531607,2,1,3,16,2,39,1,1,4,11,1,4,N,4,NA,NA,4,97,97,,,0,1,0,0,0,1,0,N,N,N,N,N,N,N,10/5/2012,6:03 PM,227,22,N,Y,NA,NA,19,NA,,1,3000,,SPEEDWAY,,N,N,30,N,N,,N,19,NA,,NA,300,E,31ST,ST,NA,NA,,,,NA,12,1,98,NA,1,1,16,6:03 PM,DISPATCHED RECEIVED,6:04 PM,10/5/2012,Y,74,NA,NA,187,8,5,3,3,64,14,1,5,1,32,21,227,22,30.29381938,-97.73531607,,NA,NA,NA,3088,NA,NA,NA,NA,NA,,NA,NA,N/A,NA,NA,NA,NA,Y,N,N,2,9,Y,FRI,NA,NA,NA,NA,NA,NA,NA,NA,NA,NA,NA,NA,NA,NA,NA,NA,NA,NA,NA,NA,NA,NA,NA,NA,NA,NA,NA,NA,NA,NA,NA,NA,NA,NA,NA,NA,NA,NA,NA,NA,NA,NA,NA,NA,NA,NA,NA,NA,NA,NA,NA,NA,NA,NA,NA,0,1,0,1,0,1,0,90,129900472,1299004721,10,Yes
US0183,AUS_1201319611,1251,535,48,453,1818,1,4.85E+11,1500US484530018181,Block Group 1,G5030,S,980242,0,30.3664228,-97.7234355,12013196,AUS_12013196,30.36550749,-97.71814539,1,1,3,16,1,76,4,1,4,11,1,4,N,4,NA,NA,4,97,97,,,1,0,0,0,0,1,0,N,N,N,N,N,N,N,3/30/2011,2:46 PM,227,22,N,N,NA,NA,2,183,,2,8700,,RESEARCH SB SVRD,BLVD,N,N,50,N,N,,N,19,NA,,1,,,PAYTON GIN,RD,NA,NA,,,,NA,11,1,2,2,1,1,1,2:47 PM,DISPATCHED,2:51 PM,3/30/2011,Y,74,NA,46,64,8,5,4,1,64,54,2,2,1,21,21,227,22,30.36550749,-97.71814539,US,183,NA,316.381,8745,151,6,6.142,512,0.122,,NA,NA,N/A,NA,NA,NA,NA,Y,Y,N,1,9,Y,WED,5,0,10,10,28,2,6,260,112,72,4,0,0,2,20,5,2,20,5,2,8,4,12,122740,2012,122740,1.9,0.5,2.4,1,117,0,2,3,NA,NA,NA,NA,NA,NA,NA,NA,NA,NA,NA,NA,NA,NA,NA,NA,NA,NA,NA,NA,NA,1,0,0,2,0,1,0,90,120131961,1201319611,17,No
US0183,AUS_1352545521,1268,535,48,453,1818,1,4.85E+11,1500US484530018181,Block Group 1,G5030,S,980242,0,30.3664228,-97.7234355,13525455,AUS_13525455,30.37094937,-97.72142434,2,1,3,16,1,32,1,1,4,11,1,4,N,4,NA,NA,4,97,97,,,1,0,0,0,0,1,0,N,N,N,N,N,N,N,9/16/2013,10:15 AM,227,22,N,N,NA,NA,19,NA,,2,8900,N,RESEARCH BLVD SVRD NB,BLVD,N,N,50,N,N,,N,19,NA,,NA,,,METRIC,BLVD,NA,NA,,,,NA,11,1,0,2,1,1,1,10:18 AM,DISPATCH,10:24 AM,9/16/2013,Y,74,NA,46,64,8,5,4,1,64,31,2,2,2,21,21,227,22,30.37094937,-97.72142434,US,183,NA,315.938,NA,151,6,5.702,512,-0.321,,NA,NA,N/A,NA,NA,NA,NA,Y,Y,N,1,9,Y,MON,5,0,10,10,28,2,6,260,112,72,5,0,0,2,20,5,2,20,5,2,8,4,12,113940,2012,113940,1.9,0.5,2.4,NA,NA,NA,NA,NA,NA,NA,NA,NA,NA,NA,NA,NA,NA,NA,NA,NA,NA,NA,NA,NA,NA,NA,NA,NA,NA,1,0,0,1,0,1,0,90,135254552,1352545521,17,No
US0183,AUS_1446731521,1312,53,48,453,1753,1,4.85E+11,1500US484530017531,Block Group 1,G5030,S,2358870,0,30.3908022,-97.7388704,14467315,AUS_14467315,30.39404956,-97.74647834,2,1,3,16,2,50,1,2,4,11,1,4,N,4,NA,NA,4,97,97,,,0,1,0,0,0,1,0,N,N,N,N,N,N,N,6/2/2015,11:17 AM,227,22,N,N,NA,NA,19,NA,,1,10000,W,GREAT HILLS TO RESEARC SB RAMP,TRL,N,N,35,N,N,ASPHALT,Y,19,NA,,2,10000,S,RESEARCH,BLVD,NA,NA,,,ASPHALT,NA,11,1,4,2,1,1,5,11:19 AM,DISPATCH,11:30 AM,6/2/2015,Y,74,NA,NA,46,8,5,2,1,64,54,2,2,1,21,21,227,22,30.39404956,-97.74647834,US,183,NA,314.136,NA,151,6,3.329,510,-0.693,,NA,NA,GREAT HILLS TRL,NA,NA,NA,NA,Y,Y,N,2,9,Y,TUE,5,0,10,10,56,2,6,260,128,72,5,0,0,2,20,5,2,20,5,2,36,4,12,122507,2014,122507,2.3,2,4.3,NA,NA,NA,NA,NA,NA,NA,NA,NA,NA,NA,NA,NA,NA,NA,NA,NA,NA,NA,NA,NA,NA,NA,NA,NA,NA,0,1,0,0,2,1,0,90,NA,NA,17,No
US0183,AUS_1473051521,1304,156,48,453,1706,3,4.85E+11,1500US484530017063,Block Group 3,G5030,S,931505,0,30.3845458,-97.748024,14730515,AUS_14730515,30.38954926,-97.74504852,2,1,3,16,1,39,1,1,4,11,1,4,N,4,NA,NA,4,97,97,,,1,0,0,0,0,1,0,N,N,N,N,N,N,N,11/1/2015,5:30 PM,227,22,N,Y,NA,NA,2,183,,2,9800,N,RESEARCH SB,BLVD,N,N,50,N,N,,Y,2,360,,1,,N,CAPITOL OF TEXAS,HWY,NA,NA,,,,NA,11,1,6,2,1,1,20,5:30 PM,DISPATCH,5:34 PM,11/1/2015,Y,74,NA,NA,46,6,5,2,1,64,54,2,2,1,21,21,227,22,30.38954926,-97.74504852,US,183,NA,314.461,NA,151,6,3.642,510,-0.368,SL,360,NA,SL0360,NA,113,13,11.052,Y,Y,N,1,9,Y,SUN,5,0,10,10,56,2,6,260,128,72,5,0,0,2,20,5,2,20,5,2,36,4,12,122507,2014,122507,2.3,2,4.3,NA,NA,NA,NA,NA,NA,NA,NA,NA,NA,NA,NA,NA,NA,NA,NA,NA,NA,NA,NA,NA,NA,NA,NA,NA,NA,1,0,0,2,0,1,0,90,NA,NA,17,No
US0183,AUS_1252656421,1384,260,48,453,1756,2,4.85E+11,1500US484530017562,Block Group 2,G5030,S,938157,0,30.427587,-97.7657012,12526564,AUS_12526564,30.4319538,-97.76489175,2,1,3,16,4,25,1,1,4,11,1,4,N,4,NA,NA,4,97,97,1/23/2012,22:34:00,0,0,0,0,0,0,1,Y,N,N,N,N,N,N,1/23/2012,10:26 PM,227,22,N,Y,NA,NA,2,183,,2,12600,N,US HWY 183,,N,N,50,N,N,NORTHBOUND SERVICE ROAD,N,19,NA,,1,,,TECHNOLOGY,BLVD,NA,NA,,,,NA,11,3,0,2,1,1,20,10:26 PM,APD COMMUNICATIONS,10:29 PM,1/23/2012,Y,74,NA,46,64,8,5,4,1,64,9,2,2,1,21,21,227,22,30.4319538,-97.76489175,US,183,NA,310.443,NA,151,6,0.159,506,0.117,,NA,NA,N/A,NA,NA,NA,NA,Y,Y,N,4,9,Y,MON,5,0,6,10,52,2,6,260,128,72,5,0,0,2,16,5,2,20,5,2,36,4,12,118630,2012,118630,1.9,0.5,2.4,NA,NA,NA,NA,NA,NA,NA,NA,NA,NA,NA,NA,NA,NA,NA,NA,NA,NA,NA,NA,NA,NA,NA,NA,NA,NA,0,0,0,1,0,0,1,90,125265642,1252656421,17,No
US0183,AUS_1211057221,1179,301,48,453,1804,1,4.85E+11,1500US484530018041,Block Group 1,G5030,S,734677,0,30.3381903,-97.7057278,12110572,AUS_12110572,30.34099081,-97.70211633,2,1,3,16,2,29,1,1,4,11,2,4,N,4,NA,NA,4,97,97,,,0,1,0,0,0,1,0,N,N,N,N,N,N,N,6/9/2011,2:29 PM,227,22,N,N,NA,NA,19,NA,,1,500,E,ANDERSON,LN,N,N,45,N,N,,N,19,NA,,1,,,GESSNER,DR,NA,NA,,,,NA,11,1,0,2,1,1,1,2:30 PM,DISPATCHED,2:33 PM,6/9/2011,Y,74,NA,114,143,8,5,3,2,64,14,1,2,1,32,21,227,22,30.34099081,-97.70211633,US,183,NA,318.436,500,151,6,8.192,514,0.23,,NA,NA,N/A,NA,NA,NA,NA,Y,Y,N,2,9,Y,THU,5,0,10,10,21,2,5,260,84,58,4,0,0,2,13,5,2,13,5,2,8,4,12,101230,2012,101230,2.1,0.5,2.6,1,110,2,2,11,NA,NA,NA,NA,NA,NA,NA,NA,NA,NA,NA,NA,NA,NA,NA,NA,NA,NA,NA,NA,NA,0,1,0,1,0,1,0,90,121105722,1211057221,17,No
US0183,AUS_1208161721,1270,535,48,453,1818,1,4.85E+11,1500US484530018181,Block Group 1,G5030,S,980242,0,30.3664228,-97.7234355,12081617,AUS_12081617,30.37101644,-97.72157852,2,1,3,16,0,25,0,0,4,11,0,5,N,4,NA,NA,4,97,97,,,0,0,0,0,1,0,0,N,N,N,N,N,N,N,5/11/2011,1:46 PM,227,22,N,Y,NA,NA,2,183,,2,8800,N,US 183 NB SVRD,,N,N,45,N,N,EAST FRONTAGE RESEARCH BLVD,Y,19,NA,,1,,N,METRIC,BLVD,NA,NA,,,,NA,11,1,2,2,1,1,8,1:47 PM,RADIO DISPATCH,1:48 PM,5/11/2011,Y,74,NA,NA,268,8,5,2,1,64,54,2,2,1,21,21,227,22,30.37101644,-97.72157852,US,183,NA,315.928,NA,151,6,5.691,512,-0.331,FM,1325,NA,FM1325,NA,NA,NA,NA,Y,Y,N,5,9,Y,WED,5,0,10,10,28,2,6,260,112,72,5,0,0,2,20,5,2,20,5,2,8,4,12,113940,2012,113940,1.9,0.5,2.4,NA,NA,NA,NA,NA,NA,NA,NA,NA,NA,NA,NA,NA,NA,NA,NA,NA,NA,NA,NA,NA,NA,NA,NA,NA,NA,0,0,0,1,1,0,0,90,120816172,1208161721,17,No
US0183,AUS_1226764211,1157,160,48,453,1811,2,4.85E+11,1500US484530018112,Block Group 2,G5030,S,654492,0,30.3266453,-97.6807024,12267642,AUS_12267642,30.33103591,-97.68276923,1,1,3,16,3,12,1,1,4,11,1,4,N,4,NA,NA,4,97,97,,,0,0,1,0,0,1,0,N,N,N,N,N,N,N,8/7/2011,2:19 PM,227,22,N,N,NA,NA,19,NA,,1,1700,W,ANDERSON,LN,N,N,45,N,N,,Y,19,NA,,1,7800,,WOODROW,AVE,NA,NA,,,,NA,11,1,0,2,1,1,5,2:19 PM,DISPATCH,2:24 PM,8/7/2011,Y,74,NA,84,95,8,5,1,1,64,54,1,2,1,21,21,227,22,30.33103591,-97.68276923,US,183,NA,319.787,1700,151,9,9.593,516,-0.401,US,290,NA,US0290,NA,NA,NA,NA,Y,Y,N,3,9,Y,SUN,4,0,0,0,28,2,5,260,107,60,5,0,0,1,4,0,1,10,0,2,24,4,12,36890,2012,36890,2.1,1,3.1,NA,NA,NA,NA,NA,NA,NA,NA,NA,NA,NA,NA,NA,NA,NA,NA,NA,NA,NA,NA,NA,NA,NA,NA,NA,NA,0,0,1,1,0,1,0,90,122676421,1226764211,17,No
US0183,AUS_1264384021,1278,279,48,453,1817,1,4.85E+11,1500US484530018171,Block Group 1,G5030,S,393758,0,30.3677025,-97.7294557,12643840,AUS_12643840,30.37322369,-97.7263934,2,1,3,16,2,38,1,1,4,11,1,2,N,4,NA,NA,4,97,97,,,0,1,0,0,0,1,0,N,N,N,N,N,N,N,2/9/2012,9:13 PM,227,22,N,N,NA,NA,2,183,,2,9032,N,NOT REPORTED,,N,N,50,N,N,,Y,19,NA,,NA,9000,,BURNET,,NA,NA,,,,NA,11,4,6,2,1,1,5,9:13 PM,WITNESS,9:13 PM,2/9/2012,Y,74,17,46,64,8,5,1,2,64,54,2,2,1,21,21,227,22,30.37322369,-97.7263934,US,183,NA,315.602,NA,151,6,5.343,512,-0.657,FM,1325,NA,FM1325,NA,NA,NA,NA,Y,Y,N,2,9,Y,THU,5,0,10,10,28,2,6,260,112,72,5,0,0,2,20,5,2,20,5,2,8,4,12,113940,2012,113940,1.9,0.5,2.4,NA,NA,NA,NA,NA,NA,NA,NA,NA,NA,NA,NA,NA,NA,NA,NA,NA,NA,NA,NA,NA,NA,NA,NA,NA,NA,0,1,0,1,0,1,0,90,126438402,1264384021,17,No
US0183,AUS_1286653411,1305,156,48,453,1706,3,4.85E+11,1500US484530017063,Block Group 3,G5030,S,931505,0,30.3845458,-97.748024,12866534,AUS_12866534,30.38955116,-97.74504089,1,1,3,16,1,30,1,1,4,11,1,2,N,4,NA,NA,4,97,97,,,1,0,0,0,0,1,0,N,N,N,N,N,N,N,8/18/2012,12:58 PM,227,22,N,Y,NA,NA,19,NA,,1,NA,N,CAPITAL OF TEXAS,HWY,N,N,0,N,N,,Y,19,NA,,NA,,,RESEARCH,BLVD,NA,NA,,,,NA,2,1,4,2,1,2,6,12:58 PM,DISPATCHED,1:06 PM,8/18/2012,Y,74,NA,NA,66,8,5,1,1,64,54,1,2,1,21,21,227,22,30.38955116,-97.74504089,US,183,NA,313.963,NA,151,6,3.656,510,-0.351,SL,360,NA,SL0360,NA,113,13,11.051,Y,Y,N,1,9,Y,SAT,4,0,10,10,56,2,6,260,128,72,5,0,0,2,20,5,2,20,5,2,36,4,12,137780,2012,137780,1.8,0.5,2.3,NA,NA,NA,NA,NA,NA,NA,NA,NA,NA,NA,NA,NA,NA,NA,NA,NA,NA,NA,NA,NA,NA,NA,NA,NA,NA,1,0,0,1,0,1,0,90,128665341,1286653411,17,No
US0183,AUS_1320637621,1283,534,48,453,1817,3,4.85E+11,1500US484530018173,Block Group 3,G5030,S,1107390,0,30.3710254,-97.7346073,13206376,AUS_13206376,30.37489497,-97.72987739,2,1,3,16,3,23,1,1,4,11,1,4,N,4,NA,NA,4,97,97,,,0,0,1,0,0,1,0,N,N,N,N,N,N,N,3/26/2013,2:24 PM,227,22,N,Y,NA,NA,2,183,,2,9000,,RESEARCH BLVD,HWY,N,N,55,N,N,EAST FRONTAGE,N,19,NA,,1,,,BURNET RD,RD,NA,NA,,,,NA,11,1,0,2,1,1,1,2:24 PM,RADIO DISPATCH,2:32 PM,3/26/2013,Y,74,NA,NA,51,8,5,3,2,64,14,2,2,2,32,21,227,22,30.37489497,-97.72987739,US,183,NA,315.366,NA,151,6,5.09,512,-0.893,,NA,NA,N/A,NA,NA,NA,NA,Y,Y,N,3,9,Y,TUE,5,0,10,10,28,2,6,260,112,72,5,0,0,2,20,5,2,20,5,2,8,4,12,113940,2012,113940,1.9,0.5,2.4,NA,NA,NA,NA,NA,NA,NA,NA,NA,NA,NA,NA,NA,NA,NA,NA,NA,NA,NA,NA,NA,NA,NA,NA,NA,NA,0,0,1,1,0,1,0,90,132063762,1320637621,17,No
US0183,AUS_1424960321,1279,279,48,453,1817,1,4.85E+11,1500US484530018171,Block Group 1,G5030,S,393758,0,30.3677025,-97.7294557,14249603,AUS_14249603,30.37323465,-97.7264686,2,1,3,16,3,41,4,1,4,11,1,4,N,4,NA,NA,4,97,97,,,0,0,1,0,0,1,0,N,N,N,N,N,N,N,1/29/2015,2:48 PM,227,22,N,N,NA,NA,2,183,,2,NA,,RESEARCH,BLVD,N,N,-1,N,N,,Y,19,NA,,1,,,BURNET,RD,NA,NA,,,,NA,11,1,2,2,1,1,9,2:46 PM,DISPATCH,2:59 PM,1/29/2015,Y,74,NA,NA,46,8,5,2,2,64,54,2,2,1,21,21,227,22,30.37323465,-97.7264686,US,183,NA,316.102,NA,151,6,5.319,512,-0.686,,NA,NA,BURNET RD,NA,NA,NA,NA,Y,Y,N,3,9,Y,THU,5,0,10,10,28,2,6,260,112,72,5,0,0,2,20,5,2,20,5,2,8,4,12,115456,2014,115456,2.3,2,4.3,NA,NA,NA,NA,NA,NA,NA,NA,NA,NA,NA,NA,NA,NA,NA,NA,NA,NA,NA,NA,NA,NA,NA,NA,NA,NA,0,0,1,1,0,1,0,90,NA,NA,17,No