Street_Name,Crash_UP_ID,FID,FID_Austin,STATEFP,COUNTYFP,TRACTCE,BLKGRPCE,GEOID1,GEOID,NAMELSAD,MTFCC,FUNCSTAT,ALAND,AWATER,INTPTLAT,INTPTLON,CrashID,CrashID1,Latitude,Longitude,Unit_Nbr,Prsn_Nbr,Prsn_Type_ID,Prsn_Occpnt_Pos_ID,Prsn_Injry_Sev_ID,Prsn_Age,Prsn_Ethnicity_ID,Prsn_Gndr_ID,Prsn_Ejct_ID,Prsn_Rest_ID,Prsn_Airbag_ID,Prsn_Helmet_ID,Prsn_Sol_Fl,Prsn_Alc_Spec_Type_ID,Prsn_Alc_Rslt_ID,Prsn_Bac_Test_Rslt,Prsn_Drg_Spec_Type_ID,Prsn_Drg_Rslt_ID,Drvr_Drg_Cat_1_ID,Prsn_Death_Date,Prsn_Death_Time,Incap_Injry_Cnt.x,Nonincap_Injry_Cnt.x,Poss_Injry_Cnt.x,Non_Injry_Cnt.x,Unkn_Injry_Cnt.x,Tot_Injry_Cnt.x,Death_Cnt.x,Crash_Fatal_Fl,Cmv_Involv_Fl,Schl_Bus_Fl,Rr_Relat_Fl,Medical_Advisory_Fl,Amend_Supp_Fl,Active_School_Zone_Fl,Crash_Date,Crash_Time,Rpt_CRIS_Cnty_ID,Rpt_City_ID,Rpt_Outside_City_Limit_Fl,Thousand_Damage_Fl,Rpt_Latitude,Rpt_Longitude,Rpt_Rdwy_Sys_ID,Rpt_Hwy_Num,Rpt_Hwy_Sfx,Rpt_Road_Part_ID,Rpt_Block_Num,Rpt_Street_Pfx,Rpt_Street_Name,Rpt_Street_Sfx,Private_Dr_Fl,Toll_Road_Fl,Crash_Speed_Limit,Road_Constr_Zone_Fl,Road_Constr_Zone_Wrkr_Fl,Rpt_Street_Desc,At_Intrsct_Fl,Rpt_Sec_Rdwy_Sys_ID,Rpt_Sec_Hwy_Num,Rpt_Sec_Hwy_Sfx,Rpt_Sec_Road_Part_ID,Rpt_Sec_Block_Num,Rpt_Sec_Street_Pfx,Rpt_Sec_Street_Name,Rpt_Sec_Street_Sfx,Rpt_Ref_Mark_Offset_Amt,Rpt_Ref_Mark_Dist_Uom,Rpt_Ref_Mark_Dir,Rpt_Ref_Mark_Nbr,Rpt_Sec_Street_Desc,Rpt_CrossingNumber,Wthr_Cond_ID,Light_Cond_ID,Entr_Road_ID,Road_Type_ID,Road_Algn_ID,Surf_Cond_ID,Traffic_Cntl_ID,Investigat_Notify_Time,Investigat_Notify_Meth,Investigat_Arrv_Time,Report_Date,Investigat_Comp_Fl,Investigat_Agency_ID,Investigat_Area_ID,Investigat_District_ID,Investigat_Region_ID,Bridge_Detail_ID,Harm_Evnt_ID,Intrsct_Relat_ID,FHE_Collsn_ID,Obj_Struck_ID,Othr_Factr_ID,Road_Part_Adj_ID,Road_Cls_ID,Road_Relat_ID,Phys_Featr_1_ID,Phys_Featr_2_ID,Cnty_ID,City_ID,Latitude.1,Longitude.1,Hwy_Sys,Hwy_Nbr,Hwy_Sfx,Dfo,Street_Nbr,Control,Section,Milepoint,Ref_Mark_Nbr,Ref_Mark_Displ,Hwy_Sys_2,Hwy_Nbr_2,Hwy_Sfx_2,Street_Name_2,Street_Nbr_2,Control_2,Section_2,Milepoint_2,Txdot_Rptable_Fl,Onsys_Fl,Rural_Fl,Crash_Sev_ID,Pop_Group_ID,Located_Fl,Day_of_Week,Hwy_Dsgn_Lane_ID,Hwy_Dsgn_Hrt_ID,Hp_Shldr_Left,Hp_Shldr_Right,Hp_Median_Width,Base_Type_ID,Nbr_Of_Lane,Row_Width_Usual,Roadbed_Width,Surf_Width,Surf_Type_ID,Curb_Type_Left_ID,Curb_Type_Right_ID,Shldr_Type_Left_ID,Shldr_Width_Left,Shldr_Use_Left_ID,Shldr_Type_Right_ID,Shldr_Width_Right,Shldr_Use_Right_ID,Median_Type_ID,Median_Width,Rural_Urban_Type_ID,Func_Sys_ID,Adt_Curnt_Amt,Adt_Curnt_Year,Adt_Adj_Curnt_Amt,Pct_Single_Trk_Adt,Pct_Combo_Trk_Adt,Trk_Aadt_Pct,Curve_Type_ID,Curve_Lngth,Cd_Degr,Delta_Left_Right_ID,Dd_Degr,Feature_Crossed,Structure_Number,I_R_Min_Vert_Clear,Approach_Width,Bridge_Median_ID,Bridge_Loading_Type_ID,Bridge_Loading_In_1000_Lbs,Bridge_Srvc_Type_On_ID,Bridge_Srvc_Type_Under_ID,Culvert_Type_ID,Roadway_Width,Deck_Width,Bridge_Dir_Of_Traffic_ID,Bridge_Rte_Struct_Func_ID,Bridge_IR_Struct_Func_ID,CrossingNumber,RRCo,Poscrossing_ID,WDCode_ID,Standstop,Yield,Incap_Injry_Cnt.y,Nonincap_Injry_Cnt.y,Poss_Injry_Cnt.y,Non_Injry_Cnt.y,Unkn_Injry_Cnt.y,Tot_Injry_Cnt.y,Death_Cnt.y,MPO_ID,Unit_ID,Unit_Prsn_ID,Count,BikePath
US0290,AUS_1371342121,147,486,48,453,2403,1,4.85E+11,1500US484530024031,Block Group 1,G5030,S,1971214,0,30.2141453,-97.7608437,13713421,AUS_13713421,30.22201972,-97.76236531,2,1,3,16,3,26,1,1,4,11,1,3,N,4,NA,NA,4,97,97,,,0,0,1,0,0,1,0,N,N,N,N,N,N,N,2/15/2014,8:10 PM,227,22,N,N,NA,NA,3,71,E,2,2400,,NOT REPORTED,BLVD,N,N,-1,N,N,W BEN WHITE BLVD SVRD EB,N,19,NA,,NA,,S,LAMAR,BLVD,NA,NA,,,,NA,11,4,0,2,1,1,1,8:13 PM,DISPATCH,8:20 PM,2/15/2014,Y,74,1043,93,112,8,5,4,1,64,3,2,2,1,21,21,227,22,30.22201972,-97.76236531,US,290,NA,116.422,NA,113,13,2.588,578,-0.609,,NA,NA,N/A,NA,NA,NA,NA,Y,Y,N,3,9,Y,SAT,5,0,10,10,62,9,6,380,112,72,5,0,2,2,20,5,2,20,5,3,42,4,12,131990,2012,131990,1.9,2.6,4.5,NA,NA,NA,NA,NA,NA,NA,NA,NA,NA,NA,NA,NA,NA,NA,NA,NA,NA,NA,NA,NA,NA,NA,NA,NA,NA,0,0,1,0,1,1,0,90,137134212,1371342121,17,No
US0290,AUS_1285015811,1151,62,48,453,2202,3,4.85E+11,1500US484530022023,Block Group 3,G5030,S,10246544,10175,30.3182646,-97.6270059,12850158,AUS_12850158,30.32999701,-97.63870634,1,1,3,16,1,38,1,1,4,11,1,4,N,4,NA,NA,4,97,97,,,1,0,0,0,0,1,0,N,N,N,N,N,N,N,8/15/2012,6:05 PM,227,22,N,N,NA,NA,2,290,,1,9300,E,EB,HWY,N,N,55,Y,N,,N,19,NA,,NA,,,SPRINGDALE,RD,NA,NA,,,,NA,11,1,0,2,1,1,20,6:05 PM,DISPATCHED,6:20 PM,8/15/2012,Y,74,1,34,48,8,5,4,1,64,49,1,2,1,21,21,227,22,30.32999701,-97.63870634,US,290,NA,129.255,NA,114,2,4.526,590,0.247,,NA,NA,N/A,NA,NA,NA,NA,Y,Y,N,1,9,Y,WED,3,0,6,10,68,2,4,200,80,48,4,0,0,2,12,5,2,20,5,3,56,4,14,38000,2012,38000,2.8,3.8,6.6,NA,NA,NA,NA,NA,NA,NA,NA,NA,NA,NA,NA,NA,NA,NA,NA,NA,NA,NA,NA,NA,NA,NA,NA,NA,NA,1,0,0,2,0,1,0,90,128501581,1285015811,17,No
US0290,AUS_1226766621,128,486,48,453,2403,1,4.85E+11,1500US484530024031,Block Group 1,G5030,S,1971214,0,30.2141453,-97.7608437,12267666,AUS_12267666,30.21799263,-97.75472408,2,1,3,16,2,52,2,1,4,11,1,4,N,4,NA,NA,4,97,97,,,0,1,0,0,0,1,0,N,N,N,N,N,N,N,5/13/2011,4:25 PM,227,22,N,Y,NA,NA,2,71,,2,900,E,BEN WHITE,,N,N,50,N,N,,N,19,NA,,NA,,S,IH 35 SVRD SB,,NA,NA,,,S. IH 35 SVRD SB,NA,11,1,0,2,1,1,1,4:28 PM,DISPATCHED,4:31 PM,5/13/2011,Y,74,NA,NA,NA,8,5,3,1,64,14,2,2,1,32,21,227,22,30.21799263,-97.75472408,US,290,NA,116.957,NA,113,13,3.118,578,-0.074,,NA,NA,N/A,NA,NA,NA,NA,Y,Y,N,2,9,Y,FRI,5,0,10,10,40,2,6,380,112,72,5,1,0,2,20,5,2,20,5,1,20,4,12,132200,2012,132200,1.9,2.6,4.5,NA,NA,NA,NA,NA,NA,NA,NA,NA,NA,NA,NA,NA,NA,NA,NA,NA,NA,NA,NA,NA,NA,NA,NA,NA,NA,0,1,0,1,0,1,0,90,122676662,1226766621,17,No
US0290,AUS_1473548921,216,185,48,453,1712,1,4.85E+11,1500US484530017121,Block Group 1,G5030,S,1230676,0,30.2277107,-97.7961015,14735489,AUS_14735489,30.23326111,-97.79729462,2,1,3,16,3,32,1,1,4,11,1,3,N,4,NA,NA,4,97,97,,,0,0,1,0,0,1,0,N,N,N,N,N,N,N,8/9/2015,3:44 AM,227,22,N,N,NA,NA,19,NA,,1,100,S,LAMAR,BLVD,N,N,35,N,N,ON BRIDGE,N,19,NA,,1,,W,CESAR CHAVEZ,ST,NA,NA,,,,NA,11,4,0,2,1,1,1,3:44 AM,DISPATCH,3:50 AM,8/9/2015,Y,74,NA,NA,10,8,5,4,1,64,54,1,2,1,21,21,227,22,30.23326111,-97.79729462,US,290,NA,114.349,NA,113,13,0.292,576,-0.898,,NA,NA,N/A,NA,NA,NA,NA,Y,Y,N,3,9,Y,SUN,5,0,10,10,30,9,7,380,124,84,5,0,0,2,20,5,2,20,5,2,10,4,12,105589,2014,105589,6.1,5.3,11.4,1,297,3,2,46,NA,NA,NA,NA,NA,NA,NA,NA,NA,NA,NA,NA,NA,NA,NA,NA,NA,NA,NA,NA,NA,0,0,1,0,1,1,0,90,NA,NA,17,No
US0290,AUS_1365822621,143,486,48,453,2403,1,4.85E+11,1500US484530024031,Block Group 1,G5030,S,1971214,0,30.2141453,-97.7608437,13658226,AUS_13658226,30.22102546,-97.76040572,2,1,3,16,3,31,1,1,4,11,1,97,N,4,NA,NA,4,97,97,,,0,0,1,0,0,1,0,N,N,N,N,N,N,N,10/24/2013,1:33 PM,227,22,N,N,NA,NA,2,290,E,2,500,,NOT REPORTED,BLVD,N,N,40,N,N,,N,19,NA,,NA,,S,CONGRESS AVE,AVE,NA,NA,,,,NA,11,1,0,2,1,1,17,1:33 PM,ON SIGHT,1:33 PM,10/24/2013,Y,74,1043,93,112,8,5,3,1,64,14,2,2,2,32,21,227,22,30.22102546,-97.76040572,US,290,NA,116.558,NA,113,13,2.723,578,-0.473,,NA,NA,N/A,NA,NA,NA,NA,Y,Y,N,3,9,Y,THU,5,0,10,10,62,9,6,380,112,72,5,0,2,2,20,5,2,20,5,3,42,4,12,131990,2012,131990,1.9,2.6,4.5,1,171,1,1,9,NA,NA,NA,NA,NA,NA,NA,NA,NA,NA,NA,NA,NA,NA,NA,NA,NA,NA,NA,NA,NA,0,0,1,1,0,1,0,90,136582262,1365822621,17,No
US0290,AUS_1337481411,226,96,48,453,1915,1,4.85E+11,1500US484530019151,Block Group 1,G5030,S,6222772,0,30.240437,-97.8367583,13374814,AUS_13374814,30.23410373,-97.8647541,1,1,3,16,4,60,1,1,4,11,1,4,N,4,NA,NA,4,97,97,6/28/2013,3:45:00,0,0,0,0,0,0,1,Y,N,N,N,N,N,N,6/18/2013,10:45 AM,227,22,N,Y,NA,NA,2,290,,1,6600,W,EB,,N,N,40,N,N,,N,19,NA,,NA,,W,WILLIAM CANNON,DR,NA,NA,,,,NA,11,1,0,3,1,1,1,10:45 AM,DISPATCHED,10:56 AM,6/18/2013,Y,74,53,93,112,8,5,4,1,64,54,1,2,1,21,21,227,22,30.23410373,-97.8647541,US,290,NA,109.995,NA,113,8,6.854,570,0.851,,NA,NA,N/A,NA,NA,NA,NA,Y,Y,N,4,9,Y,TUE,2,0,6,6,0,2,4,160,74,42,4,0,0,2,6,5,2,6,5,0,0,4,12,58000,2012,58000,1.5,0.7,2.2,1,42,4,2,9,NA,NA,NA,NA,NA,NA,NA,NA,NA,NA,NA,NA,NA,NA,NA,NA,NA,NA,NA,NA,NA,0,0,0,1,0,0,1,90,133748141,1337481411,17,No
US0290,AUS_1211072221,199,519,48,453,2004,2,4.85E+11,1500US484530020042,Block Group 2,G5030,S,189194,0,30.232703,-97.7888007,12110722,AUS_12110722,30.23164366,-97.79168906,2,1,3,16,2,40,1,2,4,11,1,3,N,4,NA,NA,4,97,97,,,0,1,0,0,0,1,0,N,N,N,N,N,N,N,6/4/2011,7:35 PM,227,22,N,N,NA,NA,2,290,,2,NA,W,BEN WHITE EB SVRD,BLVD,N,N,35,N,N,,Y,19,NA,,1,,,PACKSADDLE PASS,RD,NA,NA,,,,NA,11,1,0,2,1,1,5,7:35 PM,DISPATCH,7:40 PM,6/4/2011,Y,74,22,105,112,8,5,1,1,64,54,2,2,1,21,21,227,22,30.23164366,-97.79168906,US,290,NA,114.492,NA,113,13,0.651,576,-0.54,SL,343,NA,SL0343,NA,NA,NA,NA,Y,Y,N,2,9,Y,SAT,5,0,10,10,30,9,8,380,136,96,5,0,2,2,20,5,2,20,5,2,10,4,12,151680,2012,151680,1.9,2.5,4.4,1,297,3,2,46,NA,NA,NA,NA,NA,NA,NA,NA,NA,NA,NA,NA,NA,NA,NA,NA,NA,NA,NA,NA,NA,0,1,0,0,1,1,0,90,121107222,1211072221,17,No
US0290,AUS_1318926121,1106,507,48,453,2112,1,4.85E+11,1500US484530021121,Block Group 1,G5030,S,394668,0,30.317907,-97.687505,13189261,AUS_13189261,30.32141565,-97.68877376,2,1,3,16,1,40,3,1,4,11,1,4,N,4,NA,NA,4,97,97,,,1,0,0,0,0,1,0,N,N,N,N,N,N,N,3/17/2013,6:55 PM,227,22,N,N,NA,NA,2,290,,2,6800,E,SVRD EB,,N,N,0,N,N,,N,19,NA,,NA,,,BERKMAN,DR,NA,NA,,,,NA,11,1,0,2,1,1,9,6:55 PM,DISPATCH,6:58 PM,3/17/2013,Y,74,NA,75,95,8,5,2,1,64,54,2,2,1,21,21,227,22,30.32141565,-97.68877376,US,290,NA,126.182,NA,114,1,3.356,588,-0.867,,NA,NA,BERKMAN DR,NA,NA,NA,NA,Y,Y,N,1,9,Y,SUN,4,0,6,10,36,2,5,190,92,60,4,0,0,2,12,5,2,20,5,3,24,4,12,33980,2012,33980,2.9,4,6.9,1,251,0,1,0,NA,NA,NA,NA,NA,NA,NA,NA,NA,NA,NA,NA,NA,NA,NA,NA,NA,NA,NA,NA,NA,1,0,0,1,0,1,0,90,131892612,1318926121,17,No
US0290,AUS_1450912921,132,486,48,453,2403,1,4.85E+11,1500US484530024031,Block Group 1,G5030,S,1971214,0,30.2141453,-97.7608437,14509129,AUS_14509129,30.21931084,-97.7567846,2,1,3,16,2,52,1,1,4,11,1,4,N,4,NA,NA,4,97,97,,,0,1,0,0,0,1,0,N,N,N,N,N,N,N,6/25/2015,5:30 PM,227,22,N,N,NA,NA,19,NA,,2,700,W,E BEN WHITE BLVD SVRD WB,,N,N,-1,N,N,,Y,19,NA,,1,,S,PAYLOAD PASS,DR,NA,NA,,,,NA,11,1,2,2,1,1,8,5:30 PM,DISPATCH,5:45 PM,6/25/2015,Y,74,NA,NA,93,8,5,2,1,64,54,2,2,1,21,21,227,22,30.21931084,-97.7567846,US,290,NA,117.026,NA,113,13,2.969,578,-0.227,IH,35,NA,IH0035,NA,NA,NA,NA,Y,Y,N,2,9,Y,THU,5,0,10,10,40,2,6,380,112,72,5,1,0,2,20,5,2,20,5,1,20,4,12,113017,2014,113017,6.1,5.3,11.4,1,171,2,NA,0,NA,NA,NA,NA,NA,NA,NA,NA,NA,NA,NA,NA,NA,NA,NA,NA,NA,NA,NA,NA,NA,0,1,0,4,0,1,0,90,NA,NA,17,No
US0290,AUS_1219795121,239,96,48,453,1915,1,4.85E+11,1500US484530019151,Block Group 1,G5030,S,6222772,0,30.240437,-97.8367583,12197951,AUS_12197951,30.23584972,-97.82543537,2,1,3,16,3,28,1,1,4,11,1,5,N,4,NA,NA,4,97,97,,,0,0,1,0,0,1,0,N,N,N,N,N,N,N,7/27/2011,1:00 PM,227,22,N,N,NA,NA,2,290,,2,600,W,BEN WHITE EB SVRD,BLVD,N,N,0,N,N,,Y,19,NA,,1,4000,S,1ST,ST,NA,NA,,,,NA,11,1,0,2,1,1,5,1:00 PM,FLAGGED DOWN,1:00 PM,7/27/2011,Y,74,NA,NA,NA,8,5,1,2,64,54,2,2,1,21,21,227,22,30.23584972,-97.82543537,US,290,NA,112.369,NA,113,9,2.045,574,-0.66,,NA,NA,S MOPAC EXPY,NA,NA,NA,NA,Y,Y,N,3,9,Y,WED,5,0,10,10,62,9,5,320,104,60,5,0,0,2,20,5,2,20,5,3,42,4,12,57690,2012,57690,1.5,0.7,2.2,1,361,1,2,28,NA,NA,NA,NA,NA,NA,NA,NA,NA,NA,NA,NA,NA,NA,NA,NA,NA,NA,NA,NA,NA,0,0,1,1,0,1,0,90,121979512,1219795121,17,No
US0290,AUS_1264043321,210,173,48,453,1737,1,4.85E+11,1500US484530017371,Block Group 1,G5030,S,851115,0,30.2306445,-97.8711886,12640433,AUS_12640433,30.2324592,-97.87646368,2,1,3,16,3,32,3,1,4,11,1,4,N,4,NA,NA,4,97,97,,,0,0,1,0,0,1,0,N,N,N,N,N,N,N,3/4/2012,8:39 AM,227,22,N,N,NA,NA,19,NA,,1,7000,,OAK MEADOW,DR,N,N,30,N,N,,Y,2,290,,NA,7100,W,WB,HWY,NA,NA,,,,NA,11,1,4,3,1,1,8,8:41 AM,DISPATCH,8:52 AM,3/4/2012,Y,74,1,105,112,8,5,1,1,64,54,1,2,1,21,21,227,22,30.2324592,-97.87646368,US,290,NA,109.271,NA,113,8,6.124,570,0.127,,NA,NA,OAK MEADOW DR,NA,NA,NA,NA,Y,Y,N,3,9,Y,SUN,2,0,0,0,0,2,4,160,44,44,4,0,0,1,0,0,1,0,0,0,0,4,12,41000,2012,41000,1.7,0.8,2.5,NA,NA,NA,NA,NA,NA,NA,NA,NA,NA,NA,NA,NA,NA,NA,NA,NA,NA,NA,NA,NA,NA,NA,NA,NA,NA,0,0,1,1,0,1,0,90,126404332,1264043321,17,No
US0290,AUS_1400998821,175,470,48,453,2005,2,4.85E+11,1500US484530020052,Block Group 2,G5030,S,438371,0,30.2303841,-97.7798033,14009988,AUS_14009988,30.22783041,-97.77947055,2,1,3,16,3,27,1,1,4,11,1,2,N,4,NA,NA,4,97,97,,,0,0,1,0,0,1,0,N,N,N,N,N,N,N,9/4/2014,8:33 AM,227,1792,Y,N,NA,NA,19,NA,,1,4200,,BANISTER,LN,N,N,30,N,N,,Y,2,290,E,2,,,NOT REPORTED,,NA,NA,,,,NA,11,1,0,2,3,1,5,8:33 AM,DISPATCH,8:36 AM,9/5/2014,N,74,1043,93,112,8,5,2,1,64,54,2,2,1,21,21,227,22,30.22783041,-97.77947055,US,290,NA,115.28,NA,113,13,1.445,576,0.248,,NA,NA,BANISTER LN,NA,NA,NA,NA,Y,Y,N,3,9,Y,THU,5,0,10,10,42,9,8,380,136,96,5,0,2,2,20,5,2,20,5,2,22,4,12,139430,2012,139430,1.9,2.6,4.5,1,331,1,1,26,NA,NA,NA,NA,NA,NA,NA,NA,NA,NA,NA,NA,NA,NA,NA,NA,NA,NA,NA,NA,NA,0,0,1,0,0,1,0,90,140099882,1400998821,17,No
US0290,AUS_1326965011,131,486,48,453,2403,1,4.85E+11,1500US484530024031,Block Group 1,G5030,S,1971214,0,30.2141453,-97.7608437,13269650,AUS_13269650,30.21930408,-97.7567703,1,1,3,16,3,55,2,1,4,11,1,4,N,4,NA,NA,4,97,97,,,0,0,1,0,0,1,0,N,N,N,N,N,N,N,5/1/2013,8:42 AM,227,22,N,N,NA,NA,19,NA,,2,NA,E,BEN WHITE,BLVD,N,N,45,N,N,,Y,19,NA,,NA,,,PAYLOAD PASS,,NA,NA,,,,NA,11,1,2,2,1,1,1,8:42 AM,DISPATCHED,8:53 AM,5/1/2013,Y,74,NA,NA,90,8,5,1,2,64,54,2,2,1,21,21,227,22,30.21930408,-97.7567703,US,290,NA,116.805,NA,113,13,2.969,578,-0.226,,NA,NA,PAYLOAD PASS,NA,NA,NA,NA,Y,Y,N,3,9,Y,WED,5,0,10,10,40,2,6,380,112,72,5,1,0,2,20,5,2,20,5,1,20,4,12,131990,2012,131990,1.9,2.6,4.5,NA,NA,NA,NA,NA,NA,NA,NA,NA,NA,NA,NA,NA,NA,NA,NA,NA,NA,NA,NA,NA,NA,NA,NA,NA,NA,0,0,1,2,0,1,0,90,132696501,1326965011,17,No
US0290,AUS_1232087421,1178,124,48,453,2212,1,4.85E+11,1500US484530022121,Block Group 1,G5030,S,25025898,5106268,30.3104028,-97.5907723,12320874,AUS_12320874,30.34026442,-97.59172762,2,1,3,16,2,75,1,1,4,11,1,4,N,4,NA,NA,4,97,97,,,0,1,0,0,0,1,0,N,N,N,N,N,N,N,10/12/2011,5:49 PM,227,22,N,Y,NA,NA,19,NA,,1,1000,W,45TH,ST,N,N,40,N,N,,Y,19,NA,,NA,4500,N,LAMAR,BLVD,NA,NA,,,,NA,11,1,4,2,1,1,5,5:49 PM,DISPATCH,5:51 PM,10/12/2011,Y,74,22,120,14,8,5,2,2,64,21,1,2,1,21,21,227,22,30.34026442,-97.59172762,US,290,NA,132.17,NA,114,2,7.457,594,-0.904,,NA,NA,TX 45 TOLL,NA,NA,NA,NA,Y,Y,N,2,9,Y,WED,3,0,6,10,68,2,5,200,92,60,4,0,0,2,12,5,2,20,5,3,56,4,14,28000,2012,28000,3.2,4.4,7.6,NA,NA,NA,NA,NA,NA,NA,NA,NA,NA,NA,NA,NA,NA,NA,NA,NA,NA,NA,NA,NA,NA,NA,NA,NA,NA,0,1,0,1,0,1,0,90,123208742,1232087421,17,No
US0290,AUS_1289228911,209,257,48,453,1750,2,4.85E+11,1500US484530017502,Block Group 2,G5030,S,3212279,0,30.2247687,-97.8151017,12892289,AUS_12892289,30.2324389,-97.80095082,1,1,3,16,3,41,1,1,4,11,1,4,N,4,NA,NA,4,97,97,,,0,0,1,0,0,1,0,N,N,N,N,N,N,N,9/9/2012,1:00 PM,227,22,N,Y,NA,NA,19,NA,,2,4500,S,LAMAR SVC NB,BLVD,N,N,45,N,N,,N,19,NA,,NA,,,WESTGATE,BLVD,NA,NA,,,,NA,11,1,0,2,1,1,1,1:01 PM,DISPATCHED,1:04 PM,9/9/2012,Y,74,NA,NA,72,8,5,3,1,64,14,2,2,1,32,21,227,22,30.2324389,-97.80095082,US,290,NA,113.906,NA,113,13,0.058,574,0.877,,NA,NA,N/A,NA,NA,NA,NA,Y,Y,N,3,9,Y,SUN,5,0,10,10,30,9,7,380,124,84,5,0,0,2,20,5,2,20,5,2,10,4,12,151680,2012,151680,1.9,2.5,4.4,1,227,3,1,35,NA,NA,NA,NA,NA,NA,NA,NA,NA,NA,NA,NA,NA,NA,NA,NA,NA,NA,NA,NA,NA,0,0,1,1,0,1,0,90,128922891,1289228911,17,No
US0290,AUS_1226176411,224,9,48,453,1908,2,4.85E+11,1500US484530019082,Block Group 2,G5030,S,9946182,0,30.255846,-97.8875023,12261764,AUS_12261764,30.23395964,-97.86571597,1,1,3,16,2,46,1,1,4,11,1,4,N,4,NA,NA,4,97,97,,,0,1,0,0,0,1,0,N,N,N,N,N,N,N,9/7/2011,1:55 PM,227,22,N,Y,NA,NA,2,290,,1,6700,W,NOT REPORTED,,N,N,50,N,N,,N,19,NA,,NA,,W,WILLIAM CANNON,DR,NA,NA,,,,NA,11,1,0,3,1,1,8,2:07 PM,DISPATCH,2:20 PM,9/7/2011,Y,74,1,105,112,8,5,2,1,64,54,1,2,1,21,21,227,22,30.23395964,-97.86571597,US,290,NA,109.936,NA,113,8,6.795,570,0.792,,NA,NA,W WILLIAM CANNON DR,NA,NA,NA,NA,Y,Y,N,2,9,Y,WED,2,0,6,6,0,2,4,160,74,42,4,0,0,2,6,5,2,6,5,0,0,4,12,58000,2012,58000,1.5,0.7,2.2,NA,NA,NA,NA,NA,NA,NA,NA,NA,NA,NA,NA,NA,NA,NA,NA,NA,NA,NA,NA,NA,NA,NA,NA,NA,NA,0,1,0,3,0,1,0,90,122617641,1226176411,17,No
US0290,AUS_1284278121,1105,471,48,453,2104,1,4.85E+11,1500US484530021041,Block Group 1,G5030,S,699372,0,30.3172435,-97.6946152,12842781,AUS_12842781,30.32139268,-97.68909028,2,1,3,16,2,26,1,1,4,11,1,1,N,4,NA,NA,4,97,97,,,0,1,0,0,0,1,0,N,N,N,N,N,N,N,7/7/2012,4:00 PM,227,22,N,N,NA,NA,19,NA,,2,6800,,BERKMAN,DR,N,N,45,N,N,,Y,2,290,,NA,6800,E,EB,,NA,NA,,,,NA,11,1,98,2,1,1,16,5:30 PM,DISPATCH,5:30 PM,7/7/2012,Y,74,NA,NA,NA,8,5,2,2,64,54,1,2,1,21,21,227,22,30.32139268,-97.68909028,US,290,NA,126.163,NA,114,1,3.337,588,-0.886,,NA,NA,BERKMAN DR,NA,NA,NA,NA,Y,Y,N,2,9,Y,SAT,4,0,6,10,36,2,5,190,92,60,4,0,0,2,12,5,2,20,5,3,24,4,12,33980,2012,33980,2.9,4,6.9,1,251,0,1,0,NA,NA,NA,NA,NA,NA,NA,NA,NA,NA,NA,NA,NA,NA,NA,NA,NA,NA,NA,NA,NA,0,1,0,0,1,1,0,90,128427812,1284278121,17,No