Street_Name,Crash_UP_ID,FID,FID_Austin,STATEFP,COUNTYFP,TRACTCE,BLKGRPCE,GEOID1,GEOID,NAMELSAD,MTFCC,FUNCSTAT,ALAND,AWATER,INTPTLAT,INTPTLON,CrashID,CrashID1,Latitude,Longitude,Unit_Nbr,Prsn_Nbr,Prsn_Type_ID,Prsn_Occpnt_Pos_ID,Prsn_Injry_Sev_ID,Prsn_Age,Prsn_Ethnicity_ID,Prsn_Gndr_ID,Prsn_Ejct_ID,Prsn_Rest_ID,Prsn_Airbag_ID,Prsn_Helmet_ID,Prsn_Sol_Fl,Prsn_Alc_Spec_Type_ID,Prsn_Alc_Rslt_ID,Prsn_Bac_Test_Rslt,Prsn_Drg_Spec_Type_ID,Prsn_Drg_Rslt_ID,Drvr_Drg_Cat_1_ID,Prsn_Death_Date,Prsn_Death_Time,Incap_Injry_Cnt.x,Nonincap_Injry_Cnt.x,Poss_Injry_Cnt.x,Non_Injry_Cnt.x,Unkn_Injry_Cnt.x,Tot_Injry_Cnt.x,Death_Cnt.x,Crash_Fatal_Fl,Cmv_Involv_Fl,Schl_Bus_Fl,Rr_Relat_Fl,Medical_Advisory_Fl,Amend_Supp_Fl,Active_School_Zone_Fl,Crash_Date,Crash_Time,Rpt_CRIS_Cnty_ID,Rpt_City_ID,Rpt_Outside_City_Limit_Fl,Thousand_Damage_Fl,Rpt_Latitude,Rpt_Longitude,Rpt_Rdwy_Sys_ID,Rpt_Hwy_Num,Rpt_Hwy_Sfx,Rpt_Road_Part_ID,Rpt_Block_Num,Rpt_Street_Pfx,Rpt_Street_Name,Rpt_Street_Sfx,Private_Dr_Fl,Toll_Road_Fl,Crash_Speed_Limit,Road_Constr_Zone_Fl,Road_Constr_Zone_Wrkr_Fl,Rpt_Street_Desc,At_Intrsct_Fl,Rpt_Sec_Rdwy_Sys_ID,Rpt_Sec_Hwy_Num,Rpt_Sec_Hwy_Sfx,Rpt_Sec_Road_Part_ID,Rpt_Sec_Block_Num,Rpt_Sec_Street_Pfx,Rpt_Sec_Street_Name,Rpt_Sec_Street_Sfx,Rpt_Ref_Mark_Offset_Amt,Rpt_Ref_Mark_Dist_Uom,Rpt_Ref_Mark_Dir,Rpt_Ref_Mark_Nbr,Rpt_Sec_Street_Desc,Rpt_CrossingNumber,Wthr_Cond_ID,Light_Cond_ID,Entr_Road_ID,Road_Type_ID,Road_Algn_ID,Surf_Cond_ID,Traffic_Cntl_ID,Investigat_Notify_Time,Investigat_Notify_Meth,Investigat_Arrv_Time,Report_Date,Investigat_Comp_Fl,Investigat_Agency_ID,Investigat_Area_ID,Investigat_District_ID,Investigat_Region_ID,Bridge_Detail_ID,Harm_Evnt_ID,Intrsct_Relat_ID,FHE_Collsn_ID,Obj_Struck_ID,Othr_Factr_ID,Road_Part_Adj_ID,Road_Cls_ID,Road_Relat_ID,Phys_Featr_1_ID,Phys_Featr_2_ID,Cnty_ID,City_ID,Latitude.1,Longitude.1,Hwy_Sys,Hwy_Nbr,Hwy_Sfx,Dfo,Street_Nbr,Control,Section,Milepoint,Ref_Mark_Nbr,Ref_Mark_Displ,Hwy_Sys_2,Hwy_Nbr_2,Hwy_Sfx_2,Street_Name_2,Street_Nbr_2,Control_2,Section_2,Milepoint_2,Txdot_Rptable_Fl,Onsys_Fl,Rural_Fl,Crash_Sev_ID,Pop_Group_ID,Located_Fl,Day_of_Week,Hwy_Dsgn_Lane_ID,Hwy_Dsgn_Hrt_ID,Hp_Shldr_Left,Hp_Shldr_Right,Hp_Median_Width,Base_Type_ID,Nbr_Of_Lane,Row_Width_Usual,Roadbed_Width,Surf_Width,Surf_Type_ID,Curb_Type_Left_ID,Curb_Type_Right_ID,Shldr_Type_Left_ID,Shldr_Width_Left,Shldr_Use_Left_ID,Shldr_Type_Right_ID,Shldr_Width_Right,Shldr_Use_Right_ID,Median_Type_ID,Median_Width,Rural_Urban_Type_ID,Func_Sys_ID,Adt_Curnt_Amt,Adt_Curnt_Year,Adt_Adj_Curnt_Amt,Pct_Single_Trk_Adt,Pct_Combo_Trk_Adt,Trk_Aadt_Pct,Curve_Type_ID,Curve_Lngth,Cd_Degr,Delta_Left_Right_ID,Dd_Degr,Feature_Crossed,Structure_Number,I_R_Min_Vert_Clear,Approach_Width,Bridge_Median_ID,Bridge_Loading_Type_ID,Bridge_Loading_In_1000_Lbs,Bridge_Srvc_Type_On_ID,Bridge_Srvc_Type_Under_ID,Culvert_Type_ID,Roadway_Width,Deck_Width,Bridge_Dir_Of_Traffic_ID,Bridge_Rte_Struct_Func_ID,Bridge_IR_Struct_Func_ID,CrossingNumber,RRCo,Poscrossing_ID,WDCode_ID,Standstop,Yield,Incap_Injry_Cnt.y,Nonincap_Injry_Cnt.y,Poss_Injry_Cnt.y,Non_Injry_Cnt.y,Unkn_Injry_Cnt.y,Tot_Injry_Cnt.y,Death_Cnt.y,MPO_ID,Unit_ID,Unit_Prsn_ID,Count,BikePath
W 6TH ST,AUS_1247199881,721,246,48,453,1200,3,4.85E+11,1500US484530012003,Block Group 3,G5030,S,278895,0,30.2745143,-97.7577556,12471998,AUS_12471998,30.27407094,-97.7606588,8,1,3,16,1,27,1,1,4,11,1,5,N,4,NA,NA,4,97,97,,,1,0,0,0,0,1,0,N,N,N,N,N,N,N,12/21/2011,6:30 PM,227,22,N,Y,NA,NA,19,NA,,1,1404,W,6TH,ST,N,N,30,N,N,,N,19,NA,,NA,,,OAKLAND,AVE,NA,NA,,,,NA,2,4,4,NA,1,2,1,6:31 PM,DISPATCH,6:35 PM,12/21/2011,Y,74,11,10,14,8,5,4,1,64,42,1,5,1,21,21,227,22,30.27407094,-97.7606588,,NA,NA,NA,1407,NA,NA,NA,NA,NA,,NA,NA,N/A,NA,NA,NA,NA,Y,N,N,1,9,Y,WED,NA,NA,NA,NA,NA,NA,NA,NA,NA,NA,NA,NA,NA,NA,NA,NA,NA,NA,NA,NA,NA,NA,NA,NA,NA,NA,NA,NA,NA,NA,NA,NA,NA,NA,NA,NA,NA,NA,NA,NA,NA,NA,NA,NA,NA,NA,NA,NA,NA,NA,NA,NA,NA,NA,NA,14,0,1,2,0,15,0,90,124719988,1247199881,26,Yes
W 6TH ST,AUS_1473774621,677,451,48,453,1200,2,4.85E+11,1500US484530012002,Block Group 2,G5030,S,1541732,189156,30.2719319,-97.7602566,14737746,AUS_14737746,30.27097478,-97.75250246,2,1,3,16,3,24,1,1,4,11,1,2,N,4,NA,NA,4,97,97,,,0,0,1,0,0,1,0,N,N,N,N,N,N,N,9/17/2015,7:37 PM,227,22,N,N,NA,NA,19,NA,,1,800,W,6TH,ST,N,N,35,N,N,,Y,19,NA,,1,500,N,BOWIE,ST,NA,NA,,,,NA,11,5,2,NA,1,1,5,7:38 PM,DISPATCH,7:44 PM,9/17/2015,Y,74,NA,NA,67,8,5,1,1,64,54,1,5,1,21,21,227,22,30.27097478,-97.75250246,,NA,NA,NA,844,NA,NA,NA,NA,NA,,NA,NA,BOWIE ST,NA,NA,NA,NA,Y,N,N,3,9,Y,THU,NA,NA,NA,NA,NA,NA,NA,NA,NA,NA,NA,NA,NA,NA,NA,NA,NA,NA,NA,NA,NA,NA,NA,NA,NA,NA,NA,NA,NA,NA,NA,NA,NA,NA,NA,NA,NA,NA,NA,NA,NA,NA,NA,NA,NA,NA,NA,NA,NA,NA,NA,NA,NA,NA,NA,0,0,1,1,0,1,0,90,NA,NA,26,Yes
W 6TH ST,AUS_1247199821,715,246,48,453,1200,3,4.85E+11,1500US484530012003,Block Group 3,G5030,S,278895,0,30.2745143,-97.7577556,12471998,AUS_12471998,30.27407094,-97.7606588,2,1,3,16,1,60,1,1,4,11,1,4,N,4,NA,NA,4,97,97,,,1,0,0,0,0,1,0,N,N,N,N,N,N,N,12/21/2011,6:30 PM,227,22,N,Y,NA,NA,19,NA,,1,1404,W,6TH,ST,N,N,30,N,N,,N,19,NA,,NA,,,OAKLAND,AVE,NA,NA,,,,NA,2,4,4,NA,1,2,1,6:31 PM,DISPATCH,6:35 PM,12/21/2011,Y,74,11,10,14,8,5,4,1,64,42,1,5,1,21,21,227,22,30.27407094,-97.7606588,,NA,NA,NA,1407,NA,NA,NA,NA,NA,,NA,NA,N/A,NA,NA,NA,NA,Y,N,N,1,9,Y,WED,NA,NA,NA,NA,NA,NA,NA,NA,NA,NA,NA,NA,NA,NA,NA,NA,NA,NA,NA,NA,NA,NA,NA,NA,NA,NA,NA,NA,NA,NA,NA,NA,NA,NA,NA,NA,NA,NA,NA,NA,NA,NA,NA,NA,NA,NA,NA,NA,NA,NA,NA,NA,NA,NA,NA,14,0,1,2,0,15,0,90,124719982,1247199821,26,Yes
W 6TH ST,AUS_1247199871,724,246,48,453,1200,3,4.85E+11,1500US484530012003,Block Group 3,G5030,S,278895,0,30.2745143,-97.7577556,12471998,AUS_12471998,30.27407094,-97.7606588,7,1,3,16,1,24,1,1,4,11,1,5,N,4,NA,NA,4,97,97,,,1,0,0,0,0,1,0,N,N,N,N,N,N,N,12/21/2011,6:30 PM,227,22,N,Y,NA,NA,19,NA,,1,1404,W,6TH,ST,N,N,30,N,N,,N,19,NA,,NA,,,OAKLAND,AVE,NA,NA,,,,NA,2,4,4,NA,1,2,1,6:31 PM,DISPATCH,6:35 PM,12/21/2011,Y,74,11,10,14,8,5,4,1,64,42,1,5,1,21,21,227,22,30.27407094,-97.7606588,,NA,NA,NA,1407,NA,NA,NA,NA,NA,,NA,NA,N/A,NA,NA,NA,NA,Y,N,N,1,9,Y,WED,NA,NA,NA,NA,NA,NA,NA,NA,NA,NA,NA,NA,NA,NA,NA,NA,NA,NA,NA,NA,NA,NA,NA,NA,NA,NA,NA,NA,NA,NA,NA,NA,NA,NA,NA,NA,NA,NA,NA,NA,NA,NA,NA,NA,NA,NA,NA,NA,NA,NA,NA,NA,NA,NA,NA,14,0,1,2,0,15,0,90,124719987,1247199871,26,Yes
W 6TH ST,AUS_1292157621,686,451,48,453,1200,2,4.85E+11,1500US484530012002,Block Group 2,G5030,S,1541732,189156,30.2719319,-97.7602566,12921576,AUS_12921576,30.27197991,-97.75513775,2,1,3,16,2,27,1,1,4,11,1,4,N,4,NA,NA,4,97,97,,,0,1,0,0,0,1,0,N,N,N,N,N,N,N,6/16/2012,2:21 AM,227,22,N,Y,30.27198,-97.75482,19,NA,,1,1000,W,6TH,ST,N,N,30,N,N,,N,19,NA,,NA,,,BAYLOR,ST,NA,NA,,,,NA,11,4,0,NA,1,1,20,2:21 AM,DISPATCH,2:25 AM,6/16/2012,Y,74,252,10,14,8,5,4,1,64,54,1,5,1,21,21,227,22,30.27197991,-97.75513775,,NA,NA,NA,1102,NA,NA,NA,NA,NA,,NA,NA,N/A,NA,NA,NA,NA,Y,N,N,2,9,Y,SAT,NA,NA,NA,NA,NA,NA,NA,NA,NA,NA,NA,NA,NA,NA,NA,NA,NA,NA,NA,NA,NA,NA,NA,NA,NA,NA,NA,NA,NA,NA,NA,NA,NA,NA,NA,NA,NA,NA,NA,NA,NA,NA,NA,NA,NA,NA,NA,NA,NA,NA,NA,NA,NA,NA,NA,0,4,0,0,1,4,0,90,129215762,1292157621,26,Yes
W 6TH ST,AUS_1247199851,718,246,48,453,1200,3,4.85E+11,1500US484530012003,Block Group 3,G5030,S,278895,0,30.2745143,-97.7577556,12471998,AUS_12471998,30.27407094,-97.7606588,5,1,3,16,1,31,1,2,4,11,1,5,N,4,NA,NA,4,97,97,,,1,0,0,0,0,1,0,N,N,N,N,N,N,N,12/21/2011,6:30 PM,227,22,N,Y,NA,NA,19,NA,,1,1404,W,6TH,ST,N,N,30,N,N,,N,19,NA,,NA,,,OAKLAND,AVE,NA,NA,,,,NA,2,4,4,NA,1,2,1,6:31 PM,DISPATCH,6:35 PM,12/21/2011,Y,74,11,10,14,8,5,4,1,64,42,1,5,1,21,21,227,22,30.27407094,-97.7606588,,NA,NA,NA,1407,NA,NA,NA,NA,NA,,NA,NA,N/A,NA,NA,NA,NA,Y,N,N,1,9,Y,WED,NA,NA,NA,NA,NA,NA,NA,NA,NA,NA,NA,NA,NA,NA,NA,NA,NA,NA,NA,NA,NA,NA,NA,NA,NA,NA,NA,NA,NA,NA,NA,NA,NA,NA,NA,NA,NA,NA,NA,NA,NA,NA,NA,NA,NA,NA,NA,NA,NA,NA,NA,NA,NA,NA,NA,14,0,1,2,0,15,0,90,124719985,1247199851,26,Yes
W 6TH ST,AUS_1198510421,746,451,48,453,1200,2,4.85E+11,1500US484530012002,Block Group 2,G5030,S,1541732,189156,30.2719319,-97.7602566,11985104,AUS_11985104,30.27632868,-97.76533735,2,1,3,16,2,NA,1,1,4,11,1,4,N,4,NA,NA,4,97,97,,,0,1,0,0,0,1,0,N,N,N,N,N,N,N,3/20/2011,1:02 AM,227,22,N,Y,NA,NA,19,NA,,1,1700,W,6TH,ST,N,N,35,N,N,,N,19,NA,,1,600,,AUGUSTA,AVE,NA,NA,,,,NA,11,4,0,NA,1,1,20,1:03 AM,DISPATCHED,1:09 AM,3/20/2011,Y,74,252,10,14,8,5,4,1,64,54,1,5,1,21,21,227,22,30.27632868,-97.76533735,,NA,NA,NA,1702,NA,NA,NA,NA,NA,,NA,NA,N/A,NA,NA,NA,NA,Y,N,N,2,9,Y,SUN,NA,NA,NA,NA,NA,NA,NA,NA,NA,NA,NA,NA,NA,NA,NA,NA,NA,NA,NA,NA,NA,NA,NA,NA,NA,NA,NA,NA,NA,NA,NA,NA,NA,NA,NA,NA,NA,NA,NA,NA,NA,NA,NA,NA,NA,NA,NA,NA,NA,NA,NA,NA,NA,NA,NA,0,2,0,0,1,2,0,90,119851042,1198510421,26,Yes
W 6TH ST,AUS_1247199831,714,246,48,453,1200,3,4.85E+11,1500US484530012003,Block Group 3,G5030,S,278895,0,30.2745143,-97.7577556,12471998,AUS_12471998,30.27407094,-97.7606588,3,1,3,16,1,29,1,1,4,11,1,5,N,4,NA,NA,4,97,97,,,1,0,0,0,0,1,0,N,N,N,N,N,N,N,12/21/2011,6:30 PM,227,22,N,Y,NA,NA,19,NA,,1,1404,W,6TH,ST,N,N,30,N,N,,N,19,NA,,NA,,,OAKLAND,AVE,NA,NA,,,,NA,2,4,4,NA,1,2,1,6:31 PM,DISPATCH,6:35 PM,12/21/2011,Y,74,11,10,14,8,5,4,1,64,42,1,5,1,21,21,227,22,30.27407094,-97.7606588,,NA,NA,NA,1407,NA,NA,NA,NA,NA,,NA,NA,N/A,NA,NA,NA,NA,Y,N,N,1,9,Y,WED,NA,NA,NA,NA,NA,NA,NA,NA,NA,NA,NA,NA,NA,NA,NA,NA,NA,NA,NA,NA,NA,NA,NA,NA,NA,NA,NA,NA,NA,NA,NA,NA,NA,NA,NA,NA,NA,NA,NA,NA,NA,NA,NA,NA,NA,NA,NA,NA,NA,NA,NA,NA,NA,NA,NA,14,0,1,2,0,15,0,90,124719983,1247199831,26,Yes
W 6TH ST,AUS_12471998121,725,246,48,453,1200,3,4.85E+11,1500US484530012003,Block Group 3,G5030,S,278895,0,30.2745143,-97.7577556,12471998,AUS_12471998,30.27407094,-97.7606588,12,1,3,16,1,28,1,1,4,11,1,5,N,4,NA,NA,4,97,97,,,1,0,0,0,0,1,0,N,N,N,N,N,N,N,12/21/2011,6:30 PM,227,22,N,Y,NA,NA,19,NA,,1,1404,W,6TH,ST,N,N,30,N,N,,N,19,NA,,NA,,,OAKLAND,AVE,NA,NA,,,,NA,2,4,4,NA,1,2,1,6:31 PM,DISPATCH,6:35 PM,12/21/2011,Y,74,11,10,14,8,5,4,1,64,42,1,5,1,21,21,227,22,30.27407094,-97.7606588,,NA,NA,NA,1407,NA,NA,NA,NA,NA,,NA,NA,N/A,NA,NA,NA,NA,Y,N,N,1,9,Y,WED,NA,NA,NA,NA,NA,NA,NA,NA,NA,NA,NA,NA,NA,NA,NA,NA,NA,NA,NA,NA,NA,NA,NA,NA,NA,NA,NA,NA,NA,NA,NA,NA,NA,NA,NA,NA,NA,NA,NA,NA,NA,NA,NA,NA,NA,NA,NA,NA,NA,NA,NA,NA,NA,NA,NA,14,0,1,2,0,15,0,90,1247199812,12471998121,26,Yes
W 6TH ST,AUS_12471998171,717,246,48,453,1200,3,4.85E+11,1500US484530012003,Block Group 3,G5030,S,278895,0,30.2745143,-97.7577556,12471998,AUS_12471998,30.27407094,-97.7606588,17,1,3,16,1,28,1,1,4,11,1,5,N,4,NA,NA,4,97,97,,,1,0,0,0,0,1,0,N,N,N,N,N,N,N,12/21/2011,6:30 PM,227,22,N,Y,NA,NA,19,NA,,1,1404,W,6TH,ST,N,N,30,N,N,,N,19,NA,,NA,,,OAKLAND,AVE,NA,NA,,,,NA,2,4,4,NA,1,2,1,6:31 PM,DISPATCH,6:35 PM,12/21/2011,Y,74,11,10,14,8,5,4,1,64,42,1,5,1,21,21,227,22,30.27407094,-97.7606588,,NA,NA,NA,1407,NA,NA,NA,NA,NA,,NA,NA,N/A,NA,NA,NA,NA,Y,N,N,1,9,Y,WED,NA,NA,NA,NA,NA,NA,NA,NA,NA,NA,NA,NA,NA,NA,NA,NA,NA,NA,NA,NA,NA,NA,NA,NA,NA,NA,NA,NA,NA,NA,NA,NA,NA,NA,NA,NA,NA,NA,NA,NA,NA,NA,NA,NA,NA,NA,NA,NA,NA,NA,NA,NA,NA,NA,NA,14,0,1,2,0,15,0,90,1247199817,12471998171,26,Yes
W 6TH ST,AUS_1239876021,667,433,48,453,1100,1,4.85E+11,1500US484530011001,Block Group 1,G5030,S,2044061,66635,30.2687002,-97.7433003,12398760,AUS_12398760,30.26993,-97.74951,2,1,3,16,2,53,1,1,4,11,1,4,N,4,NA,NA,4,97,97,,,0,1,0,0,0,1,0,N,N,N,N,N,N,N,10/1/2011,6:08 PM,227,22,N,Y,NA,NA,19,NA,,1,NA,,RIO GRANDE STW 6TH,,N,N,35,N,N,,Y,19,NA,,NA,,W,6TH,ST,NA,NA,,,,NA,11,1,0,NA,1,1,5,6:10 PM,RADIO,6:15 PM,10/1/2011,Y,74,NA,NA,126,8,5,1,2,64,54,1,5,1,21,21,227,22,30.26993,-97.74951,,NA,NA,NA,700,NA,NA,NA,NA,NA,,NA,NA,UNKNOWN,NA,NA,NA,NA,Y,N,N,2,9,Y,SAT,NA,NA,NA,NA,NA,NA,NA,NA,NA,NA,NA,NA,NA,NA,NA,NA,NA,NA,NA,NA,NA,NA,NA,NA,NA,NA,NA,NA,NA,NA,NA,NA,NA,NA,NA,NA,NA,NA,NA,NA,NA,NA,NA,NA,NA,NA,NA,NA,NA,NA,NA,NA,NA,NA,NA,0,1,0,3,0,1,0,90,123987602,1239876021,26,Yes
W 6TH ST,AUS_12471998101,723,246,48,453,1200,3,4.85E+11,1500US484530012003,Block Group 3,G5030,S,278895,0,30.2745143,-97.7577556,12471998,AUS_12471998,30.27407094,-97.7606588,10,1,3,16,5,27,1,1,4,11,1,5,N,4,NA,NA,4,97,97,,,0,0,0,1,0,0,0,N,N,N,N,N,N,N,12/21/2011,6:30 PM,227,22,N,Y,NA,NA,19,NA,,1,1404,W,6TH,ST,N,N,30,N,N,,N,19,NA,,NA,,,OAKLAND,AVE,NA,NA,,,,NA,2,4,4,NA,1,2,1,6:31 PM,DISPATCH,6:35 PM,12/21/2011,Y,74,11,10,14,8,5,4,1,64,42,1,5,1,21,21,227,22,30.27407094,-97.7606588,,NA,NA,NA,1407,NA,NA,NA,NA,NA,,NA,NA,N/A,NA,NA,NA,NA,Y,N,N,1,9,Y,WED,NA,NA,NA,NA,NA,NA,NA,NA,NA,NA,NA,NA,NA,NA,NA,NA,NA,NA,NA,NA,NA,NA,NA,NA,NA,NA,NA,NA,NA,NA,NA,NA,NA,NA,NA,NA,NA,NA,NA,NA,NA,NA,NA,NA,NA,NA,NA,NA,NA,NA,NA,NA,NA,NA,NA,14,0,1,2,0,15,0,90,1247199810,12471998101,26,Yes
W 6TH ST,AUS_12471998161,720,246,48,453,1200,3,4.85E+11,1500US484530012003,Block Group 3,G5030,S,278895,0,30.2745143,-97.7577556,12471998,AUS_12471998,30.27407094,-97.7606588,16,1,3,16,1,36,1,1,4,11,1,5,N,4,NA,NA,4,97,97,,,1,0,0,0,0,1,0,N,N,N,N,N,N,N,12/21/2011,6:30 PM,227,22,N,Y,NA,NA,19,NA,,1,1404,W,6TH,ST,N,N,30,N,N,,N,19,NA,,NA,,,OAKLAND,AVE,NA,NA,,,,NA,2,4,4,NA,1,2,1,6:31 PM,DISPATCH,6:35 PM,12/21/2011,Y,74,11,10,14,8,5,4,1,64,42,1,5,1,21,21,227,22,30.27407094,-97.7606588,,NA,NA,NA,1407,NA,NA,NA,NA,NA,,NA,NA,N/A,NA,NA,NA,NA,Y,N,N,1,9,Y,WED,NA,NA,NA,NA,NA,NA,NA,NA,NA,NA,NA,NA,NA,NA,NA,NA,NA,NA,NA,NA,NA,NA,NA,NA,NA,NA,NA,NA,NA,NA,NA,NA,NA,NA,NA,NA,NA,NA,NA,NA,NA,NA,NA,NA,NA,NA,NA,NA,NA,NA,NA,NA,NA,NA,NA,14,0,1,2,0,15,0,90,1247199816,12471998161,26,Yes
W 6TH ST,AUS_12471998141,727,246,48,453,1200,3,4.85E+11,1500US484530012003,Block Group 3,G5030,S,278895,0,30.2745143,-97.7577556,12471998,AUS_12471998,30.27407094,-97.7606588,14,1,3,16,1,37,1,1,4,11,1,5,N,4,NA,NA,4,97,97,,,1,0,0,0,0,1,0,N,N,N,N,N,N,N,12/21/2011,6:30 PM,227,22,N,Y,NA,NA,19,NA,,1,1404,W,6TH,ST,N,N,30,N,N,,N,19,NA,,NA,,,OAKLAND,AVE,NA,NA,,,,NA,2,4,4,NA,1,2,1,6:31 PM,DISPATCH,6:35 PM,12/21/2011,Y,74,11,10,14,8,5,4,1,64,42,1,5,1,21,21,227,22,30.27407094,-97.7606588,,NA,NA,NA,1407,NA,NA,NA,NA,NA,,NA,NA,N/A,NA,NA,NA,NA,Y,N,N,1,9,Y,WED,NA,NA,NA,NA,NA,NA,NA,NA,NA,NA,NA,NA,NA,NA,NA,NA,NA,NA,NA,NA,NA,NA,NA,NA,NA,NA,NA,NA,NA,NA,NA,NA,NA,NA,NA,NA,NA,NA,NA,NA,NA,NA,NA,NA,NA,NA,NA,NA,NA,NA,NA,NA,NA,NA,NA,14,0,1,2,0,15,0,90,1247199814,12471998141,26,Yes
W 6TH ST,AUS_1365653921,680,451,48,453,1200,2,4.85E+11,1500US484530012002,Block Group 2,G5030,S,1541732,189156,30.2719319,-97.7602566,13656539,AUS_13656539,30.27118973,-97.75307284,2,1,3,16,2,34,2,1,4,11,1,4,N,4,NA,NA,4,97,97,,,0,1,0,0,0,1,0,N,N,N,N,N,N,N,11/10/2013,2:35 AM,227,22,N,N,NA,NA,19,NA,,1,900,W,6TH,ST,N,N,35,N,N,,N,19,NA,,1,600,,HENDERSON,ST,NA,NA,,,,NA,11,4,0,NA,1,1,20,2:35 AM,DISPATCHED,2:55 AM,11/10/2013,Y,74,NA,115,144,8,5,2,1,64,3,1,5,1,21,21,227,22,30.27118973,-97.75307284,,NA,NA,NA,902,NA,NA,NA,NA,NA,,NA,NA,HENDERSON ST,NA,NA,NA,NA,Y,N,N,2,9,Y,SUN,NA,NA,NA,NA,NA,NA,NA,NA,NA,NA,NA,NA,NA,NA,NA,NA,NA,NA,NA,NA,NA,NA,NA,NA,NA,NA,NA,NA,NA,NA,NA,NA,NA,NA,NA,NA,NA,NA,NA,NA,NA,NA,NA,NA,NA,NA,NA,NA,NA,NA,NA,NA,NA,NA,NA,0,1,0,0,1,1,0,90,136565392,1365653921,26,Yes
W 6TH ST,AUS_1453007821,669,433,48,453,1100,1,4.85E+11,1500US484530011001,Block Group 1,G5030,S,2044061,66635,30.2687002,-97.7433003,14530078,AUS_14530078,30.27021631,-97.75054227,2,1,3,16,3,36,1,2,4,11,1,4,N,4,NA,NA,4,97,97,,,0,0,1,0,0,1,0,N,N,N,N,N,N,N,7/6/2015,11:54 PM,227,22,N,N,NA,NA,19,NA,,1,700,W,6TH,ST,N,N,30,N,N,,N,19,NA,,1,600,,WEST,AVE,NA,NA,,,,NA,11,4,4,NA,2,1,5,11:55 PM,DISPATCH,12:00 AM,7/7/2015,Y,74,NA,NA,67,8,5,2,1,64,54,1,5,1,21,21,227,22,30.27021631,-97.75054227,,NA,NA,NA,795,NA,NA,NA,NA,NA,,NA,NA,WEST AVE,NA,NA,NA,NA,Y,N,N,3,9,Y,MON,NA,NA,NA,NA,NA,NA,NA,NA,NA,NA,NA,NA,NA,NA,NA,NA,NA,NA,NA,NA,NA,NA,NA,NA,NA,NA,NA,NA,NA,NA,NA,NA,NA,NA,NA,NA,NA,NA,NA,NA,NA,NA,NA,NA,NA,NA,NA,NA,NA,NA,NA,NA,NA,NA,NA,0,0,1,1,0,1,0,90,NA,NA,26,Yes
W 6TH ST,AUS_1438594621,689,451,48,453,1200,2,4.85E+11,1500US484530012002,Block Group 2,G5030,S,1541732,189156,30.2719319,-97.7602566,14385946,AUS_14385946,30.27208677,-97.75544061,2,1,3,16,2,33,1,1,4,11,1,5,N,4,NA,NA,4,97,97,,,0,1,0,0,0,1,0,N,N,N,N,N,N,N,4/10/2015,6:22 PM,227,22,N,N,NA,NA,19,NA,,1,1100,W,6TH,ST,N,N,30,N,N,,N,19,NA,,1,500,,BAYLOR,ST,NA,NA,,,,NA,11,1,0,NA,1,1,16,6:24 PM,DISPATCH,6:27 PM,4/10/2015,Y,74,NA,NA,120,8,5,3,2,64,13,1,5,1,32,21,227,22,30.27208677,-97.75544061,,NA,NA,NA,1109,NA,NA,NA,NA,NA,,NA,NA,N/A,NA,NA,NA,NA,Y,N,N,2,9,Y,FRI,NA,NA,NA,NA,NA,NA,NA,NA,NA,NA,NA,NA,NA,NA,NA,NA,NA,NA,NA,NA,NA,NA,NA,NA,NA,NA,NA,NA,NA,NA,NA,NA,NA,NA,NA,NA,NA,NA,NA,NA,NA,NA,NA,NA,NA,NA,NA,NA,NA,NA,NA,NA,NA,NA,NA,0,1,0,1,0,1,0,90,NA,NA,26,Yes
W 6TH ST,AUS_12471998151,716,246,48,453,1200,3,4.85E+11,1500US484530012003,Block Group 3,G5030,S,278895,0,30.2745143,-97.7577556,12471998,AUS_12471998,30.27407094,-97.7606588,15,1,3,16,3,30,1,2,4,11,1,5,N,4,NA,NA,4,97,97,,,0,0,1,0,0,1,0,N,N,N,N,N,N,N,12/21/2011,6:30 PM,227,22,N,Y,NA,NA,19,NA,,1,1404,W,6TH,ST,N,N,30,N,N,,N,19,NA,,NA,,,OAKLAND,AVE,NA,NA,,,,NA,2,4,4,NA,1,2,1,6:31 PM,DISPATCH,6:35 PM,12/21/2011,Y,74,11,10,14,8,5,4,1,64,42,1,5,1,21,21,227,22,30.27407094,-97.7606588,,NA,NA,NA,1407,NA,NA,NA,NA,NA,,NA,NA,N/A,NA,NA,NA,NA,Y,N,N,1,9,Y,WED,NA,NA,NA,NA,NA,NA,NA,NA,NA,NA,NA,NA,NA,NA,NA,NA,NA,NA,NA,NA,NA,NA,NA,NA,NA,NA,NA,NA,NA,NA,NA,NA,NA,NA,NA,NA,NA,NA,NA,NA,NA,NA,NA,NA,NA,NA,NA,NA,NA,NA,NA,NA,NA,NA,NA,14,0,1,2,0,15,0,90,1247199815,12471998151,26,Yes